Goal,Diet Type,Workout Type,Day,Meal Type,Recipe,Calories (kcal),Protein (g),Carbs (g),Fats (g),Exercise Plan,Instruction,Beauty Goal,Beauty Drink Recommendation,Beauty Food Focus,Beauty Care Instruction,,,url
Weight Maintain,Vegetarian,Home,Day 13,Snack,Dal & Rice,583,33.1,24.9,23,HIIT,Weight Maintain focused training,Glowing Skin,Green tea,Leafy greens,Include antioxidants,,,https://tse2.mm.bing.net/th?q=Dal%20%26%20Rice%20food&w=400&h=400&c=7
Weight Gain,Vegetarian,Home,Day 20,Snack,Quinoa Salad,686,11.5,66.8,9.3,Yoga,Weight Gain focused training,Fresh Blood Circulation,Coconut water,Fruits & vegetables,Drink 2–3L water daily,,,https://tse2.mm.bing.net/th?q=Quinoa%20Salad%20food&w=400&h=400&c=7
Weight Maintain,Vegetarian,Hybrid,Day 30,Dinner,Dal & Rice,531,14,69.9,12.6,HIIT,Weight Maintain focused training,Clear Skin,Beetroot juice,Omega-3 rich foods,Avoid sugar & junk food,,,https://tse2.mm.bing.net/th?q=Dal%20%26%20Rice%20food&w=400&h=400&c=7
Weight Loss,Vegetarian,Hybrid,Day 21,Lunch,Quinoa Salad,357,29.1,55.2,28.6,Yoga,Weight Loss focused training,Glowing Skin,Beetroot juice,Fruits & vegetables,Sleep 7–8 hours,,,https://tse2.mm.bing.net/th?q=Quinoa%20Salad%20food&w=400&h=400&c=7
Weight Maintain,Non-Vegetarian,Hybrid,Day 21,Lunch,Fish Curry,530,30.4,49.8,7.5,Cardio,Weight Maintain focused training,Anti-Aging,Green tea,Citrus fruits,Daily face cleansing,,,https://tse2.mm.bing.net/th?q=Fish%20Curry%20food&w=400&h=400&c=7
Weight Loss,Vegan,Hybrid,Day 21,Snack,Tofu Stir Fry,346,40.6,78.1,15.9,Cardio,Weight Loss focused training,Clear Skin,Green tea,Fruits & vegetables,Include antioxidants,,,https://tse2.mm.bing.net/th?q=Tofu%20Stir%20Fry%20food&w=400&h=400&c=7
Weight Gain,Vegetarian,Hybrid,Day 5,Snack,Oats & Fruits,465,36.7,66.9,24.3,HIIT,Weight Gain focused training,Fresh Blood Circulation,Amla juice,Omega-3 rich foods,Daily face cleansing,,,https://tse2.mm.bing.net/th?q=Oats%20%26%20Fruits%20food&w=400&h=400&c=7
Weight Gain,Vegetarian,Home,Day 3,Snack,Veg Khichdi,460,23.8,57.3,15.8,Stretching,Weight Gain focused training,Anti-Aging,Carrot juice,Fruits & vegetables,Sleep 7–8 hours,,,https://tse2.mm.bing.net/th?q=Veg%20Khichdi%20food&w=400&h=400&c=7
Weight Gain,Vegetarian,Home,Day 29,Lunch,Quinoa Salad,547,36.4,36.9,18.6,Cardio,Weight Gain focused training,Fresh Blood Circulation,Beetroot juice,Fruits & vegetables,Include antioxidants,,,https://tse2.mm.bing.net/th?q=Quinoa%20Salad%20food&w=400&h=400&c=7
Weight Maintain,Vegetarian,Gym,Day 1,Dinner,Dal & Rice,523,21.3,78.3,29.5,Strength Training,Weight Maintain focused training,Reduce Pimples,Coconut water,Leafy greens,Sleep 7–8 hours,,,https://tse2.mm.bing.net/th?q=Dal%20%26%20Rice%20food&w=400&h=400&c=7
Weight Loss,Vegetarian,Home,Day 28,Lunch,Dal & Rice,344,28.7,59.3,27.9,Strength Training,Weight Loss focused training,Reduce Pimples,Green tea,Leafy greens,Regular exercise & sweating,,,https://tse2.mm.bing.net/th?q=Dal%20%26%20Rice%20food&w=400&h=400&c=7
Weight Maintain,Vegan,Gym,Day 3,Snack,Chickpea Salad,281,40.4,83.1,15.4,HIIT,Weight Maintain focused training,Glowing Skin,Green tea,Leafy greens,Include antioxidants,,,https://tse2.mm.bing.net/th?q=Chickpea%20Salad%20food&w=400&h=400&c=7
Weight Gain,Vegetarian,Hybrid,Day 11,Snack,Quinoa Salad,567,35.1,51,18.3,Stretching,Weight Gain focused training,Anti-Aging,Coconut water,Fruits & vegetables,Avoid sugar & junk food,,,https://tse2.mm.bing.net/th?q=Quinoa%20Salad%20food&w=400&h=400&c=7
Weight Gain,Non-Vegetarian,Hybrid,Day 6,Dinner,Chicken Rice,383,35.2,64.4,27.3,HIIT,Weight Gain focused training,Anti-Aging,Carrot juice,Nuts & seeds,Sleep 7–8 hours,,,https://tse2.mm.bing.net/th?q=Chicken%20Rice%20food&w=400&h=400&c=7
Weight Loss,Vegetarian,Hybrid,Day 19,Snack,Quinoa Salad,523,10.1,33.1,21.3,Strength Training,Weight Loss focused training,Fresh Blood Circulation,Coconut water,Leafy greens,Sleep 7–8 hours,,,https://tse2.mm.bing.net/th?q=Quinoa%20Salad%20food&w=400&h=400&c=7
Weight Loss,Vegan,Home,Day 2,Breakfast,Chickpea Salad,482,42.6,37.9,23.3,Yoga,Weight Loss focused training,Hair Growth,Green tea,Fruits & vegetables,Sleep 7–8 hours,,,https://tse2.mm.bing.net/th?q=Chickpea%20Salad%20food&w=400&h=400&c=7
Weight Gain,Vegan,Gym,Day 26,Snack,Tofu Stir Fry,582,18.9,79.2,23.2,Stretching,Weight Gain focused training,Anti-Aging,Carrot juice,Leafy greens,Sleep 7–8 hours,,,https://tse2.mm.bing.net/th?q=Tofu%20Stir%20Fry%20food&w=400&h=400&c=7
Weight Loss,Non-Vegetarian,Hybrid,Day 17,Lunch,Chicken Rice,506,33.9,55.3,26.7,Cardio,Weight Loss focused training,Glowing Skin,Beetroot juice,Citrus fruits,Regular exercise & sweating,,,https://tse2.mm.bing.net/th?q=Chicken%20Rice%20food&w=400&h=400&c=7
Weight Loss,Non-Vegetarian,Home,Day 2,Lunch,Fish Curry,427,12.7,48.5,13.3,Strength Training,Weight Loss focused training,Clear Skin,Turmeric milk,Nuts & seeds,Avoid sugar & junk food,,,https://tse2.mm.bing.net/th?q=Fish%20Curry%20food&w=400&h=400&c=7
Weight Loss,Vegan,Hybrid,Day 12,Snack,Tofu Stir Fry,576,17.8,85.8,12.1,Yoga,Weight Loss focused training,Reduce Pimples,Warm lemon water,Nuts & seeds,Include antioxidants,,,https://tse2.mm.bing.net/th?q=Tofu%20Stir%20Fry%20food&w=400&h=400&c=7
Weight Gain,Vegan,Hybrid,Day 29,Lunch,Chickpea Salad,366,22.7,31,20.4,Cardio,Weight Gain focused training,Reduce Pimples,Carrot juice,Nuts & seeds,Drink 2–3L water daily,,,https://tse2.mm.bing.net/th?q=Chickpea%20Salad%20food&w=400&h=400&c=7
Weight Maintain,Non-Vegetarian,Home,Day 11,Dinner,Grilled Chicken Salad,501,37,81,6.5,HIIT,Weight Maintain focused training,Reduce Pimples,Beetroot juice,Fruits & vegetables,Sleep 7–8 hours,,,https://tse2.mm.bing.net/th?q=Grilled%20Chicken%20Salad%20food&w=400&h=400&c=7
Weight Maintain,Vegan,Hybrid,Day 6,Breakfast,Chickpea Salad,469,23.5,54.2,24.6,HIIT,Weight Maintain focused training,Reduce Pimples,Amla juice,Nuts & seeds,Sleep 7–8 hours,,,https://tse2.mm.bing.net/th?q=Chickpea%20Salad%20food&w=400&h=400&c=7
Weight Loss,Vegetarian,Hybrid,Day 23,Dinner,Quinoa Salad,558,39.2,75.9,6.7,HIIT,Weight Loss focused training,Hair Growth,Warm lemon water,Fruits & vegetables,Avoid sugar & junk food,,,https://tse2.mm.bing.net/th?q=Quinoa%20Salad%20food&w=400&h=400&c=7
Weight Gain,Non-Vegetarian,Hybrid,Day 28,Dinner,Fish Curry,737,23,57,10.9,Strength Training,Weight Gain focused training,Reduce Pimples,Warm lemon water,Nuts & seeds,Daily face cleansing,,,https://tse2.mm.bing.net/th?q=Fish%20Curry%20food&w=400&h=400&c=7
Weight Loss,Non-Vegetarian,Gym,Day 26,Dinner,Grilled Chicken Salad,540,16.8,62.2,22,Strength Training,Weight Loss focused training,Glowing Skin,Carrot juice,Nuts & seeds,Include antioxidants,,,https://tse2.mm.bing.net/th?q=Grilled%20Chicken%20Salad%20food&w=400&h=400&c=7
Weight Gain,Non-Vegetarian,Hybrid,Day 9,Lunch,Fish Curry,722,44.5,83,6.7,Strength Training,Weight Gain focused training,Clear Skin,Green tea,Citrus fruits,Sleep 7–8 hours,,,https://tse2.mm.bing.net/th?q=Fish%20Curry%20food&w=400&h=400&c=7
Weight Gain,Vegetarian,Gym,Day 2,Breakfast,Veg Khichdi,662,35.8,56.7,12.1,Strength Training,Weight Gain focused training,Anti-Aging,Beetroot juice,Fruits & vegetables,Drink 2–3L water daily,,,https://tse2.mm.bing.net/th?q=Veg%20Khichdi%20food&w=400&h=400&c=7
Weight Loss,Non-Vegetarian,Gym,Day 30,Dinner,Egg Omelette,668,37.5,25.7,28.6,Stretching,Weight Loss focused training,Clear Skin,Turmeric milk,Fruits & vegetables,Regular exercise & sweating,,,https://tse2.mm.bing.net/th?q=Egg%20Omelette%20food&w=400&h=400&c=7
Weight Loss,Vegan,Hybrid,Day 5,Snack,Tofu Stir Fry,359,23.9,23.5,22.9,HIIT,Weight Loss focused training,Reduce Pimples,Amla juice,Fruits & vegetables,Sleep 7–8 hours,,,https://tse2.mm.bing.net/th?q=Tofu%20Stir%20Fry%20food&w=400&h=400&c=7
Weight Maintain,Non-Vegetarian,Gym,Day 8,Dinner,Grilled Chicken Salad,572,10.3,64.7,14.5,Yoga,Weight Maintain focused training,Hair Growth,Warm lemon water,Citrus fruits,Regular exercise & sweating,,,https://tse2.mm.bing.net/th?q=Grilled%20Chicken%20Salad%20food&w=400&h=400&c=7
Weight Maintain,Vegetarian,Hybrid,Day 11,Lunch,Veg Khichdi,422,29.1,84.2,8.4,Strength Training,Weight Maintain focused training,Anti-Aging,Warm lemon water,Omega-3 rich foods,Daily face cleansing,,,https://tse2.mm.bing.net/th?q=Veg%20Khichdi%20food&w=400&h=400&c=7
Weight Maintain,Non-Vegetarian,Home,Day 26,Dinner,Fish Curry,627,19.1,49.7,21.4,HIIT,Weight Maintain focused training,Reduce Pimples,Amla juice,Citrus fruits,Regular exercise & sweating,,,https://tse2.mm.bing.net/th?q=Fish%20Curry%20food&w=400&h=400&c=7
Weight Loss,Vegetarian,Gym,Day 8,Snack,Veg Khichdi,443,22.7,54.8,5,HIIT,Weight Loss focused training,Anti-Aging,Beetroot juice,Fruits & vegetables,Regular exercise & sweating,,,https://tse2.mm.bing.net/th?q=Veg%20Khichdi%20food&w=400&h=400&c=7
Weight Loss,Vegetarian,Home,Day 4,Snack,Oats & Fruits,257,17.4,41.3,25.9,HIIT,Weight Loss focused training,Fresh Blood Circulation,Green tea,Citrus fruits,Sleep 7–8 hours,,,https://tse2.mm.bing.net/th?q=Oats%20%26%20Fruits%20food&w=400&h=400&c=7
Weight Loss,Vegetarian,Home,Day 17,Breakfast,Dal & Rice,509,41.1,54.2,28.5,Stretching,Weight Loss focused training,Anti-Aging,Coconut water,Nuts & seeds,Drink 2–3L water daily,,,https://tse2.mm.bing.net/th?q=Dal%20%26%20Rice%20food&w=400&h=400&c=7
Weight Loss,Vegetarian,Gym,Day 18,Snack,Dal & Rice,599,29.8,74.5,28.8,Stretching,Weight Loss focused training,Fresh Blood Circulation,Beetroot juice,Omega-3 rich foods,Avoid sugar & junk food,,,https://tse2.mm.bing.net/th?q=Dal%20%26%20Rice%20food&w=400&h=400&c=7
Weight Gain,Vegan,Home,Day 11,Breakfast,Lentil Soup,410,18.4,57,12.4,Stretching,Weight Gain focused training,Reduce Pimples,Warm lemon water,Citrus fruits,Include antioxidants,,,https://tse2.mm.bing.net/th?q=Lentil%20Soup%20food&w=400&h=400&c=7
Weight Loss,Vegetarian,Home,Day 5,Dinner,Quinoa Salad,705,35.4,47.9,23.1,Yoga,Weight Loss focused training,Reduce Pimples,Amla juice,Citrus fruits,Drink 2–3L water daily,,,https://tse2.mm.bing.net/th?q=Quinoa%20Salad%20food&w=400&h=400&c=7
Weight Gain,Vegetarian,Hybrid,Day 22,Breakfast,Oats & Fruits,370,13.2,21.7,27.7,HIIT,Weight Gain focused training,Hair Growth,Turmeric milk,Citrus fruits,Daily face cleansing,,,https://tse2.mm.bing.net/th?q=Oats%20%26%20Fruits%20food&w=400&h=400&c=7
Weight Gain,Non-Vegetarian,Hybrid,Day 23,Snack,Egg Omelette,746,37.2,34,15.2,Cardio,Weight Gain focused training,Hair Growth,Carrot juice,Leafy greens,Avoid sugar & junk food,,,https://tse2.mm.bing.net/th?q=Egg%20Omelette%20food&w=400&h=400&c=7
Weight Loss,Vegetarian,Hybrid,Day 10,Dinner,Quinoa Salad,383,33.2,65.5,15,Yoga,Weight Loss focused training,Fresh Blood Circulation,Warm lemon water,Fruits & vegetables,Regular exercise & sweating,,,https://tse2.mm.bing.net/th?q=Quinoa%20Salad%20food&w=400&h=400&c=7
Weight Loss,Non-Vegetarian,Hybrid,Day 3,Snack,Chicken Rice,267,23.4,27,25,Strength Training,Weight Loss focused training,Clear Skin,Amla juice,Fruits & vegetables,Sleep 7–8 hours,,,https://tse2.mm.bing.net/th?q=Chicken%20Rice%20food&w=400&h=400&c=7
Weight Loss,Vegetarian,Hybrid,Day 13,Lunch,Dal & Rice,598,34.6,89.6,19.8,Strength Training,Weight Loss focused training,Fresh Blood Circulation,Beetroot juice,Omega-3 rich foods,Drink 2–3L water daily,,,https://tse2.mm.bing.net/th?q=Dal%20%26%20Rice%20food&w=400&h=400&c=7
Weight Gain,Non-Vegetarian,Home,Day 4,Breakfast,Fish Curry,661,28.2,24.9,24.1,Yoga,Weight Gain focused training,Fresh Blood Circulation,Warm lemon water,Leafy greens,Sleep 7–8 hours,,,https://tse2.mm.bing.net/th?q=Fish%20Curry%20food&w=400&h=400&c=7
Weight Loss,Vegetarian,Hybrid,Day 24,Breakfast,Paneer Bowl,385,24.6,72.6,10.4,Stretching,Weight Loss focused training,Glowing Skin,Amla juice,Omega-3 rich foods,Daily face cleansing,,,https://tse2.mm.bing.net/th?q=Paneer%20Bowl%20food&w=400&h=400&c=7
Weight Loss,Vegan,Home,Day 12,Dinner,Chickpea Salad,668,18.9,63.2,10.7,Yoga,Weight Loss focused training,Clear Skin,Turmeric milk,Citrus fruits,Include antioxidants,,,https://tse2.mm.bing.net/th?q=Chickpea%20Salad%20food&w=400&h=400&c=7
Weight Gain,Non-Vegetarian,Gym,Day 2,Dinner,Fish Curry,341,39.2,27.2,28.5,Stretching,Weight Gain focused training,Fresh Blood Circulation,Warm lemon water,Leafy greens,Include antioxidants,,,https://tse2.mm.bing.net/th?q=Fish%20Curry%20food&w=400&h=400&c=7
Weight Maintain,Vegan,Gym,Day 27,Dinner,Vegan Smoothie,284,19.5,45.7,14.7,Stretching,Weight Maintain focused training,Glowing Skin,Carrot juice,Leafy greens,Regular exercise & sweating,,,https://tse2.mm.bing.net/th?q=Vegan%20Smoothie%20food&w=400&h=400&c=7
Weight Maintain,Vegan,Home,Day 10,Breakfast,Chickpea Salad,544,17.7,22,21.8,Stretching,Weight Maintain focused training,Hair Growth,Beetroot juice,Fruits & vegetables,Include antioxidants,,,https://tse2.mm.bing.net/th?q=Chickpea%20Salad%20food&w=400&h=400&c=7
Weight Maintain,Vegan,Home,Day 5,Snack,Lentil Soup,273,44.2,54.7,23.3,Strength Training,Weight Maintain focused training,Fresh Blood Circulation,Turmeric milk,Nuts & seeds,Avoid sugar & junk food,,,https://tse2.mm.bing.net/th?q=Lentil%20Soup%20food&w=400&h=400&c=7
Weight Maintain,Vegan,Gym,Day 17,Snack,Vegan Smoothie,535,43.6,76.4,11.7,Yoga,Weight Maintain focused training,Glowing Skin,Coconut water,Omega-3 rich foods,Sleep 7–8 hours,,,https://tse2.mm.bing.net/th?q=Vegan%20Smoothie%20food&w=400&h=400&c=7
Weight Loss,Vegetarian,Home,Day 16,Dinner,Oats & Fruits,274,36.2,28.5,29.7,Cardio,Weight Loss focused training,Reduce Pimples,Coconut water,Citrus fruits,Daily face cleansing,,,https://tse2.mm.bing.net/th?q=Oats%20%26%20Fruits%20food&w=400&h=400&c=7
Weight Maintain,Vegetarian,Hybrid,Day 4,Breakfast,Paneer Bowl,623,32.5,42.6,16.1,Yoga,Weight Maintain focused training,Glowing Skin,Warm lemon water,Nuts & seeds,Regular exercise & sweating,,,https://tse2.mm.bing.net/th?q=Paneer%20Bowl%20food&w=400&h=400&c=7
Weight Loss,Vegetarian,Hybrid,Day 4,Snack,Oats & Fruits,474,12.2,60.7,21.8,Cardio,Weight Loss focused training,Fresh Blood Circulation,Turmeric milk,Omega-3 rich foods,Daily face cleansing,,,https://tse2.mm.bing.net/th?q=Oats%20%26%20Fruits%20food&w=400&h=400&c=7
Weight Loss,Vegetarian,Home,Day 9,Breakfast,Paneer Bowl,372,44.5,20.4,25.2,Strength Training,Weight Loss focused training,Hair Growth,Beetroot juice,Nuts & seeds,Daily face cleansing,,,https://tse2.mm.bing.net/th?q=Paneer%20Bowl%20food&w=400&h=400&c=7
Weight Loss,Non-Vegetarian,Home,Day 4,Dinner,Egg Omelette,471,35.4,79,20.8,Cardio,Weight Loss focused training,Fresh Blood Circulation,Coconut water,Leafy greens,Sleep 7–8 hours,,,https://tse2.mm.bing.net/th?q=Egg%20Omelette%20food&w=400&h=400&c=7
Weight Maintain,Vegan,Home,Day 22,Lunch,Vegan Smoothie,345,22.9,54.1,27.5,Cardio,Weight Maintain focused training,Clear Skin,Amla juice,Omega-3 rich foods,Regular exercise & sweating,,,https://tse2.mm.bing.net/th?q=Vegan%20Smoothie%20food&w=400&h=400&c=7
Weight Loss,Vegetarian,Home,Day 19,Breakfast,Oats & Fruits,654,20.1,70.1,14,Strength Training,Weight Loss focused training,Fresh Blood Circulation,Green tea,Fruits & vegetables,Daily face cleansing,,,https://tse2.mm.bing.net/th?q=Oats%20%26%20Fruits%20food&w=400&h=400&c=7
Weight Maintain,Non-Vegetarian,Home,Day 29,Lunch,Chicken Rice,298,43.7,74,17.1,Yoga,Weight Maintain focused training,Glowing Skin,Beetroot juice,Citrus fruits,Sleep 7–8 hours,,,https://tse2.mm.bing.net/th?q=Chicken%20Rice%20food&w=400&h=400&c=7
Weight Maintain,Non-Vegetarian,Home,Day 28,Dinner,Chicken Rice,482,12.6,84.1,16.7,Strength Training,Weight Maintain focused training,Fresh Blood Circulation,Coconut water,Nuts & seeds,Drink 2–3L water daily,,,https://tse2.mm.bing.net/th?q=Chicken%20Rice%20food&w=400&h=400&c=7
Weight Gain,Vegan,Gym,Day 13,Lunch,Tofu Stir Fry,633,40.7,24.3,25.6,Cardio,Weight Gain focused training,Glowing Skin,Carrot juice,Omega-3 rich foods,Include antioxidants,,,https://tse2.mm.bing.net/th?q=Tofu%20Stir%20Fry%20food&w=400&h=400&c=7
Weight Maintain,Non-Vegetarian,Hybrid,Day 16,Dinner,Chicken Rice,348,18.1,67.1,21.2,Cardio,Weight Maintain focused training,Clear Skin,Coconut water,Omega-3 rich foods,Sleep 7–8 hours,,,https://tse2.mm.bing.net/th?q=Chicken%20Rice%20food&w=400&h=400&c=7
Weight Loss,Vegetarian,Hybrid,Day 6,Dinner,Paneer Bowl,346,29.3,72.2,12.2,HIIT,Weight Loss focused training,Glowing Skin,Turmeric milk,Citrus fruits,Include antioxidants,,,https://tse2.mm.bing.net/th?q=Paneer%20Bowl%20food&w=400&h=400&c=7
Weight Gain,Vegetarian,Gym,Day 28,Breakfast,Oats & Fruits,251,11.5,47.4,9.5,Stretching,Weight Gain focused training,Hair Growth,Warm lemon water,Nuts & seeds,Regular exercise & sweating,,,https://tse2.mm.bing.net/th?q=Oats%20%26%20Fruits%20food&w=400&h=400&c=7
Weight Loss,Vegan,Gym,Day 23,Dinner,Chickpea Salad,603,21.2,48.4,11.1,Cardio,Weight Loss focused training,Reduce Pimples,Amla juice,Omega-3 rich foods,Regular exercise & sweating,,,https://tse2.mm.bing.net/th?q=Chickpea%20Salad%20food&w=400&h=400&c=7
Weight Loss,Non-Vegetarian,Hybrid,Day 23,Dinner,Chicken Rice,463,21.6,88.3,7,Stretching,Weight Loss focused training,Reduce Pimples,Warm lemon water,Nuts & seeds,Drink 2–3L water daily,,,https://tse2.mm.bing.net/th?q=Chicken%20Rice%20food&w=400&h=400&c=7
Weight Gain,Vegetarian,Home,Day 28,Lunch,Quinoa Salad,728,29.8,65.6,28.1,Cardio,Weight Gain focused training,Anti-Aging,Green tea,Omega-3 rich foods,Sleep 7–8 hours,,,https://tse2.mm.bing.net/th?q=Quinoa%20Salad%20food&w=400&h=400&c=7
Weight Maintain,Vegan,Home,Day 1,Snack,Chickpea Salad,729,44.2,33.7,5.2,Cardio,Weight Maintain focused training,Reduce Pimples,Turmeric milk,Nuts & seeds,Daily face cleansing,,,https://tse2.mm.bing.net/th?q=Chickpea%20Salad%20food&w=400&h=400&c=7
Weight Maintain,Vegan,Home,Day 4,Snack,Tofu Stir Fry,422,38.9,30.3,27.5,Yoga,Weight Maintain focused training,Clear Skin,Amla juice,Citrus fruits,Sleep 7–8 hours,,,https://tse2.mm.bing.net/th?q=Tofu%20Stir%20Fry%20food&w=400&h=400&c=7
Weight Maintain,Non-Vegetarian,Gym,Day 14,Snack,Chicken Rice,379,27.3,72.5,19,Cardio,Weight Maintain focused training,Reduce Pimples,Carrot juice,Nuts & seeds,Avoid sugar & junk food,,,https://tse2.mm.bing.net/th?q=Chicken%20Rice%20food&w=400&h=400&c=7
Weight Gain,Vegan,Hybrid,Day 21,Lunch,Chickpea Salad,625,20,89.9,10,Strength Training,Weight Gain focused training,Hair Growth,Beetroot juice,Fruits & vegetables,Drink 2–3L water daily,,,https://tse2.mm.bing.net/th?q=Chickpea%20Salad%20food&w=400&h=400&c=7
Weight Loss,Vegan,Gym,Day 21,Dinner,Tofu Stir Fry,616,27.5,38.4,24.5,Strength Training,Weight Loss focused training,Fresh Blood Circulation,Carrot juice,Citrus fruits,Daily face cleansing,,,https://tse2.mm.bing.net/th?q=Tofu%20Stir%20Fry%20food&w=400&h=400&c=7
Weight Maintain,Vegan,Home,Day 20,Dinner,Vegan Smoothie,598,22.6,73.8,18.4,Cardio,Weight Maintain focused training,Reduce Pimples,Warm lemon water,Citrus fruits,Daily face cleansing,,,https://tse2.mm.bing.net/th?q=Vegan%20Smoothie%20food&w=400&h=400&c=7
Weight Maintain,Non-Vegetarian,Hybrid,Day 3,Lunch,Grilled Chicken Salad,254,44,32.2,20,Strength Training,Weight Maintain focused training,Fresh Blood Circulation,Turmeric milk,Leafy greens,Regular exercise & sweating,,,https://tse2.mm.bing.net/th?q=Grilled%20Chicken%20Salad%20food&w=400&h=400&c=7
Weight Maintain,Vegetarian,Home,Day 14,Dinner,Dal & Rice,295,16.7,74.1,26.8,Cardio,Weight Maintain focused training,Hair Growth,Beetroot juice,Omega-3 rich foods,Regular exercise & sweating,,,https://tse2.mm.bing.net/th?q=Dal%20%26%20Rice%20food&w=400&h=400&c=7
Weight Gain,Non-Vegetarian,Home,Day 17,Breakfast,Chicken Rice,517,11.9,87.6,19.7,HIIT,Weight Gain focused training,Reduce Pimples,Warm lemon water,Leafy greens,Drink 2–3L water daily,,,https://tse2.mm.bing.net/th?q=Chicken%20Rice%20food&w=400&h=400&c=7
Weight Gain,Vegetarian,Home,Day 15,Snack,Quinoa Salad,457,32.3,27.5,16,Cardio,Weight Gain focused training,Clear Skin,Amla juice,Fruits & vegetables,Avoid sugar & junk food,,,https://tse2.mm.bing.net/th?q=Quinoa%20Salad%20food&w=400&h=400&c=7
Weight Loss,Vegetarian,Gym,Day 5,Lunch,Dal & Rice,428,10.4,43,14.3,Yoga,Weight Loss focused training,Reduce Pimples,Warm lemon water,Nuts & seeds,Regular exercise & sweating,,,https://tse2.mm.bing.net/th?q=Dal%20%26%20Rice%20food&w=400&h=400&c=7
Weight Gain,Vegan,Hybrid,Day 1,Dinner,Vegan Smoothie,259,31.3,28.8,13.9,HIIT,Weight Gain focused training,Reduce Pimples,Turmeric milk,Nuts & seeds,Daily face cleansing,,,https://tse2.mm.bing.net/th?q=Vegan%20Smoothie%20food&w=400&h=400&c=7
Weight Loss,Vegan,Gym,Day 14,Breakfast,Vegan Smoothie,267,41.6,20.8,9,Cardio,Weight Loss focused training,Hair Growth,Turmeric milk,Citrus fruits,Drink 2–3L water daily,,,https://tse2.mm.bing.net/th?q=Vegan%20Smoothie%20food&w=400&h=400&c=7
Weight Loss,Vegetarian,Home,Day 15,Snack,Dal & Rice,529,42.7,81.7,13.7,Yoga,Weight Loss focused training,Hair Growth,Beetroot juice,Leafy greens,Regular exercise & sweating,,,https://tse2.mm.bing.net/th?q=Dal%20%26%20Rice%20food&w=400&h=400&c=7
Weight Loss,Vegan,Hybrid,Day 15,Lunch,Vegan Smoothie,552,31.1,63.9,6.7,Yoga,Weight Loss focused training,Anti-Aging,Amla juice,Citrus fruits,Sleep 7–8 hours,,,https://tse2.mm.bing.net/th?q=Vegan%20Smoothie%20food&w=400&h=400&c=7
Weight Loss,Vegan,Hybrid,Day 22,Breakfast,Lentil Soup,420,35.9,42.3,27.1,Cardio,Weight Loss focused training,Glowing Skin,Carrot juice,Omega-3 rich foods,Drink 2–3L water daily,,,https://tse2.mm.bing.net/th?q=Lentil%20Soup%20food&w=400&h=400&c=7
Weight Maintain,Non-Vegetarian,Home,Day 2,Breakfast,Fish Curry,445,24,64.7,29.2,Stretching,Weight Maintain focused training,Anti-Aging,Coconut water,Leafy greens,Regular exercise & sweating,,,https://tse2.mm.bing.net/th?q=Fish%20Curry%20food&w=400&h=400&c=7
Weight Maintain,Vegan,Home,Day 1,Breakfast,Tofu Stir Fry,466,43.8,64.9,13.3,Stretching,Weight Maintain focused training,Anti-Aging,Amla juice,Citrus fruits,Sleep 7–8 hours,,,https://tse2.mm.bing.net/th?q=Tofu%20Stir%20Fry%20food&w=400&h=400&c=7
Weight Loss,Vegan,Gym,Day 18,Lunch,Tofu Stir Fry,497,27.7,67.5,23,Stretching,Weight Loss focused training,Hair Growth,Amla juice,Citrus fruits,Avoid sugar & junk food,,,https://tse2.mm.bing.net/th?q=Tofu%20Stir%20Fry%20food&w=400&h=400&c=7
Weight Maintain,Non-Vegetarian,Hybrid,Day 16,Breakfast,Grilled Chicken Salad,533,32.9,74.8,9.5,HIIT,Weight Maintain focused training,Clear Skin,Amla juice,Fruits & vegetables,Avoid sugar & junk food,,,https://tse2.mm.bing.net/th?q=Grilled%20Chicken%20Salad%20food&w=400&h=400&c=7
Weight Loss,Vegetarian,Gym,Day 9,Breakfast,Quinoa Salad,368,27.9,41.5,19.6,HIIT,Weight Loss focused training,Anti-Aging,Coconut water,Fruits & vegetables,Drink 2–3L water daily,,,https://tse2.mm.bing.net/th?q=Quinoa%20Salad%20food&w=400&h=400&c=7
Weight Gain,Non-Vegetarian,Gym,Day 2,Breakfast,Grilled Chicken Salad,696,37,61.4,11.4,Stretching,Weight Gain focused training,Reduce Pimples,Green tea,Citrus fruits,Regular exercise & sweating,,,https://tse2.mm.bing.net/th?q=Grilled%20Chicken%20Salad%20food&w=400&h=400&c=7
Weight Maintain,Vegan,Gym,Day 13,Breakfast,Vegan Smoothie,535,31.4,65,10.8,Strength Training,Weight Maintain focused training,Clear Skin,Turmeric milk,Omega-3 rich foods,Sleep 7–8 hours,,,https://tse2.mm.bing.net/th?q=Vegan%20Smoothie%20food&w=400&h=400&c=7
Weight Maintain,Vegan,Home,Day 25,Lunch,Chickpea Salad,536,17.8,47.7,15.7,Yoga,Weight Maintain focused training,Reduce Pimples,Coconut water,Citrus fruits,Regular exercise & sweating,,,https://tse2.mm.bing.net/th?q=Chickpea%20Salad%20food&w=400&h=400&c=7
Weight Loss,Vegetarian,Gym,Day 24,Lunch,Veg Khichdi,690,44.5,71.5,13.6,HIIT,Weight Loss focused training,Clear Skin,Amla juice,Leafy greens,Drink 2–3L water daily,,,https://tse2.mm.bing.net/th?q=Veg%20Khichdi%20food&w=400&h=400&c=7
Weight Gain,Non-Vegetarian,Gym,Day 20,Snack,Fish Curry,566,44.3,30.6,22,Strength Training,Weight Gain focused training,Glowing Skin,Turmeric milk,Citrus fruits,Daily face cleansing,,,https://tse2.mm.bing.net/th?q=Fish%20Curry%20food&w=400&h=400&c=7
Weight Gain,Non-Vegetarian,Gym,Day 11,Dinner,Egg Omelette,384,28,84.7,19.5,Cardio,Weight Gain focused training,Reduce Pimples,Beetroot juice,Nuts & seeds,Sleep 7–8 hours,,,https://tse2.mm.bing.net/th?q=Egg%20Omelette%20food&w=400&h=400&c=7
Weight Loss,Vegetarian,Gym,Day 26,Snack,Veg Khichdi,721,32.2,30.3,26.9,HIIT,Weight Loss focused training,Reduce Pimples,Coconut water,Omega-3 rich foods,Daily face cleansing,,,https://tse2.mm.bing.net/th?q=Veg%20Khichdi%20food&w=400&h=400&c=7
Weight Loss,Vegan,Gym,Day 28,Lunch,Vegan Smoothie,628,21.3,62,15,Stretching,Weight Loss focused training,Glowing Skin,Amla juice,Fruits & vegetables,Avoid sugar & junk food,,,https://tse2.mm.bing.net/th?q=Vegan%20Smoothie%20food&w=400&h=400&c=7
Weight Loss,Vegan,Home,Day 11,Lunch,Chickpea Salad,262,36.3,55.9,16.7,Yoga,Weight Loss focused training,Glowing Skin,Turmeric milk,Omega-3 rich foods,Include antioxidants,,,https://tse2.mm.bing.net/th?q=Chickpea%20Salad%20food&w=400&h=400&c=7
Weight Loss,Non-Vegetarian,Home,Day 13,Breakfast,Fish Curry,656,16.7,74,10.9,Strength Training,Weight Loss focused training,Reduce Pimples,Beetroot juice,Omega-3 rich foods,Drink 2–3L water daily,,,https://tse2.mm.bing.net/th?q=Fish%20Curry%20food&w=400&h=400&c=7
Weight Maintain,Vegetarian,Gym,Day 25,Breakfast,Veg Khichdi,576,10.5,20.1,11,Cardio,Weight Maintain focused training,Clear Skin,Turmeric milk,Citrus fruits,Daily face cleansing,,,https://tse2.mm.bing.net/th?q=Veg%20Khichdi%20food&w=400&h=400&c=7
Weight Loss,Vegetarian,Gym,Day 20,Breakfast,Paneer Bowl,420,35.1,44,12,Stretching,Weight Loss focused training,Clear Skin,Coconut water,Citrus fruits,Avoid sugar & junk food,,,https://tse2.mm.bing.net/th?q=Paneer%20Bowl%20food&w=400&h=400&c=7
Weight Gain,Vegetarian,Hybrid,Day 25,Dinner,Quinoa Salad,649,21,51.8,10.5,HIIT,Weight Gain focused training,Hair Growth,Coconut water,Leafy greens,Regular exercise & sweating,,,https://tse2.mm.bing.net/th?q=Quinoa%20Salad%20food&w=400&h=400&c=7
Weight Loss,Non-Vegetarian,Home,Day 12,Dinner,Grilled Chicken Salad,252,37.6,28,16.6,HIIT,Weight Loss focused training,Anti-Aging,Coconut water,Citrus fruits,Drink 2–3L water daily,,,https://tse2.mm.bing.net/th?q=Grilled%20Chicken%20Salad%20food&w=400&h=400&c=7
Weight Loss,Vegetarian,Home,Day 21,Dinner,Oats & Fruits,623,38.5,22.7,14.7,Strength Training,Weight Loss focused training,Clear Skin,Green tea,Fruits & vegetables,Include antioxidants,,,https://tse2.mm.bing.net/th?q=Oats%20%26%20Fruits%20food&w=400&h=400&c=7
Weight Gain,Non-Vegetarian,Home,Day 16,Dinner,Grilled Chicken Salad,652,35.9,58.6,19.7,Yoga,Weight Gain focused training,Hair Growth,Green tea,Fruits & vegetables,Avoid sugar & junk food,,,https://tse2.mm.bing.net/th?q=Grilled%20Chicken%20Salad%20food&w=400&h=400&c=7
Weight Maintain,Vegetarian,Hybrid,Day 2,Snack,Dal & Rice,593,27.4,56.7,21.6,Cardio,Weight Maintain focused training,Glowing Skin,Amla juice,Nuts & seeds,Drink 2–3L water daily,,,https://tse2.mm.bing.net/th?q=Dal%20%26%20Rice%20food&w=400&h=400&c=7
Weight Loss,Vegan,Home,Day 7,Dinner,Chickpea Salad,557,15.4,72,26.1,HIIT,Weight Loss focused training,Reduce Pimples,Turmeric milk,Fruits & vegetables,Drink 2–3L water daily,,,https://tse2.mm.bing.net/th?q=Chickpea%20Salad%20food&w=400&h=400&c=7
Weight Loss,Non-Vegetarian,Gym,Day 23,Lunch,Fish Curry,702,16.7,82.4,20.9,Stretching,Weight Loss focused training,Anti-Aging,Coconut water,Fruits & vegetables,Drink 2–3L water daily,,,https://tse2.mm.bing.net/th?q=Fish%20Curry%20food&w=400&h=400&c=7
Weight Gain,Vegan,Hybrid,Day 15,Lunch,Chickpea Salad,742,17.4,87,29.6,Stretching,Weight Gain focused training,Clear Skin,Turmeric milk,Leafy greens,Sleep 7–8 hours,,,https://tse2.mm.bing.net/th?q=Chickpea%20Salad%20food&w=400&h=400&c=7
Weight Maintain,Vegetarian,Gym,Day 14,Lunch,Quinoa Salad,738,25.6,30.1,13.1,HIIT,Weight Maintain focused training,Fresh Blood Circulation,Coconut water,Leafy greens,Daily face cleansing,,,https://tse2.mm.bing.net/th?q=Quinoa%20Salad%20food&w=400&h=400&c=7
Weight Loss,Vegan,Hybrid,Day 24,Lunch,Lentil Soup,666,31.6,69.5,9.2,Strength Training,Weight Loss focused training,Hair Growth,Beetroot juice,Fruits & vegetables,Drink 2–3L water daily,,,https://tse2.mm.bing.net/th?q=Lentil%20Soup%20food&w=400&h=400&c=7
Weight Gain,Non-Vegetarian,Hybrid,Day 18,Lunch,Chicken Rice,742,12.6,79,28.7,Cardio,Weight Gain focused training,Glowing Skin,Amla juice,Nuts & seeds,Daily face cleansing,,,https://tse2.mm.bing.net/th?q=Chicken%20Rice%20food&w=400&h=400&c=7
Weight Loss,Vegetarian,Home,Day 13,Snack,Dal & Rice,303,36.5,24.6,5.4,Yoga,Weight Loss focused training,Clear Skin,Green tea,Leafy greens,Avoid sugar & junk food,,,https://tse2.mm.bing.net/th?q=Dal%20%26%20Rice%20food&w=400&h=400&c=7
Weight Maintain,Vegetarian,Hybrid,Day 19,Lunch,Veg Khichdi,512,23.3,24.7,20,Strength Training,Weight Maintain focused training,Anti-Aging,Coconut water,Nuts & seeds,Include antioxidants,,,https://tse2.mm.bing.net/th?q=Veg%20Khichdi%20food&w=400&h=400&c=7
Weight Gain,Non-Vegetarian,Home,Day 17,Dinner,Fish Curry,371,31.3,84.4,10.4,HIIT,Weight Gain focused training,Fresh Blood Circulation,Warm lemon water,Nuts & seeds,Drink 2–3L water daily,,,https://tse2.mm.bing.net/th?q=Fish%20Curry%20food&w=400&h=400&c=7
Weight Loss,Non-Vegetarian,Home,Day 30,Dinner,Egg Omelette,256,19.4,38.2,13.2,Yoga,Weight Loss focused training,Glowing Skin,Beetroot juice,Nuts & seeds,Avoid sugar & junk food,,,https://tse2.mm.bing.net/th?q=Egg%20Omelette%20food&w=400&h=400&c=7
Weight Maintain,Vegan,Hybrid,Day 28,Lunch,Chickpea Salad,309,20.8,32.6,11.3,Strength Training,Weight Maintain focused training,Anti-Aging,Coconut water,Nuts & seeds,Regular exercise & sweating,,,https://tse2.mm.bing.net/th?q=Chickpea%20Salad%20food&w=400&h=400&c=7
Weight Gain,Non-Vegetarian,Home,Day 22,Breakfast,Chicken Rice,425,44.7,73.7,21.9,Cardio,Weight Gain focused training,Fresh Blood Circulation,Turmeric milk,Leafy greens,Regular exercise & sweating,,,https://tse2.mm.bing.net/th?q=Chicken%20Rice%20food&w=400&h=400&c=7
Weight Gain,Vegetarian,Home,Day 6,Lunch,Quinoa Salad,638,38.1,34.4,11,Strength Training,Weight Gain focused training,Fresh Blood Circulation,Turmeric milk,Citrus fruits,Drink 2–3L water daily,,,https://tse2.mm.bing.net/th?q=Quinoa%20Salad%20food&w=400&h=400&c=7
Weight Gain,Non-Vegetarian,Gym,Day 18,Snack,Grilled Chicken Salad,261,31.2,69.2,23.3,Yoga,Weight Gain focused training,Hair Growth,Green tea,Nuts & seeds,Avoid sugar & junk food,,,https://tse2.mm.bing.net/th?q=Grilled%20Chicken%20Salad%20food&w=400&h=400&c=7
Weight Maintain,Vegetarian,Hybrid,Day 3,Breakfast,Paneer Bowl,448,18.1,70.6,19.2,Stretching,Weight Maintain focused training,Reduce Pimples,Green tea,Omega-3 rich foods,Avoid sugar & junk food,,,https://tse2.mm.bing.net/th?q=Paneer%20Bowl%20food&w=400&h=400&c=7
Weight Gain,Non-Vegetarian,Hybrid,Day 28,Breakfast,Chicken Rice,682,17.9,38.2,5,Yoga,Weight Gain focused training,Anti-Aging,Amla juice,Fruits & vegetables,Regular exercise & sweating,,,https://tse2.mm.bing.net/th?q=Chicken%20Rice%20food&w=400&h=400&c=7
Weight Gain,Vegetarian,Gym,Day 8,Breakfast,Veg Khichdi,692,13.9,73.8,10,Stretching,Weight Gain focused training,Reduce Pimples,Amla juice,Omega-3 rich foods,Drink 2–3L water daily,,,https://tse2.mm.bing.net/th?q=Veg%20Khichdi%20food&w=400&h=400&c=7
Weight Loss,Non-Vegetarian,Gym,Day 25,Lunch,Chicken Rice,276,14.1,22.6,24.9,Yoga,Weight Loss focused training,Reduce Pimples,Turmeric milk,Citrus fruits,Avoid sugar & junk food,,,https://tse2.mm.bing.net/th?q=Chicken%20Rice%20food&w=400&h=400&c=7
Weight Maintain,Vegetarian,Gym,Day 23,Dinner,Paneer Bowl,540,26.8,33.7,15.8,HIIT,Weight Maintain focused training,Glowing Skin,Beetroot juice,Fruits & vegetables,Regular exercise & sweating,,,https://tse2.mm.bing.net/th?q=Paneer%20Bowl%20food&w=400&h=400&c=7
Weight Loss,Vegan,Home,Day 22,Dinner,Vegan Smoothie,517,39.1,44.6,20.6,Strength Training,Weight Loss focused training,Glowing Skin,Carrot juice,Fruits & vegetables,Avoid sugar & junk food,,,https://tse2.mm.bing.net/th?q=Vegan%20Smoothie%20food&w=400&h=400&c=7
Weight Maintain,Vegan,Home,Day 4,Lunch,Tofu Stir Fry,529,21.2,69.4,17,HIIT,Weight Maintain focused training,Reduce Pimples,Coconut water,Omega-3 rich foods,Daily face cleansing,,,https://tse2.mm.bing.net/th?q=Tofu%20Stir%20Fry%20food&w=400&h=400&c=7
Weight Loss,Vegetarian,Hybrid,Day 22,Lunch,Veg Khichdi,648,20.5,76.7,27.5,HIIT,Weight Loss focused training,Glowing Skin,Green tea,Citrus fruits,Daily face cleansing,,,https://tse2.mm.bing.net/th?q=Veg%20Khichdi%20food&w=400&h=400&c=7
Weight Loss,Non-Vegetarian,Gym,Day 20,Snack,Chicken Rice,264,14.6,36.5,21.8,Stretching,Weight Loss focused training,Glowing Skin,Turmeric milk,Omega-3 rich foods,Avoid sugar & junk food,,,https://tse2.mm.bing.net/th?q=Chicken%20Rice%20food&w=400&h=400&c=7
Weight Loss,Non-Vegetarian,Gym,Day 15,Breakfast,Grilled Chicken Salad,283,43.2,77.8,29.7,Stretching,Weight Loss focused training,Reduce Pimples,Carrot juice,Leafy greens,Avoid sugar & junk food,,,https://tse2.mm.bing.net/th?q=Grilled%20Chicken%20Salad%20food&w=400&h=400&c=7
Weight Gain,Vegan,Gym,Day 7,Lunch,Tofu Stir Fry,366,38.7,77.7,14.2,HIIT,Weight Gain focused training,Anti-Aging,Turmeric milk,Nuts & seeds,Regular exercise & sweating,,,https://tse2.mm.bing.net/th?q=Tofu%20Stir%20Fry%20food&w=400&h=400&c=7
Weight Loss,Non-Vegetarian,Home,Day 15,Snack,Chicken Rice,691,27,63.8,9.9,Stretching,Weight Loss focused training,Hair Growth,Turmeric milk,Omega-3 rich foods,Regular exercise & sweating,,,https://tse2.mm.bing.net/th?q=Chicken%20Rice%20food&w=400&h=400&c=7
Weight Gain,Vegetarian,Home,Day 21,Dinner,Oats & Fruits,733,22,40.4,14.1,Strength Training,Weight Gain focused training,Fresh Blood Circulation,Beetroot juice,Leafy greens,Include antioxidants,,,https://tse2.mm.bing.net/th?q=Oats%20%26%20Fruits%20food&w=400&h=400&c=7
Weight Loss,Non-Vegetarian,Gym,Day 30,Snack,Egg Omelette,432,34.8,72.1,6.4,HIIT,Weight Loss focused training,Fresh Blood Circulation,Coconut water,Fruits & vegetables,Avoid sugar & junk food,,,https://tse2.mm.bing.net/th?q=Egg%20Omelette%20food&w=400&h=400&c=7
Weight Loss,Vegetarian,Home,Day 30,Dinner,Paneer Bowl,626,22.8,35.1,29.6,Yoga,Weight Loss focused training,Glowing Skin,Carrot juice,Nuts & seeds,Include antioxidants,,,https://tse2.mm.bing.net/th?q=Paneer%20Bowl%20food&w=400&h=400&c=7
Weight Gain,Vegan,Home,Day 2,Breakfast,Chickpea Salad,453,24.6,89.6,5.1,HIIT,Weight Gain focused training,Glowing Skin,Warm lemon water,Omega-3 rich foods,Avoid sugar & junk food,,,https://tse2.mm.bing.net/th?q=Chickpea%20Salad%20food&w=400&h=400&c=7
Weight Gain,Vegan,Home,Day 3,Lunch,Vegan Smoothie,567,37.7,66,13.3,Cardio,Weight Gain focused training,Fresh Blood Circulation,Green tea,Leafy greens,Daily face cleansing,,,https://tse2.mm.bing.net/th?q=Vegan%20Smoothie%20food&w=400&h=400&c=7
Weight Maintain,Vegetarian,Gym,Day 21,Breakfast,Dal & Rice,376,42.3,23.6,24.9,Cardio,Weight Maintain focused training,Glowing Skin,Turmeric milk,Omega-3 rich foods,Avoid sugar & junk food,,,https://tse2.mm.bing.net/th?q=Dal%20%26%20Rice%20food&w=400&h=400&c=7
Weight Gain,Vegetarian,Hybrid,Day 16,Lunch,Paneer Bowl,651,35,89.3,14.6,Cardio,Weight Gain focused training,Hair Growth,Warm lemon water,Nuts & seeds,Include antioxidants,,,https://tse2.mm.bing.net/th?q=Paneer%20Bowl%20food&w=400&h=400&c=7
Weight Loss,Vegan,Home,Day 27,Breakfast,Chickpea Salad,419,36.8,27.3,23.7,Cardio,Weight Loss focused training,Glowing Skin,Amla juice,Citrus fruits,Regular exercise & sweating,,,https://tse2.mm.bing.net/th?q=Chickpea%20Salad%20food&w=400&h=400&c=7
Weight Loss,Non-Vegetarian,Hybrid,Day 27,Lunch,Chicken Rice,288,25.5,28.6,7.4,HIIT,Weight Loss focused training,Anti-Aging,Turmeric milk,Nuts & seeds,Include antioxidants,,,https://tse2.mm.bing.net/th?q=Chicken%20Rice%20food&w=400&h=400&c=7
Weight Gain,Vegan,Hybrid,Day 14,Lunch,Tofu Stir Fry,679,17.5,32.4,15.8,Cardio,Weight Gain focused training,Glowing Skin,Beetroot juice,Omega-3 rich foods,Sleep 7–8 hours,,,https://tse2.mm.bing.net/th?q=Tofu%20Stir%20Fry%20food&w=400&h=400&c=7
Weight Loss,Vegetarian,Hybrid,Day 5,Lunch,Quinoa Salad,545,26.3,32.1,16.6,Yoga,Weight Loss focused training,Reduce Pimples,Warm lemon water,Nuts & seeds,Sleep 7–8 hours,,,https://tse2.mm.bing.net/th?q=Quinoa%20Salad%20food&w=400&h=400&c=7
Weight Gain,Vegetarian,Home,Day 17,Breakfast,Quinoa Salad,591,37.7,28.3,17.4,HIIT,Weight Gain focused training,Glowing Skin,Carrot juice,Leafy greens,Drink 2–3L water daily,,,https://tse2.mm.bing.net/th?q=Quinoa%20Salad%20food&w=400&h=400&c=7
Weight Maintain,Non-Vegetarian,Gym,Day 16,Breakfast,Chicken Rice,524,26.9,26.1,11.2,Yoga,Weight Maintain focused training,Clear Skin,Amla juice,Citrus fruits,Include antioxidants,,,https://tse2.mm.bing.net/th?q=Chicken%20Rice%20food&w=400&h=400&c=7
Weight Loss,Vegan,Home,Day 27,Lunch,Chickpea Salad,656,19.9,23.6,20,Strength Training,Weight Loss focused training,Clear Skin,Coconut water,Fruits & vegetables,Daily face cleansing,,,https://tse2.mm.bing.net/th?q=Chickpea%20Salad%20food&w=400&h=400&c=7
Weight Loss,Vegetarian,Gym,Day 7,Snack,Quinoa Salad,539,39.6,68.8,29,Yoga,Weight Loss focused training,Clear Skin,Green tea,Citrus fruits,Include antioxidants,,,https://tse2.mm.bing.net/th?q=Quinoa%20Salad%20food&w=400&h=400&c=7
Weight Gain,Non-Vegetarian,Gym,Day 16,Dinner,Chicken Rice,714,39.8,21.5,24.5,HIIT,Weight Gain focused training,Glowing Skin,Warm lemon water,Nuts & seeds,Sleep 7–8 hours,,,https://tse2.mm.bing.net/th?q=Chicken%20Rice%20food&w=400&h=400&c=7
Weight Loss,Vegetarian,Hybrid,Day 5,Breakfast,Quinoa Salad,332,19.6,38.1,10.6,Yoga,Weight Loss focused training,Fresh Blood Circulation,Coconut water,Nuts & seeds,Daily face cleansing,,,https://tse2.mm.bing.net/th?q=Quinoa%20Salad%20food&w=400&h=400&c=7
Weight Loss,Non-Vegetarian,Gym,Day 21,Snack,Fish Curry,589,10.8,26,28.8,Yoga,Weight Loss focused training,Clear Skin,Amla juice,Citrus fruits,Daily face cleansing,,,https://tse2.mm.bing.net/th?q=Fish%20Curry%20food&w=400&h=400&c=7
Weight Loss,Vegetarian,Home,Day 7,Breakfast,Quinoa Salad,670,30.7,85.1,21.9,Cardio,Weight Loss focused training,Anti-Aging,Carrot juice,Fruits & vegetables,Sleep 7–8 hours,,,https://tse2.mm.bing.net/th?q=Quinoa%20Salad%20food&w=400&h=400&c=7
Weight Maintain,Vegan,Hybrid,Day 8,Breakfast,Tofu Stir Fry,613,40.2,27.4,5.2,HIIT,Weight Maintain focused training,Glowing Skin,Carrot juice,Fruits & vegetables,Avoid sugar & junk food,,,https://tse2.mm.bing.net/th?q=Tofu%20Stir%20Fry%20food&w=400&h=400&c=7
Weight Loss,Non-Vegetarian,Hybrid,Day 14,Dinner,Chicken Rice,302,39.5,62.3,5.8,Yoga,Weight Loss focused training,Clear Skin,Carrot juice,Omega-3 rich foods,Drink 2–3L water daily,,,https://tse2.mm.bing.net/th?q=Chicken%20Rice%20food&w=400&h=400&c=7
Weight Loss,Vegan,Home,Day 26,Snack,Vegan Smoothie,416,43.2,73,10.2,Cardio,Weight Loss focused training,Glowing Skin,Amla juice,Leafy greens,Regular exercise & sweating,,,https://tse2.mm.bing.net/th?q=Vegan%20Smoothie%20food&w=400&h=400&c=7
Weight Gain,Vegan,Home,Day 20,Dinner,Vegan Smoothie,571,35.6,77.6,26.2,Yoga,Weight Gain focused training,Clear Skin,Coconut water,Omega-3 rich foods,Regular exercise & sweating,,,https://tse2.mm.bing.net/th?q=Vegan%20Smoothie%20food&w=400&h=400&c=7
Weight Maintain,Vegetarian,Hybrid,Day 17,Breakfast,Paneer Bowl,622,16.2,82.6,28.9,Cardio,Weight Maintain focused training,Glowing Skin,Carrot juice,Fruits & vegetables,Include antioxidants,,,https://tse2.mm.bing.net/th?q=Paneer%20Bowl%20food&w=400&h=400&c=7
Weight Gain,Vegetarian,Hybrid,Day 28,Lunch,Veg Khichdi,462,14.8,87.3,8.7,Cardio,Weight Gain focused training,Reduce Pimples,Carrot juice,Leafy greens,Drink 2–3L water daily,,,https://tse2.mm.bing.net/th?q=Veg%20Khichdi%20food&w=400&h=400&c=7
Weight Maintain,Vegan,Gym,Day 22,Breakfast,Tofu Stir Fry,594,13,25.6,10.5,Strength Training,Weight Maintain focused training,Glowing Skin,Amla juice,Nuts & seeds,Include antioxidants,,,https://tse2.mm.bing.net/th?q=Tofu%20Stir%20Fry%20food&w=400&h=400&c=7
Weight Loss,Vegetarian,Hybrid,Day 13,Dinner,Paneer Bowl,250,39,29.4,11,Cardio,Weight Loss focused training,Reduce Pimples,Beetroot juice,Nuts & seeds,Sleep 7–8 hours,,,https://tse2.mm.bing.net/th?q=Paneer%20Bowl%20food&w=400&h=400&c=7
Weight Gain,Non-Vegetarian,Hybrid,Day 10,Breakfast,Egg Omelette,418,24.3,48.5,11.9,Stretching,Weight Gain focused training,Fresh Blood Circulation,Beetroot juice,Leafy greens,Avoid sugar & junk food,,,https://tse2.mm.bing.net/th?q=Egg%20Omelette%20food&w=400&h=400&c=7
Weight Gain,Vegan,Home,Day 24,Dinner,Chickpea Salad,477,29.6,70.6,22.7,Cardio,Weight Gain focused training,Reduce Pimples,Warm lemon water,Leafy greens,Avoid sugar & junk food,,,https://tse2.mm.bing.net/th?q=Chickpea%20Salad%20food&w=400&h=400&c=7
Weight Gain,Vegetarian,Home,Day 14,Dinner,Quinoa Salad,339,37.2,20,24.7,Yoga,Weight Gain focused training,Anti-Aging,Amla juice,Fruits & vegetables,Avoid sugar & junk food,,,https://tse2.mm.bing.net/th?q=Quinoa%20Salad%20food&w=400&h=400&c=7
Weight Gain,Vegetarian,Hybrid,Day 3,Snack,Dal & Rice,332,38.9,76.3,23.1,Yoga,Weight Gain focused training,Fresh Blood Circulation,Warm lemon water,Nuts & seeds,Regular exercise & sweating,,,https://tse2.mm.bing.net/th?q=Dal%20%26%20Rice%20food&w=400&h=400&c=7
Weight Gain,Vegan,Gym,Day 16,Breakfast,Lentil Soup,608,30.4,82.2,22.9,Strength Training,Weight Gain focused training,Reduce Pimples,Amla juice,Leafy greens,Daily face cleansing,,,https://tse2.mm.bing.net/th?q=Lentil%20Soup%20food&w=400&h=400&c=7
Weight Maintain,Vegetarian,Home,Day 10,Breakfast,Dal & Rice,739,16.5,57.9,14.9,Yoga,Weight Maintain focused training,Anti-Aging,Turmeric milk,Leafy greens,Avoid sugar & junk food,,,https://tse2.mm.bing.net/th?q=Dal%20%26%20Rice%20food&w=400&h=400&c=7
Weight Loss,Vegan,Hybrid,Day 27,Breakfast,Chickpea Salad,361,24.4,54.8,14.1,HIIT,Weight Loss focused training,Glowing Skin,Green tea,Leafy greens,Avoid sugar & junk food,,,https://tse2.mm.bing.net/th?q=Chickpea%20Salad%20food&w=400&h=400&c=7
Weight Gain,Non-Vegetarian,Hybrid,Day 9,Snack,Grilled Chicken Salad,365,37,57.3,17.4,Strength Training,Weight Gain focused training,Reduce Pimples,Warm lemon water,Leafy greens,Regular exercise & sweating,,,https://tse2.mm.bing.net/th?q=Grilled%20Chicken%20Salad%20food&w=400&h=400&c=7
Weight Maintain,Vegan,Home,Day 21,Dinner,Chickpea Salad,594,27.1,87.5,27,Stretching,Weight Maintain focused training,Glowing Skin,Turmeric milk,Omega-3 rich foods,Avoid sugar & junk food,,,https://tse2.mm.bing.net/th?q=Chickpea%20Salad%20food&w=400&h=400&c=7
Weight Loss,Vegetarian,Hybrid,Day 18,Lunch,Veg Khichdi,326,26.8,67.5,6.1,Strength Training,Weight Loss focused training,Fresh Blood Circulation,Green tea,Omega-3 rich foods,Drink 2–3L water daily,,,https://tse2.mm.bing.net/th?q=Veg%20Khichdi%20food&w=400&h=400&c=7
Weight Gain,Vegetarian,Gym,Day 26,Lunch,Veg Khichdi,514,26.9,33.5,20.1,Strength Training,Weight Gain focused training,Fresh Blood Circulation,Green tea,Fruits & vegetables,Sleep 7–8 hours,,,https://tse2.mm.bing.net/th?q=Veg%20Khichdi%20food&w=400&h=400&c=7
Weight Gain,Vegetarian,Gym,Day 10,Lunch,Dal & Rice,501,27.6,40,26.5,Yoga,Weight Gain focused training,Hair Growth,Turmeric milk,Citrus fruits,Avoid sugar & junk food,,,https://tse2.mm.bing.net/th?q=Dal%20%26%20Rice%20food&w=400&h=400&c=7
Weight Loss,Non-Vegetarian,Hybrid,Day 3,Dinner,Egg Omelette,303,26,24.5,24.5,Yoga,Weight Loss focused training,Reduce Pimples,Green tea,Leafy greens,Include antioxidants,,,https://tse2.mm.bing.net/th?q=Egg%20Omelette%20food&w=400&h=400&c=7
Weight Gain,Non-Vegetarian,Gym,Day 3,Dinner,Fish Curry,709,34.6,53.5,12.4,Strength Training,Weight Gain focused training,Clear Skin,Carrot juice,Fruits & vegetables,Regular exercise & sweating,,,https://tse2.mm.bing.net/th?q=Fish%20Curry%20food&w=400&h=400&c=7
Weight Gain,Vegan,Gym,Day 20,Snack,Chickpea Salad,580,39.5,23,17.2,Yoga,Weight Gain focused training,Hair Growth,Beetroot juice,Fruits & vegetables,Regular exercise & sweating,,,https://tse2.mm.bing.net/th?q=Chickpea%20Salad%20food&w=400&h=400&c=7
Weight Loss,Vegan,Gym,Day 19,Snack,Lentil Soup,309,41.3,67,29.2,Yoga,Weight Loss focused training,Anti-Aging,Warm lemon water,Citrus fruits,Avoid sugar & junk food,,,https://tse2.mm.bing.net/th?q=Lentil%20Soup%20food&w=400&h=400&c=7
Weight Gain,Vegetarian,Hybrid,Day 5,Breakfast,Dal & Rice,320,34.5,22.4,14.4,Strength Training,Weight Gain focused training,Hair Growth,Warm lemon water,Omega-3 rich foods,Sleep 7–8 hours,,,https://tse2.mm.bing.net/th?q=Dal%20%26%20Rice%20food&w=400&h=400&c=7
Weight Gain,Vegetarian,Home,Day 25,Snack,Veg Khichdi,540,32.4,71.4,18.2,Strength Training,Weight Gain focused training,Hair Growth,Carrot juice,Omega-3 rich foods,Avoid sugar & junk food,,,https://tse2.mm.bing.net/th?q=Veg%20Khichdi%20food&w=400&h=400&c=7
Weight Loss,Vegetarian,Gym,Day 4,Snack,Paneer Bowl,492,38.8,40,7.5,Stretching,Weight Loss focused training,Hair Growth,Beetroot juice,Leafy greens,Sleep 7–8 hours,,,https://tse2.mm.bing.net/th?q=Paneer%20Bowl%20food&w=400&h=400&c=7
Weight Loss,Vegetarian,Hybrid,Day 15,Dinner,Dal & Rice,562,12.7,50.8,11.7,HIIT,Weight Loss focused training,Anti-Aging,Green tea,Leafy greens,Daily face cleansing,,,https://tse2.mm.bing.net/th?q=Dal%20%26%20Rice%20food&w=400&h=400&c=7
Weight Loss,Vegetarian,Home,Day 14,Lunch,Dal & Rice,584,40.9,54.3,6.6,Yoga,Weight Loss focused training,Hair Growth,Green tea,Omega-3 rich foods,Drink 2–3L water daily,,,https://tse2.mm.bing.net/th?q=Dal%20%26%20Rice%20food&w=400&h=400&c=7
Weight Gain,Vegetarian,Hybrid,Day 10,Dinner,Oats & Fruits,253,40.4,52.9,12.1,Cardio,Weight Gain focused training,Fresh Blood Circulation,Carrot juice,Leafy greens,Include antioxidants,,,https://tse2.mm.bing.net/th?q=Oats%20%26%20Fruits%20food&w=400&h=400&c=7
Weight Gain,Vegetarian,Gym,Day 21,Lunch,Paneer Bowl,574,14,70.5,7.1,Cardio,Weight Gain focused training,Clear Skin,Carrot juice,Nuts & seeds,Drink 2–3L water daily,,,https://tse2.mm.bing.net/th?q=Paneer%20Bowl%20food&w=400&h=400&c=7
Weight Maintain,Non-Vegetarian,Gym,Day 21,Snack,Grilled Chicken Salad,355,21.6,51.4,24,Yoga,Weight Maintain focused training,Reduce Pimples,Amla juice,Leafy greens,Regular exercise & sweating,,,https://tse2.mm.bing.net/th?q=Grilled%20Chicken%20Salad%20food&w=400&h=400&c=7
Weight Loss,Vegetarian,Hybrid,Day 1,Breakfast,Dal & Rice,299,18.8,22.9,19.3,Strength Training,Weight Loss focused training,Clear Skin,Turmeric milk,Leafy greens,Regular exercise & sweating,,,https://tse2.mm.bing.net/th?q=Dal%20%26%20Rice%20food&w=400&h=400&c=7
Weight Maintain,Vegetarian,Hybrid,Day 18,Dinner,Paneer Bowl,465,31.7,74.1,9.1,Stretching,Weight Maintain focused training,Clear Skin,Carrot juice,Citrus fruits,Avoid sugar & junk food,,,https://tse2.mm.bing.net/th?q=Paneer%20Bowl%20food&w=400&h=400&c=7
Weight Loss,Non-Vegetarian,Home,Day 7,Dinner,Grilled Chicken Salad,592,43.2,63.8,24.9,Cardio,Weight Loss focused training,Clear Skin,Green tea,Fruits & vegetables,Include antioxidants,,,https://tse2.mm.bing.net/th?q=Grilled%20Chicken%20Salad%20food&w=400&h=400&c=7
Weight Loss,Vegetarian,Gym,Day 12,Breakfast,Dal & Rice,569,29.5,63.1,19.5,Cardio,Weight Loss focused training,Reduce Pimples,Coconut water,Fruits & vegetables,Avoid sugar & junk food,,,https://tse2.mm.bing.net/th?q=Dal%20%26%20Rice%20food&w=400&h=400&c=7
Weight Maintain,Non-Vegetarian,Home,Day 4,Snack,Egg Omelette,744,10.8,27.6,11.1,Yoga,Weight Maintain focused training,Reduce Pimples,Green tea,Citrus fruits,Regular exercise & sweating,,,https://tse2.mm.bing.net/th?q=Egg%20Omelette%20food&w=400&h=400&c=7
Weight Loss,Non-Vegetarian,Hybrid,Day 4,Breakfast,Grilled Chicken Salad,342,30.8,69.2,17.4,Cardio,Weight Loss focused training,Glowing Skin,Green tea,Citrus fruits,Daily face cleansing,,,https://tse2.mm.bing.net/th?q=Grilled%20Chicken%20Salad%20food&w=400&h=400&c=7
Weight Gain,Non-Vegetarian,Hybrid,Day 16,Lunch,Grilled Chicken Salad,631,26.9,53.3,13.5,Stretching,Weight Gain focused training,Glowing Skin,Carrot juice,Citrus fruits,Regular exercise & sweating,,,https://tse2.mm.bing.net/th?q=Grilled%20Chicken%20Salad%20food&w=400&h=400&c=7
Weight Loss,Vegan,Gym,Day 10,Breakfast,Chickpea Salad,649,15.3,34.2,20,Stretching,Weight Loss focused training,Fresh Blood Circulation,Green tea,Fruits & vegetables,Include antioxidants,,,https://tse2.mm.bing.net/th?q=Chickpea%20Salad%20food&w=400&h=400&c=7
Weight Loss,Vegan,Hybrid,Day 25,Lunch,Chickpea Salad,424,29.2,83.3,15.2,Strength Training,Weight Loss focused training,Anti-Aging,Green tea,Omega-3 rich foods,Regular exercise & sweating,,,https://tse2.mm.bing.net/th?q=Chickpea%20Salad%20food&w=400&h=400&c=7
Weight Loss,Vegan,Hybrid,Day 3,Lunch,Chickpea Salad,502,18.3,69,16.9,Yoga,Weight Loss focused training,Hair Growth,Warm lemon water,Omega-3 rich foods,Daily face cleansing,,,https://tse2.mm.bing.net/th?q=Chickpea%20Salad%20food&w=400&h=400&c=7
Weight Loss,Non-Vegetarian,Hybrid,Day 24,Lunch,Grilled Chicken Salad,555,27.6,34,12.5,Strength Training,Weight Loss focused training,Glowing Skin,Turmeric milk,Nuts & seeds,Daily face cleansing,,,https://tse2.mm.bing.net/th?q=Grilled%20Chicken%20Salad%20food&w=400&h=400&c=7
Weight Maintain,Vegetarian,Home,Day 14,Breakfast,Paneer Bowl,491,30.8,36.3,21.8,Strength Training,Weight Maintain focused training,Fresh Blood Circulation,Turmeric milk,Fruits & vegetables,Avoid sugar & junk food,,,https://tse2.mm.bing.net/th?q=Paneer%20Bowl%20food&w=400&h=400&c=7
Weight Loss,Vegetarian,Home,Day 19,Snack,Paneer Bowl,725,20.7,52.6,6.9,Stretching,Weight Loss focused training,Hair Growth,Turmeric milk,Nuts & seeds,Daily face cleansing,,,https://tse2.mm.bing.net/th?q=Paneer%20Bowl%20food&w=400&h=400&c=7
Weight Gain,Vegetarian,Hybrid,Day 27,Dinner,Dal & Rice,373,15.4,29.5,22.3,Stretching,Weight Gain focused training,Glowing Skin,Green tea,Fruits & vegetables,Sleep 7–8 hours,,,https://tse2.mm.bing.net/th?q=Dal%20%26%20Rice%20food&w=400&h=400&c=7
Weight Loss,Vegan,Hybrid,Day 24,Breakfast,Vegan Smoothie,409,43.3,88.9,22.7,HIIT,Weight Loss focused training,Reduce Pimples,Beetroot juice,Citrus fruits,Regular exercise & sweating,,,https://tse2.mm.bing.net/th?q=Vegan%20Smoothie%20food&w=400&h=400&c=7
Weight Maintain,Vegetarian,Hybrid,Day 5,Breakfast,Quinoa Salad,660,10.1,68.3,11.8,Cardio,Weight Maintain focused training,Clear Skin,Green tea,Fruits & vegetables,Drink 2–3L water daily,,,https://tse2.mm.bing.net/th?q=Quinoa%20Salad%20food&w=400&h=400&c=7
Weight Loss,Vegan,Gym,Day 30,Dinner,Lentil Soup,437,29,78.2,9.6,Cardio,Weight Loss focused training,Hair Growth,Green tea,Leafy greens,Daily face cleansing,,,https://tse2.mm.bing.net/th?q=Lentil%20Soup%20food&w=400&h=400&c=7
Weight Maintain,Vegetarian,Hybrid,Day 20,Breakfast,Dal & Rice,423,30.1,64.1,17.4,Stretching,Weight Maintain focused training,Clear Skin,Coconut water,Nuts & seeds,Include antioxidants,,,https://tse2.mm.bing.net/th?q=Dal%20%26%20Rice%20food&w=400&h=400&c=7
Weight Loss,Non-Vegetarian,Home,Day 19,Snack,Chicken Rice,719,38.8,49.7,7.7,Cardio,Weight Loss focused training,Fresh Blood Circulation,Coconut water,Leafy greens,Avoid sugar & junk food,,,https://tse2.mm.bing.net/th?q=Chicken%20Rice%20food&w=400&h=400&c=7
Weight Maintain,Vegan,Hybrid,Day 26,Dinner,Tofu Stir Fry,518,13.6,62.2,7.4,Yoga,Weight Maintain focused training,Glowing Skin,Coconut water,Nuts & seeds,Avoid sugar & junk food,,,https://tse2.mm.bing.net/th?q=Tofu%20Stir%20Fry%20food&w=400&h=400&c=7
Weight Maintain,Vegan,Hybrid,Day 26,Breakfast,Tofu Stir Fry,424,16.6,79.8,24.9,Stretching,Weight Maintain focused training,Fresh Blood Circulation,Turmeric milk,Citrus fruits,Include antioxidants,,,https://tse2.mm.bing.net/th?q=Tofu%20Stir%20Fry%20food&w=400&h=400&c=7
Weight Loss,Non-Vegetarian,Hybrid,Day 18,Snack,Egg Omelette,736,37.9,21.7,6.3,Strength Training,Weight Loss focused training,Hair Growth,Coconut water,Leafy greens,Include antioxidants,,,https://tse2.mm.bing.net/th?q=Egg%20Omelette%20food&w=400&h=400&c=7
Weight Loss,Vegan,Hybrid,Day 19,Snack,Vegan Smoothie,617,43.8,45.2,5.4,Yoga,Weight Loss focused training,Hair Growth,Beetroot juice,Omega-3 rich foods,Daily face cleansing,,,https://tse2.mm.bing.net/th?q=Vegan%20Smoothie%20food&w=400&h=400&c=7
Weight Loss,Vegan,Hybrid,Day 1,Snack,Tofu Stir Fry,642,13.9,71.6,24,Cardio,Weight Loss focused training,Hair Growth,Amla juice,Citrus fruits,Avoid sugar & junk food,,,https://tse2.mm.bing.net/th?q=Tofu%20Stir%20Fry%20food&w=400&h=400&c=7
Weight Maintain,Vegan,Hybrid,Day 29,Breakfast,Lentil Soup,639,29.1,55,26.6,HIIT,Weight Maintain focused training,Fresh Blood Circulation,Amla juice,Nuts & seeds,Include antioxidants,,,https://tse2.mm.bing.net/th?q=Lentil%20Soup%20food&w=400&h=400&c=7
Weight Loss,Vegan,Home,Day 8,Dinner,Chickpea Salad,424,16.4,87.4,5.4,Strength Training,Weight Loss focused training,Clear Skin,Beetroot juice,Omega-3 rich foods,Sleep 7–8 hours,,,https://tse2.mm.bing.net/th?q=Chickpea%20Salad%20food&w=400&h=400&c=7
Weight Gain,Non-Vegetarian,Hybrid,Day 24,Dinner,Egg Omelette,636,39.7,23.7,18.1,Yoga,Weight Gain focused training,Glowing Skin,Turmeric milk,Citrus fruits,Daily face cleansing,,,https://tse2.mm.bing.net/th?q=Egg%20Omelette%20food&w=400&h=400&c=7
Weight Maintain,Non-Vegetarian,Hybrid,Day 22,Breakfast,Fish Curry,461,13.5,49.5,23.6,Strength Training,Weight Maintain focused training,Fresh Blood Circulation,Green tea,Nuts & seeds,Regular exercise & sweating,,,https://tse2.mm.bing.net/th?q=Fish%20Curry%20food&w=400&h=400&c=7
Weight Gain,Vegan,Gym,Day 12,Breakfast,Chickpea Salad,632,29.8,57.6,5.4,HIIT,Weight Gain focused training,Reduce Pimples,Beetroot juice,Citrus fruits,Avoid sugar & junk food,,,https://tse2.mm.bing.net/th?q=Chickpea%20Salad%20food&w=400&h=400&c=7
Weight Maintain,Vegetarian,Gym,Day 11,Dinner,Quinoa Salad,526,14.5,34,24.9,Cardio,Weight Maintain focused training,Hair Growth,Amla juice,Citrus fruits,Include antioxidants,,,https://tse2.mm.bing.net/th?q=Quinoa%20Salad%20food&w=400&h=400&c=7
Weight Gain,Vegan,Home,Day 25,Snack,Tofu Stir Fry,299,36.4,75.4,21.8,Strength Training,Weight Gain focused training,Anti-Aging,Coconut water,Nuts & seeds,Avoid sugar & junk food,,,https://tse2.mm.bing.net/th?q=Tofu%20Stir%20Fry%20food&w=400&h=400&c=7
Weight Gain,Vegetarian,Hybrid,Day 14,Lunch,Quinoa Salad,354,36.1,47.6,7.5,Yoga,Weight Gain focused training,Hair Growth,Beetroot juice,Omega-3 rich foods,Regular exercise & sweating,,,https://tse2.mm.bing.net/th?q=Quinoa%20Salad%20food&w=400&h=400&c=7
Weight Gain,Non-Vegetarian,Gym,Day 16,Snack,Chicken Rice,687,19.3,34.9,16.7,Cardio,Weight Gain focused training,Anti-Aging,Green tea,Nuts & seeds,Regular exercise & sweating,,,https://tse2.mm.bing.net/th?q=Chicken%20Rice%20food&w=400&h=400&c=7
Weight Loss,Vegan,Gym,Day 3,Lunch,Tofu Stir Fry,411,12,37.3,17,Strength Training,Weight Loss focused training,Glowing Skin,Warm lemon water,Omega-3 rich foods,Include antioxidants,,,https://tse2.mm.bing.net/th?q=Tofu%20Stir%20Fry%20food&w=400&h=400&c=7
Weight Gain,Non-Vegetarian,Home,Day 13,Lunch,Chicken Rice,582,38.3,67.2,24,HIIT,Weight Gain focused training,Fresh Blood Circulation,Carrot juice,Leafy greens,Include antioxidants,,,https://tse2.mm.bing.net/th?q=Chicken%20Rice%20food&w=400&h=400&c=7
Weight Gain,Vegetarian,Home,Day 18,Snack,Quinoa Salad,340,16.7,77.7,23.5,Yoga,Weight Gain focused training,Hair Growth,Carrot juice,Nuts & seeds,Avoid sugar & junk food,,,https://tse2.mm.bing.net/th?q=Quinoa%20Salad%20food&w=400&h=400&c=7
Weight Maintain,Vegetarian,Home,Day 24,Dinner,Quinoa Salad,378,40.3,52.6,7.7,Yoga,Weight Maintain focused training,Anti-Aging,Green tea,Nuts & seeds,Drink 2–3L water daily,,,https://tse2.mm.bing.net/th?q=Quinoa%20Salad%20food&w=400&h=400&c=7
Weight Loss,Non-Vegetarian,Home,Day 6,Lunch,Grilled Chicken Salad,514,14.6,77.9,25.2,Stretching,Weight Loss focused training,Reduce Pimples,Carrot juice,Citrus fruits,Include antioxidants,,,https://tse2.mm.bing.net/th?q=Grilled%20Chicken%20Salad%20food&w=400&h=400&c=7
Weight Gain,Vegetarian,Gym,Day 24,Lunch,Veg Khichdi,359,34,87.8,29.6,Stretching,Weight Gain focused training,Hair Growth,Coconut water,Omega-3 rich foods,Avoid sugar & junk food,,,https://tse2.mm.bing.net/th?q=Veg%20Khichdi%20food&w=400&h=400&c=7
Weight Loss,Non-Vegetarian,Gym,Day 19,Lunch,Fish Curry,427,24.4,35.8,13.8,HIIT,Weight Loss focused training,Hair Growth,Beetroot juice,Fruits & vegetables,Regular exercise & sweating,,,https://tse2.mm.bing.net/th?q=Fish%20Curry%20food&w=400&h=400&c=7
Weight Gain,Vegan,Hybrid,Day 2,Snack,Lentil Soup,490,38.5,29.7,26.2,HIIT,Weight Gain focused training,Reduce Pimples,Amla juice,Nuts & seeds,Sleep 7–8 hours,,,https://tse2.mm.bing.net/th?q=Lentil%20Soup%20food&w=400&h=400&c=7
Weight Gain,Non-Vegetarian,Gym,Day 9,Snack,Fish Curry,357,26.3,58.2,10.2,Stretching,Weight Gain focused training,Fresh Blood Circulation,Beetroot juice,Fruits & vegetables,Regular exercise & sweating,,,https://tse2.mm.bing.net/th?q=Fish%20Curry%20food&w=400&h=400&c=7
Weight Maintain,Non-Vegetarian,Gym,Day 7,Dinner,Fish Curry,704,19,82.1,17.7,Stretching,Weight Maintain focused training,Reduce Pimples,Beetroot juice,Omega-3 rich foods,Avoid sugar & junk food,,,https://tse2.mm.bing.net/th?q=Fish%20Curry%20food&w=400&h=400&c=7
Weight Loss,Vegan,Gym,Day 12,Lunch,Lentil Soup,746,30.4,85.4,5.8,Stretching,Weight Loss focused training,Anti-Aging,Carrot juice,Fruits & vegetables,Drink 2–3L water daily,,,https://tse2.mm.bing.net/th?q=Lentil%20Soup%20food&w=400&h=400&c=7
Weight Maintain,Non-Vegetarian,Gym,Day 5,Snack,Chicken Rice,260,16.5,42.5,24.7,Strength Training,Weight Maintain focused training,Glowing Skin,Green tea,Leafy greens,Regular exercise & sweating,,,https://tse2.mm.bing.net/th?q=Chicken%20Rice%20food&w=400&h=400&c=7
Weight Maintain,Non-Vegetarian,Home,Day 22,Snack,Fish Curry,407,41,62.8,28.6,Cardio,Weight Maintain focused training,Fresh Blood Circulation,Warm lemon water,Fruits & vegetables,Daily face cleansing,,,https://tse2.mm.bing.net/th?q=Fish%20Curry%20food&w=400&h=400&c=7
Weight Loss,Vegetarian,Gym,Day 14,Breakfast,Oats & Fruits,504,30.6,81.1,27.8,HIIT,Weight Loss focused training,Glowing Skin,Beetroot juice,Leafy greens,Avoid sugar & junk food,,,https://tse2.mm.bing.net/th?q=Oats%20%26%20Fruits%20food&w=400&h=400&c=7
Weight Gain,Vegetarian,Hybrid,Day 24,Breakfast,Oats & Fruits,337,10.6,45.7,28.6,Yoga,Weight Gain focused training,Glowing Skin,Beetroot juice,Fruits & vegetables,Drink 2–3L water daily,,,https://tse2.mm.bing.net/th?q=Oats%20%26%20Fruits%20food&w=400&h=400&c=7
Weight Gain,Vegan,Gym,Day 6,Breakfast,Tofu Stir Fry,363,16,63.3,21.3,Yoga,Weight Gain focused training,Fresh Blood Circulation,Green tea,Omega-3 rich foods,Regular exercise & sweating,,,https://tse2.mm.bing.net/th?q=Tofu%20Stir%20Fry%20food&w=400&h=400&c=7
Weight Maintain,Vegan,Gym,Day 1,Lunch,Lentil Soup,460,40.1,60.7,28.8,HIIT,Weight Maintain focused training,Fresh Blood Circulation,Turmeric milk,Fruits & vegetables,Daily face cleansing,,,https://tse2.mm.bing.net/th?q=Lentil%20Soup%20food&w=400&h=400&c=7
Weight Loss,Vegetarian,Gym,Day 13,Dinner,Veg Khichdi,256,11.2,36.1,16.5,Stretching,Weight Loss focused training,Anti-Aging,Warm lemon water,Citrus fruits,Avoid sugar & junk food,,,https://tse2.mm.bing.net/th?q=Veg%20Khichdi%20food&w=400&h=400&c=7
Weight Loss,Non-Vegetarian,Home,Day 23,Breakfast,Chicken Rice,718,30.6,45.2,10.8,Strength Training,Weight Loss focused training,Clear Skin,Turmeric milk,Leafy greens,Sleep 7–8 hours,,,https://tse2.mm.bing.net/th?q=Chicken%20Rice%20food&w=400&h=400&c=7
Weight Maintain,Vegan,Hybrid,Day 10,Snack,Chickpea Salad,736,36.1,49,23.1,Stretching,Weight Maintain focused training,Clear Skin,Turmeric milk,Citrus fruits,Regular exercise & sweating,,,https://tse2.mm.bing.net/th?q=Chickpea%20Salad%20food&w=400&h=400&c=7
Weight Loss,Vegetarian,Gym,Day 16,Dinner,Quinoa Salad,690,16.1,72.4,15,Stretching,Weight Loss focused training,Anti-Aging,Carrot juice,Citrus fruits,Drink 2–3L water daily,,,https://tse2.mm.bing.net/th?q=Quinoa%20Salad%20food&w=400&h=400&c=7
Weight Gain,Non-Vegetarian,Gym,Day 9,Breakfast,Fish Curry,450,12.8,53.1,9.1,Strength Training,Weight Gain focused training,Fresh Blood Circulation,Amla juice,Citrus fruits,Drink 2–3L water daily,,,https://tse2.mm.bing.net/th?q=Fish%20Curry%20food&w=400&h=400&c=7
Weight Maintain,Non-Vegetarian,Gym,Day 26,Breakfast,Grilled Chicken Salad,568,28.7,80.7,18.5,HIIT,Weight Maintain focused training,Anti-Aging,Beetroot juice,Nuts & seeds,Avoid sugar & junk food,,,https://tse2.mm.bing.net/th?q=Grilled%20Chicken%20Salad%20food&w=400&h=400&c=7
Weight Gain,Non-Vegetarian,Hybrid,Day 17,Lunch,Grilled Chicken Salad,743,21.4,62.6,6.7,Strength Training,Weight Gain focused training,Hair Growth,Amla juice,Fruits & vegetables,Regular exercise & sweating,,,https://tse2.mm.bing.net/th?q=Grilled%20Chicken%20Salad%20food&w=400&h=400&c=7
Weight Gain,Vegetarian,Gym,Day 10,Breakfast,Quinoa Salad,451,36.8,21.3,7.2,Strength Training,Weight Gain focused training,Glowing Skin,Beetroot juice,Omega-3 rich foods,Sleep 7–8 hours,,,https://tse2.mm.bing.net/th?q=Quinoa%20Salad%20food&w=400&h=400&c=7
Weight Gain,Vegan,Hybrid,Day 13,Lunch,Tofu Stir Fry,275,21.8,75.9,11,HIIT,Weight Gain focused training,Fresh Blood Circulation,Turmeric milk,Fruits & vegetables,Drink 2–3L water daily,,,https://tse2.mm.bing.net/th?q=Tofu%20Stir%20Fry%20food&w=400&h=400&c=7
Weight Maintain,Vegan,Home,Day 10,Snack,Tofu Stir Fry,316,29.3,85.9,9.7,Yoga,Weight Maintain focused training,Reduce Pimples,Carrot juice,Citrus fruits,Avoid sugar & junk food,,,https://tse2.mm.bing.net/th?q=Tofu%20Stir%20Fry%20food&w=400&h=400&c=7
Weight Maintain,Non-Vegetarian,Hybrid,Day 29,Dinner,Egg Omelette,536,40.5,30.8,11.3,Yoga,Weight Maintain focused training,Glowing Skin,Green tea,Fruits & vegetables,Regular exercise & sweating,,,https://tse2.mm.bing.net/th?q=Egg%20Omelette%20food&w=400&h=400&c=7
Weight Gain,Vegan,Gym,Day 1,Breakfast,Vegan Smoothie,284,30.3,88.2,9.7,Strength Training,Weight Gain focused training,Hair Growth,Carrot juice,Leafy greens,Drink 2–3L water daily,,,https://tse2.mm.bing.net/th?q=Vegan%20Smoothie%20food&w=400&h=400&c=7
Weight Gain,Vegan,Hybrid,Day 2,Lunch,Vegan Smoothie,569,14.5,58.9,8.3,HIIT,Weight Gain focused training,Reduce Pimples,Turmeric milk,Leafy greens,Include antioxidants,,,https://tse2.mm.bing.net/th?q=Vegan%20Smoothie%20food&w=400&h=400&c=7
Weight Maintain,Vegetarian,Gym,Day 4,Snack,Veg Khichdi,563,39.7,41.2,9.7,HIIT,Weight Maintain focused training,Fresh Blood Circulation,Green tea,Fruits & vegetables,Regular exercise & sweating,,,https://tse2.mm.bing.net/th?q=Veg%20Khichdi%20food&w=400&h=400&c=7
Weight Maintain,Vegan,Home,Day 21,Breakfast,Chickpea Salad,269,22.9,62.6,19.5,Stretching,Weight Maintain focused training,Reduce Pimples,Carrot juice,Fruits & vegetables,Sleep 7–8 hours,,,https://tse2.mm.bing.net/th?q=Chickpea%20Salad%20food&w=400&h=400&c=7
Weight Loss,Vegetarian,Home,Day 14,Snack,Paneer Bowl,414,25.3,77.8,21.9,Cardio,Weight Loss focused training,Clear Skin,Turmeric milk,Nuts & seeds,Regular exercise & sweating,,,https://tse2.mm.bing.net/th?q=Paneer%20Bowl%20food&w=400&h=400&c=7
Weight Loss,Non-Vegetarian,Home,Day 26,Lunch,Egg Omelette,524,29.3,35.7,13.1,Cardio,Weight Loss focused training,Glowing Skin,Green tea,Omega-3 rich foods,Include antioxidants,,,https://tse2.mm.bing.net/th?q=Egg%20Omelette%20food&w=400&h=400&c=7
Weight Loss,Vegetarian,Home,Day 1,Breakfast,Quinoa Salad,256,23.8,46.4,15.6,Strength Training,Weight Loss focused training,Fresh Blood Circulation,Carrot juice,Nuts & seeds,Sleep 7–8 hours,,,https://tse2.mm.bing.net/th?q=Quinoa%20Salad%20food&w=400&h=400&c=7
Weight Gain,Vegan,Home,Day 9,Snack,Vegan Smoothie,633,37.5,61.7,20.7,Yoga,Weight Gain focused training,Reduce Pimples,Warm lemon water,Citrus fruits,Sleep 7–8 hours,,,https://tse2.mm.bing.net/th?q=Vegan%20Smoothie%20food&w=400&h=400&c=7
Weight Loss,Vegan,Hybrid,Day 11,Dinner,Lentil Soup,359,43.9,22.2,17.4,Cardio,Weight Loss focused training,Fresh Blood Circulation,Turmeric milk,Omega-3 rich foods,Avoid sugar & junk food,,,https://tse2.mm.bing.net/th?q=Lentil%20Soup%20food&w=400&h=400&c=7
Weight Loss,Non-Vegetarian,Gym,Day 23,Snack,Grilled Chicken Salad,616,30.6,53.2,21.5,Cardio,Weight Loss focused training,Fresh Blood Circulation,Green tea,Fruits & vegetables,Avoid sugar & junk food,,,https://tse2.mm.bing.net/th?q=Grilled%20Chicken%20Salad%20food&w=400&h=400&c=7
Weight Loss,Vegan,Hybrid,Day 10,Dinner,Lentil Soup,544,24.7,80.9,25.1,Yoga,Weight Loss focused training,Fresh Blood Circulation,Warm lemon water,Omega-3 rich foods,Include antioxidants,,,https://tse2.mm.bing.net/th?q=Lentil%20Soup%20food&w=400&h=400&c=7
Weight Maintain,Non-Vegetarian,Home,Day 27,Snack,Egg Omelette,642,18.1,30.1,29.2,HIIT,Weight Maintain focused training,Hair Growth,Warm lemon water,Nuts & seeds,Drink 2–3L water daily,,,https://tse2.mm.bing.net/th?q=Egg%20Omelette%20food&w=400&h=400&c=7
Weight Loss,Vegan,Hybrid,Day 8,Snack,Vegan Smoothie,400,35.2,37.4,19.9,Cardio,Weight Loss focused training,Anti-Aging,Warm lemon water,Nuts & seeds,Regular exercise & sweating,,,https://tse2.mm.bing.net/th?q=Vegan%20Smoothie%20food&w=400&h=400&c=7
Weight Maintain,Non-Vegetarian,Gym,Day 6,Snack,Chicken Rice,354,22.7,72.3,12.5,Stretching,Weight Maintain focused training,Reduce Pimples,Carrot juice,Citrus fruits,Include antioxidants,,,https://tse2.mm.bing.net/th?q=Chicken%20Rice%20food&w=400&h=400&c=7
Weight Loss,Vegetarian,Hybrid,Day 15,Snack,Paneer Bowl,487,12.8,71.1,20.7,Cardio,Weight Loss focused training,Reduce Pimples,Turmeric milk,Fruits & vegetables,Sleep 7–8 hours,,,https://tse2.mm.bing.net/th?q=Paneer%20Bowl%20food&w=400&h=400&c=7
Weight Gain,Vegan,Home,Day 10,Breakfast,Vegan Smoothie,445,12.8,20.5,19.9,Cardio,Weight Gain focused training,Glowing Skin,Warm lemon water,Omega-3 rich foods,Include antioxidants,,,https://tse2.mm.bing.net/th?q=Vegan%20Smoothie%20food&w=400&h=400&c=7
Weight Maintain,Vegetarian,Home,Day 17,Lunch,Dal & Rice,327,22.9,53.4,19.5,Cardio,Weight Maintain focused training,Reduce Pimples,Green tea,Fruits & vegetables,Daily face cleansing,,,https://tse2.mm.bing.net/th?q=Dal%20%26%20Rice%20food&w=400&h=400&c=7
Weight Loss,Vegan,Hybrid,Day 17,Dinner,Chickpea Salad,371,38,33.1,24.3,Strength Training,Weight Loss focused training,Anti-Aging,Amla juice,Fruits & vegetables,Include antioxidants,,,https://tse2.mm.bing.net/th?q=Chickpea%20Salad%20food&w=400&h=400&c=7
Weight Loss,Vegetarian,Home,Day 24,Snack,Dal & Rice,498,24.4,65,28.3,HIIT,Weight Loss focused training,Fresh Blood Circulation,Amla juice,Citrus fruits,Drink 2–3L water daily,,,https://tse2.mm.bing.net/th?q=Dal%20%26%20Rice%20food&w=400&h=400&c=7
Weight Gain,Vegan,Gym,Day 16,Lunch,Lentil Soup,378,38.8,23,25.5,Cardio,Weight Gain focused training,Reduce Pimples,Coconut water,Nuts & seeds,Daily face cleansing,,,https://tse2.mm.bing.net/th?q=Lentil%20Soup%20food&w=400&h=400&c=7
Weight Gain,Vegan,Home,Day 11,Dinner,Lentil Soup,689,11.2,82.4,7.4,HIIT,Weight Gain focused training,Fresh Blood Circulation,Beetroot juice,Citrus fruits,Avoid sugar & junk food,,,https://tse2.mm.bing.net/th?q=Lentil%20Soup%20food&w=400&h=400&c=7
Weight Gain,Vegan,Home,Day 8,Lunch,Chickpea Salad,553,28.6,24.1,18.6,Strength Training,Weight Gain focused training,Hair Growth,Warm lemon water,Nuts & seeds,Regular exercise & sweating,,,https://tse2.mm.bing.net/th?q=Chickpea%20Salad%20food&w=400&h=400&c=7
Weight Maintain,Vegetarian,Home,Day 22,Lunch,Quinoa Salad,448,38.6,27,29.2,Yoga,Weight Maintain focused training,Clear Skin,Amla juice,Citrus fruits,Include antioxidants,,,https://tse2.mm.bing.net/th?q=Quinoa%20Salad%20food&w=400&h=400&c=7
Weight Gain,Vegan,Hybrid,Day 16,Snack,Vegan Smoothie,338,22.4,52.3,13.8,Cardio,Weight Gain focused training,Glowing Skin,Amla juice,Citrus fruits,Avoid sugar & junk food,,,https://tse2.mm.bing.net/th?q=Vegan%20Smoothie%20food&w=400&h=400&c=7
Weight Gain,Non-Vegetarian,Gym,Day 18,Lunch,Egg Omelette,575,32.7,66.3,7.3,Cardio,Weight Gain focused training,Fresh Blood Circulation,Amla juice,Nuts & seeds,Regular exercise & sweating,,,https://tse2.mm.bing.net/th?q=Egg%20Omelette%20food&w=400&h=400&c=7
Weight Maintain,Vegan,Gym,Day 19,Snack,Chickpea Salad,273,43.6,82.2,21.2,Strength Training,Weight Maintain focused training,Clear Skin,Amla juice,Citrus fruits,Avoid sugar & junk food,,,https://tse2.mm.bing.net/th?q=Chickpea%20Salad%20food&w=400&h=400&c=7
Weight Gain,Vegetarian,Hybrid,Day 26,Lunch,Oats & Fruits,589,37.4,86.1,18.9,Cardio,Weight Gain focused training,Glowing Skin,Coconut water,Leafy greens,Drink 2–3L water daily,,,https://tse2.mm.bing.net/th?q=Oats%20%26%20Fruits%20food&w=400&h=400&c=7
Weight Gain,Non-Vegetarian,Home,Day 16,Breakfast,Chicken Rice,542,15.5,66,26.8,Yoga,Weight Gain focused training,Clear Skin,Green tea,Omega-3 rich foods,Drink 2–3L water daily,,,https://tse2.mm.bing.net/th?q=Chicken%20Rice%20food&w=400&h=400&c=7
Weight Maintain,Vegan,Gym,Day 18,Snack,Vegan Smoothie,506,25.7,52.4,23,Yoga,Weight Maintain focused training,Hair Growth,Amla juice,Fruits & vegetables,Regular exercise & sweating,,,https://tse2.mm.bing.net/th?q=Vegan%20Smoothie%20food&w=400&h=400&c=7
Weight Loss,Vegetarian,Gym,Day 12,Lunch,Oats & Fruits,723,15.8,87.3,11.8,Yoga,Weight Loss focused training,Fresh Blood Circulation,Green tea,Fruits & vegetables,Regular exercise & sweating,,,https://tse2.mm.bing.net/th?q=Oats%20%26%20Fruits%20food&w=400&h=400&c=7
Weight Maintain,Non-Vegetarian,Gym,Day 25,Dinner,Chicken Rice,336,43.4,78.9,27.4,Yoga,Weight Maintain focused training,Anti-Aging,Carrot juice,Omega-3 rich foods,Regular exercise & sweating,,,https://tse2.mm.bing.net/th?q=Chicken%20Rice%20food&w=400&h=400&c=7
Weight Loss,Vegetarian,Home,Day 25,Snack,Paneer Bowl,457,34.2,40,23.4,Stretching,Weight Loss focused training,Hair Growth,Amla juice,Citrus fruits,Avoid sugar & junk food,,,https://tse2.mm.bing.net/th?q=Paneer%20Bowl%20food&w=400&h=400&c=7
Weight Gain,Vegan,Home,Day 16,Dinner,Tofu Stir Fry,485,24.3,30.8,29.5,Yoga,Weight Gain focused training,Hair Growth,Beetroot juice,Citrus fruits,Sleep 7–8 hours,,,https://tse2.mm.bing.net/th?q=Tofu%20Stir%20Fry%20food&w=400&h=400&c=7
Weight Gain,Vegetarian,Home,Day 30,Lunch,Veg Khichdi,684,14.4,76.1,28,Stretching,Weight Gain focused training,Fresh Blood Circulation,Amla juice,Fruits & vegetables,Avoid sugar & junk food,,,https://tse2.mm.bing.net/th?q=Veg%20Khichdi%20food&w=400&h=400&c=7
Weight Gain,Non-Vegetarian,Gym,Day 13,Dinner,Fish Curry,622,13.9,40.1,19.8,HIIT,Weight Gain focused training,Reduce Pimples,Beetroot juice,Citrus fruits,Drink 2–3L water daily,,,https://tse2.mm.bing.net/th?q=Fish%20Curry%20food&w=400&h=400&c=7
Weight Gain,Non-Vegetarian,Hybrid,Day 10,Lunch,Fish Curry,495,20.1,54.7,14.4,Strength Training,Weight Gain focused training,Reduce Pimples,Carrot juice,Citrus fruits,Daily face cleansing,,,https://tse2.mm.bing.net/th?q=Fish%20Curry%20food&w=400&h=400&c=7
Weight Loss,Vegan,Gym,Day 17,Lunch,Lentil Soup,314,20,42.3,17.7,Yoga,Weight Loss focused training,Reduce Pimples,Green tea,Leafy greens,Drink 2–3L water daily,,,https://tse2.mm.bing.net/th?q=Lentil%20Soup%20food&w=400&h=400&c=7
Weight Maintain,Vegan,Home,Day 23,Breakfast,Tofu Stir Fry,390,20.5,49.3,16.2,Stretching,Weight Maintain focused training,Clear Skin,Turmeric milk,Leafy greens,Include antioxidants,,,https://tse2.mm.bing.net/th?q=Tofu%20Stir%20Fry%20food&w=400&h=400&c=7
Weight Loss,Vegetarian,Hybrid,Day 3,Dinner,Dal & Rice,492,27.6,23.7,18.7,HIIT,Weight Loss focused training,Reduce Pimples,Green tea,Fruits & vegetables,Drink 2–3L water daily,,,https://tse2.mm.bing.net/th?q=Dal%20%26%20Rice%20food&w=400&h=400&c=7
Weight Gain,Vegan,Hybrid,Day 14,Breakfast,Tofu Stir Fry,416,43.3,65.8,26.6,Strength Training,Weight Gain focused training,Anti-Aging,Coconut water,Citrus fruits,Avoid sugar & junk food,,,https://tse2.mm.bing.net/th?q=Tofu%20Stir%20Fry%20food&w=400&h=400&c=7
Weight Loss,Non-Vegetarian,Hybrid,Day 1,Snack,Fish Curry,402,26.1,66.4,24.4,Stretching,Weight Loss focused training,Fresh Blood Circulation,Beetroot juice,Leafy greens,Avoid sugar & junk food,,,https://tse2.mm.bing.net/th?q=Fish%20Curry%20food&w=400&h=400&c=7
Weight Maintain,Vegan,Home,Day 19,Snack,Tofu Stir Fry,291,11.5,24.6,14.8,Stretching,Weight Maintain focused training,Glowing Skin,Beetroot juice,Leafy greens,Daily face cleansing,,,https://tse2.mm.bing.net/th?q=Tofu%20Stir%20Fry%20food&w=400&h=400&c=7
Weight Maintain,Non-Vegetarian,Home,Day 29,Breakfast,Egg Omelette,715,20.4,61.6,22.2,Stretching,Weight Maintain focused training,Glowing Skin,Carrot juice,Leafy greens,Sleep 7–8 hours,,,https://tse2.mm.bing.net/th?q=Egg%20Omelette%20food&w=400&h=400&c=7
Weight Loss,Vegetarian,Hybrid,Day 29,Snack,Paneer Bowl,315,16.6,32.8,15.7,Yoga,Weight Loss focused training,Fresh Blood Circulation,Carrot juice,Leafy greens,Avoid sugar & junk food,,,https://tse2.mm.bing.net/th?q=Paneer%20Bowl%20food&w=400&h=400&c=7
Weight Gain,Vegetarian,Hybrid,Day 12,Snack,Paneer Bowl,331,23.3,43.7,24.7,HIIT,Weight Gain focused training,Anti-Aging,Green tea,Citrus fruits,Daily face cleansing,,,https://tse2.mm.bing.net/th?q=Paneer%20Bowl%20food&w=400&h=400&c=7
Weight Gain,Non-Vegetarian,Gym,Day 30,Breakfast,Grilled Chicken Salad,399,28.2,88.4,19.6,Strength Training,Weight Gain focused training,Anti-Aging,Beetroot juice,Nuts & seeds,Daily face cleansing,,,https://tse2.mm.bing.net/th?q=Grilled%20Chicken%20Salad%20food&w=400&h=400&c=7
Weight Maintain,Vegetarian,Home,Day 15,Dinner,Dal & Rice,436,33.9,34.4,9,Cardio,Weight Maintain focused training,Reduce Pimples,Warm lemon water,Citrus fruits,Avoid sugar & junk food,,,https://tse2.mm.bing.net/th?q=Dal%20%26%20Rice%20food&w=400&h=400&c=7
Weight Gain,Vegetarian,Gym,Day 29,Breakfast,Dal & Rice,489,19.8,25.8,23.2,Yoga,Weight Gain focused training,Clear Skin,Green tea,Leafy greens,Avoid sugar & junk food,,,https://tse2.mm.bing.net/th?q=Dal%20%26%20Rice%20food&w=400&h=400&c=7
Weight Gain,Non-Vegetarian,Hybrid,Day 4,Snack,Fish Curry,424,34.8,41.9,14.4,HIIT,Weight Gain focused training,Hair Growth,Amla juice,Omega-3 rich foods,Regular exercise & sweating,,,https://tse2.mm.bing.net/th?q=Fish%20Curry%20food&w=400&h=400&c=7
Weight Maintain,Vegetarian,Gym,Day 14,Breakfast,Quinoa Salad,286,39.9,87.2,15.2,HIIT,Weight Maintain focused training,Clear Skin,Beetroot juice,Leafy greens,Regular exercise & sweating,,,https://tse2.mm.bing.net/th?q=Quinoa%20Salad%20food&w=400&h=400&c=7
Weight Loss,Vegetarian,Hybrid,Day 27,Snack,Veg Khichdi,718,23.7,59.4,13.5,Yoga,Weight Loss focused training,Glowing Skin,Carrot juice,Leafy greens,Regular exercise & sweating,,,https://tse2.mm.bing.net/th?q=Veg%20Khichdi%20food&w=400&h=400&c=7
Weight Loss,Vegetarian,Gym,Day 1,Breakfast,Oats & Fruits,498,32.4,64.5,22.5,Yoga,Weight Loss focused training,Hair Growth,Carrot juice,Omega-3 rich foods,Avoid sugar & junk food,,,https://tse2.mm.bing.net/th?q=Oats%20%26%20Fruits%20food&w=400&h=400&c=7
Weight Loss,Non-Vegetarian,Hybrid,Day 20,Dinner,Fish Curry,691,23.7,29.5,9.5,Yoga,Weight Loss focused training,Fresh Blood Circulation,Amla juice,Leafy greens,Avoid sugar & junk food,,,https://tse2.mm.bing.net/th?q=Fish%20Curry%20food&w=400&h=400&c=7
Weight Gain,Non-Vegetarian,Home,Day 17,Snack,Chicken Rice,493,27.4,79,9.8,Stretching,Weight Gain focused training,Fresh Blood Circulation,Beetroot juice,Nuts & seeds,Regular exercise & sweating,,,https://tse2.mm.bing.net/th?q=Chicken%20Rice%20food&w=400&h=400&c=7
Weight Gain,Vegan,Home,Day 22,Lunch,Chickpea Salad,430,10.6,68,19.5,Yoga,Weight Gain focused training,Reduce Pimples,Warm lemon water,Fruits & vegetables,Daily face cleansing,,,https://tse2.mm.bing.net/th?q=Chickpea%20Salad%20food&w=400&h=400&c=7
Weight Loss,Non-Vegetarian,Gym,Day 7,Dinner,Chicken Rice,416,34,60.3,10.7,Yoga,Weight Loss focused training,Clear Skin,Coconut water,Omega-3 rich foods,Regular exercise & sweating,,,https://tse2.mm.bing.net/th?q=Chicken%20Rice%20food&w=400&h=400&c=7
Weight Maintain,Vegan,Hybrid,Day 5,Breakfast,Lentil Soup,475,39,72.7,21.5,Yoga,Weight Maintain focused training,Clear Skin,Green tea,Nuts & seeds,Sleep 7–8 hours,,,https://tse2.mm.bing.net/th?q=Lentil%20Soup%20food&w=400&h=400&c=7
Weight Loss,Vegetarian,Hybrid,Day 21,Snack,Veg Khichdi,286,33.5,29.1,20.8,Yoga,Weight Loss focused training,Fresh Blood Circulation,Green tea,Nuts & seeds,Daily face cleansing,,,https://tse2.mm.bing.net/th?q=Veg%20Khichdi%20food&w=400&h=400&c=7
Weight Maintain,Non-Vegetarian,Hybrid,Day 22,Snack,Egg Omelette,697,45,46.2,27,Strength Training,Weight Maintain focused training,Hair Growth,Coconut water,Nuts & seeds,Regular exercise & sweating,,,https://tse2.mm.bing.net/th?q=Egg%20Omelette%20food&w=400&h=400&c=7
Weight Maintain,Vegetarian,Gym,Day 30,Dinner,Quinoa Salad,492,27.7,41.6,13.3,Cardio,Weight Maintain focused training,Glowing Skin,Green tea,Nuts & seeds,Regular exercise & sweating,,,https://tse2.mm.bing.net/th?q=Quinoa%20Salad%20food&w=400&h=400&c=7
Weight Loss,Vegetarian,Home,Day 23,Dinner,Quinoa Salad,276,30.8,50.8,13.2,HIIT,Weight Loss focused training,Glowing Skin,Coconut water,Fruits & vegetables,Daily face cleansing,,,https://tse2.mm.bing.net/th?q=Quinoa%20Salad%20food&w=400&h=400&c=7
Weight Loss,Non-Vegetarian,Home,Day 2,Snack,Chicken Rice,300,30.5,60.5,29.2,Stretching,Weight Loss focused training,Reduce Pimples,Green tea,Leafy greens,Daily face cleansing,,,https://tse2.mm.bing.net/th?q=Chicken%20Rice%20food&w=400&h=400&c=7
Weight Loss,Vegetarian,Hybrid,Day 8,Snack,Dal & Rice,416,42.2,65.6,19.9,Strength Training,Weight Loss focused training,Clear Skin,Amla juice,Leafy greens,Drink 2–3L water daily,,,https://tse2.mm.bing.net/th?q=Dal%20%26%20Rice%20food&w=400&h=400&c=7
Weight Maintain,Vegetarian,Home,Day 8,Lunch,Dal & Rice,523,22.8,43.5,7.1,Strength Training,Weight Maintain focused training,Glowing Skin,Warm lemon water,Fruits & vegetables,Avoid sugar & junk food,,,https://tse2.mm.bing.net/th?q=Dal%20%26%20Rice%20food&w=400&h=400&c=7
Weight Gain,Vegetarian,Home,Day 12,Breakfast,Quinoa Salad,559,42,54.4,21.6,Cardio,Weight Gain focused training,Hair Growth,Turmeric milk,Fruits & vegetables,Avoid sugar & junk food,,,https://tse2.mm.bing.net/th?q=Quinoa%20Salad%20food&w=400&h=400&c=7
Weight Loss,Non-Vegetarian,Hybrid,Day 2,Lunch,Egg Omelette,681,27.5,55.2,6.2,Strength Training,Weight Loss focused training,Reduce Pimples,Coconut water,Fruits & vegetables,Drink 2–3L water daily,,,https://tse2.mm.bing.net/th?q=Egg%20Omelette%20food&w=400&h=400&c=7
Weight Loss,Vegetarian,Home,Day 8,Lunch,Quinoa Salad,678,19.2,22.1,21.1,Cardio,Weight Loss focused training,Glowing Skin,Green tea,Nuts & seeds,Sleep 7–8 hours,,,https://tse2.mm.bing.net/th?q=Quinoa%20Salad%20food&w=400&h=400&c=7
Weight Loss,Non-Vegetarian,Gym,Day 14,Snack,Egg Omelette,740,44.3,64.4,5.6,Yoga,Weight Loss focused training,Reduce Pimples,Amla juice,Leafy greens,Avoid sugar & junk food,,,https://tse2.mm.bing.net/th?q=Egg%20Omelette%20food&w=400&h=400&c=7
Weight Maintain,Vegan,Gym,Day 17,Dinner,Lentil Soup,503,30.9,73.2,10.4,Cardio,Weight Maintain focused training,Hair Growth,Carrot juice,Omega-3 rich foods,Include antioxidants,,,https://tse2.mm.bing.net/th?q=Lentil%20Soup%20food&w=400&h=400&c=7
Weight Loss,Vegan,Gym,Day 7,Snack,Chickpea Salad,392,21.5,82,24.3,Strength Training,Weight Loss focused training,Anti-Aging,Coconut water,Nuts & seeds,Regular exercise & sweating,,,https://tse2.mm.bing.net/th?q=Chickpea%20Salad%20food&w=400&h=400&c=7
Weight Gain,Non-Vegetarian,Gym,Day 29,Snack,Fish Curry,675,15,62.5,25.9,Strength Training,Weight Gain focused training,Anti-Aging,Carrot juice,Nuts & seeds,Avoid sugar & junk food,,,https://tse2.mm.bing.net/th?q=Fish%20Curry%20food&w=400&h=400&c=7
Weight Maintain,Vegan,Gym,Day 11,Breakfast,Tofu Stir Fry,709,33.8,35.9,13.9,HIIT,Weight Maintain focused training,Reduce Pimples,Turmeric milk,Nuts & seeds,Daily face cleansing,,,https://tse2.mm.bing.net/th?q=Tofu%20Stir%20Fry%20food&w=400&h=400&c=7
Weight Maintain,Non-Vegetarian,Home,Day 30,Dinner,Grilled Chicken Salad,743,18.8,84.1,28.1,Cardio,Weight Maintain focused training,Reduce Pimples,Turmeric milk,Nuts & seeds,Sleep 7–8 hours,,,https://tse2.mm.bing.net/th?q=Grilled%20Chicken%20Salad%20food&w=400&h=400&c=7
Weight Loss,Vegetarian,Gym,Day 9,Lunch,Dal & Rice,614,23,75.9,5.9,HIIT,Weight Loss focused training,Anti-Aging,Coconut water,Leafy greens,Daily face cleansing,,,https://tse2.mm.bing.net/th?q=Dal%20%26%20Rice%20food&w=400&h=400&c=7
Weight Loss,Vegetarian,Home,Day 15,Dinner,Oats & Fruits,379,22.5,62.1,22.6,HIIT,Weight Loss focused training,Hair Growth,Amla juice,Leafy greens,Include antioxidants,,,https://tse2.mm.bing.net/th?q=Oats%20%26%20Fruits%20food&w=400&h=400&c=7
Weight Gain,Non-Vegetarian,Hybrid,Day 2,Breakfast,Fish Curry,312,10.9,85.1,26.2,Strength Training,Weight Gain focused training,Clear Skin,Green tea,Nuts & seeds,Drink 2–3L water daily,,,https://tse2.mm.bing.net/th?q=Fish%20Curry%20food&w=400&h=400&c=7
Weight Gain,Vegan,Gym,Day 20,Breakfast,Vegan Smoothie,513,34.8,67.6,18.4,Cardio,Weight Gain focused training,Anti-Aging,Coconut water,Fruits & vegetables,Include antioxidants,,,https://tse2.mm.bing.net/th?q=Vegan%20Smoothie%20food&w=400&h=400&c=7
Weight Loss,Non-Vegetarian,Home,Day 7,Snack,Egg Omelette,279,12.8,56.8,27.7,Strength Training,Weight Loss focused training,Clear Skin,Green tea,Omega-3 rich foods,Include antioxidants,,,https://tse2.mm.bing.net/th?q=Egg%20Omelette%20food&w=400&h=400&c=7
Weight Loss,Non-Vegetarian,Gym,Day 13,Dinner,Grilled Chicken Salad,695,39.4,32.7,21,Strength Training,Weight Loss focused training,Glowing Skin,Warm lemon water,Citrus fruits,Regular exercise & sweating,,,https://tse2.mm.bing.net/th?q=Grilled%20Chicken%20Salad%20food&w=400&h=400&c=7
Weight Gain,Vegetarian,Gym,Day 12,Dinner,Quinoa Salad,299,36.2,28.8,19.6,Strength Training,Weight Gain focused training,Anti-Aging,Coconut water,Omega-3 rich foods,Drink 2–3L water daily,,,https://tse2.mm.bing.net/th?q=Quinoa%20Salad%20food&w=400&h=400&c=7
Weight Maintain,Vegetarian,Hybrid,Day 24,Dinner,Dal & Rice,710,21.6,31.7,28.9,Cardio,Weight Maintain focused training,Fresh Blood Circulation,Turmeric milk,Leafy greens,Drink 2–3L water daily,,,https://tse2.mm.bing.net/th?q=Dal%20%26%20Rice%20food&w=400&h=400&c=7
Weight Loss,Vegan,Hybrid,Day 23,Breakfast,Chickpea Salad,366,11.7,29.8,19.9,Cardio,Weight Loss focused training,Clear Skin,Green tea,Leafy greens,Include antioxidants,,,https://tse2.mm.bing.net/th?q=Chickpea%20Salad%20food&w=400&h=400&c=7
Weight Gain,Vegan,Hybrid,Day 19,Lunch,Lentil Soup,455,23.7,47.8,24.5,Yoga,Weight Gain focused training,Reduce Pimples,Beetroot juice,Leafy greens,Regular exercise & sweating,,,https://tse2.mm.bing.net/th?q=Lentil%20Soup%20food&w=400&h=400&c=7
Weight Maintain,Vegetarian,Home,Day 3,Breakfast,Dal & Rice,620,27.6,86.8,21.4,Cardio,Weight Maintain focused training,Clear Skin,Turmeric milk,Fruits & vegetables,Sleep 7–8 hours,,,https://tse2.mm.bing.net/th?q=Dal%20%26%20Rice%20food&w=400&h=400&c=7
Weight Loss,Vegan,Hybrid,Day 29,Dinner,Lentil Soup,748,39.8,32.4,21.5,HIIT,Weight Loss focused training,Glowing Skin,Amla juice,Fruits & vegetables,Regular exercise & sweating,,,https://tse2.mm.bing.net/th?q=Lentil%20Soup%20food&w=400&h=400&c=7
Weight Maintain,Vegan,Gym,Day 14,Snack,Chickpea Salad,490,41.9,78.9,6.9,Strength Training,Weight Maintain focused training,Hair Growth,Beetroot juice,Citrus fruits,Avoid sugar & junk food,,,https://tse2.mm.bing.net/th?q=Chickpea%20Salad%20food&w=400&h=400&c=7
Weight Maintain,Vegan,Gym,Day 16,Snack,Chickpea Salad,725,19.6,75.2,15.7,Cardio,Weight Maintain focused training,Hair Growth,Warm lemon water,Leafy greens,Sleep 7–8 hours,,,https://tse2.mm.bing.net/th?q=Chickpea%20Salad%20food&w=400&h=400&c=7
Weight Maintain,Vegetarian,Hybrid,Day 7,Snack,Dal & Rice,750,29.7,26.3,29.2,Yoga,Weight Maintain focused training,Anti-Aging,Turmeric milk,Citrus fruits,Daily face cleansing,,,https://tse2.mm.bing.net/th?q=Dal%20%26%20Rice%20food&w=400&h=400&c=7
Weight Gain,Vegan,Gym,Day 11,Breakfast,Lentil Soup,727,16.3,35.9,21.5,Stretching,Weight Gain focused training,Glowing Skin,Warm lemon water,Omega-3 rich foods,Regular exercise & sweating,,,https://tse2.mm.bing.net/th?q=Lentil%20Soup%20food&w=400&h=400&c=7
Weight Gain,Vegetarian,Gym,Day 5,Lunch,Quinoa Salad,353,36.5,46.5,14.4,Strength Training,Weight Gain focused training,Fresh Blood Circulation,Warm lemon water,Fruits & vegetables,Sleep 7–8 hours,,,https://tse2.mm.bing.net/th?q=Quinoa%20Salad%20food&w=400&h=400&c=7
Weight Maintain,Non-Vegetarian,Home,Day 8,Dinner,Egg Omelette,570,22.6,87.3,29.9,HIIT,Weight Maintain focused training,Anti-Aging,Beetroot juice,Omega-3 rich foods,Include antioxidants,,,https://tse2.mm.bing.net/th?q=Egg%20Omelette%20food&w=400&h=400&c=7
Weight Loss,Vegetarian,Home,Day 18,Breakfast,Paneer Bowl,313,36,45.8,16.7,Cardio,Weight Loss focused training,Fresh Blood Circulation,Amla juice,Nuts & seeds,Drink 2–3L water daily,,,https://tse2.mm.bing.net/th?q=Paneer%20Bowl%20food&w=400&h=400&c=7
Weight Gain,Vegetarian,Home,Day 16,Lunch,Oats & Fruits,358,35,72.7,27.3,Cardio,Weight Gain focused training,Reduce Pimples,Beetroot juice,Citrus fruits,Sleep 7–8 hours,,,https://tse2.mm.bing.net/th?q=Oats%20%26%20Fruits%20food&w=400&h=400&c=7
Weight Gain,Vegan,Home,Day 26,Breakfast,Vegan Smoothie,251,27.3,83.1,16.6,Strength Training,Weight Gain focused training,Clear Skin,Amla juice,Leafy greens,Sleep 7–8 hours,,,https://tse2.mm.bing.net/th?q=Vegan%20Smoothie%20food&w=400&h=400&c=7
Weight Maintain,Non-Vegetarian,Hybrid,Day 28,Dinner,Chicken Rice,429,20.5,76.5,16.6,Stretching,Weight Maintain focused training,Clear Skin,Turmeric milk,Omega-3 rich foods,Regular exercise & sweating,,,https://tse2.mm.bing.net/th?q=Chicken%20Rice%20food&w=400&h=400&c=7
Weight Gain,Vegetarian,Gym,Day 18,Lunch,Dal & Rice,706,22.1,65.5,28.7,HIIT,Weight Gain focused training,Hair Growth,Coconut water,Omega-3 rich foods,Sleep 7–8 hours,,,https://tse2.mm.bing.net/th?q=Dal%20%26%20Rice%20food&w=400&h=400&c=7
Weight Loss,Vegan,Home,Day 24,Breakfast,Tofu Stir Fry,616,29.7,83.9,9.5,Strength Training,Weight Loss focused training,Fresh Blood Circulation,Warm lemon water,Leafy greens,Sleep 7–8 hours,,,https://tse2.mm.bing.net/th?q=Tofu%20Stir%20Fry%20food&w=400&h=400&c=7
Weight Maintain,Vegan,Home,Day 22,Dinner,Vegan Smoothie,400,37,52.7,6,Stretching,Weight Maintain focused training,Fresh Blood Circulation,Amla juice,Nuts & seeds,Regular exercise & sweating,,,https://tse2.mm.bing.net/th?q=Vegan%20Smoothie%20food&w=400&h=400&c=7
Weight Loss,Vegan,Hybrid,Day 2,Lunch,Tofu Stir Fry,589,19.1,65.1,6.3,Cardio,Weight Loss focused training,Reduce Pimples,Amla juice,Nuts & seeds,Drink 2–3L water daily,,,https://tse2.mm.bing.net/th?q=Tofu%20Stir%20Fry%20food&w=400&h=400&c=7
Weight Loss,Vegetarian,Hybrid,Day 22,Breakfast,Paneer Bowl,557,20.6,71.7,22.9,Stretching,Weight Loss focused training,Anti-Aging,Turmeric milk,Omega-3 rich foods,Sleep 7–8 hours,,,https://tse2.mm.bing.net/th?q=Paneer%20Bowl%20food&w=400&h=400&c=7
Weight Maintain,Non-Vegetarian,Home,Day 8,Breakfast,Egg Omelette,680,33.5,78.9,25.5,Cardio,Weight Maintain focused training,Anti-Aging,Amla juice,Nuts & seeds,Avoid sugar & junk food,,,https://tse2.mm.bing.net/th?q=Egg%20Omelette%20food&w=400&h=400&c=7
Weight Loss,Non-Vegetarian,Hybrid,Day 26,Breakfast,Fish Curry,304,35.2,23.9,7.8,Cardio,Weight Loss focused training,Clear Skin,Amla juice,Nuts & seeds,Daily face cleansing,,,https://tse2.mm.bing.net/th?q=Fish%20Curry%20food&w=400&h=400&c=7
Weight Loss,Vegetarian,Hybrid,Day 2,Snack,Oats & Fruits,738,14.8,22,25,Cardio,Weight Loss focused training,Reduce Pimples,Carrot juice,Citrus fruits,Drink 2–3L water daily,,,https://tse2.mm.bing.net/th?q=Oats%20%26%20Fruits%20food&w=400&h=400&c=7
Weight Gain,Vegetarian,Home,Day 18,Dinner,Quinoa Salad,263,31.2,80.9,18.5,Stretching,Weight Gain focused training,Fresh Blood Circulation,Coconut water,Omega-3 rich foods,Include antioxidants,,,https://tse2.mm.bing.net/th?q=Quinoa%20Salad%20food&w=400&h=400&c=7
Weight Gain,Vegetarian,Hybrid,Day 14,Snack,Veg Khichdi,509,42.7,87,21.6,HIIT,Weight Gain focused training,Clear Skin,Turmeric milk,Citrus fruits,Regular exercise & sweating,,,https://tse2.mm.bing.net/th?q=Veg%20Khichdi%20food&w=400&h=400&c=7
Weight Gain,Non-Vegetarian,Home,Day 21,Lunch,Chicken Rice,397,15.3,48.6,20.7,Yoga,Weight Gain focused training,Glowing Skin,Carrot juice,Citrus fruits,Sleep 7–8 hours,,,https://tse2.mm.bing.net/th?q=Chicken%20Rice%20food&w=400&h=400&c=7
Weight Loss,Non-Vegetarian,Gym,Day 19,Breakfast,Grilled Chicken Salad,448,18.7,48.8,10.4,Strength Training,Weight Loss focused training,Reduce Pimples,Turmeric milk,Fruits & vegetables,Avoid sugar & junk food,,,https://tse2.mm.bing.net/th?q=Grilled%20Chicken%20Salad%20food&w=400&h=400&c=7
Weight Loss,Non-Vegetarian,Home,Day 29,Snack,Grilled Chicken Salad,267,22.3,48.8,9.3,Yoga,Weight Loss focused training,Fresh Blood Circulation,Green tea,Citrus fruits,Regular exercise & sweating,,,https://tse2.mm.bing.net/th?q=Grilled%20Chicken%20Salad%20food&w=400&h=400&c=7
Weight Maintain,Vegan,Gym,Day 29,Snack,Chickpea Salad,581,15.4,74.3,20.8,Strength Training,Weight Maintain focused training,Clear Skin,Green tea,Nuts & seeds,Drink 2–3L water daily,,,https://tse2.mm.bing.net/th?q=Chickpea%20Salad%20food&w=400&h=400&c=7
Weight Loss,Vegan,Hybrid,Day 13,Snack,Chickpea Salad,464,14,29,20.2,Cardio,Weight Loss focused training,Fresh Blood Circulation,Coconut water,Omega-3 rich foods,Avoid sugar & junk food,,,https://tse2.mm.bing.net/th?q=Chickpea%20Salad%20food&w=400&h=400&c=7
Weight Loss,Non-Vegetarian,Home,Day 8,Dinner,Chicken Rice,430,42.6,21.6,17.3,Cardio,Weight Loss focused training,Hair Growth,Turmeric milk,Leafy greens,Daily face cleansing,,,https://tse2.mm.bing.net/th?q=Chicken%20Rice%20food&w=400&h=400&c=7
Weight Maintain,Vegan,Home,Day 2,Breakfast,Lentil Soup,373,41.4,46,7.2,Cardio,Weight Maintain focused training,Anti-Aging,Beetroot juice,Omega-3 rich foods,Drink 2–3L water daily,,,https://tse2.mm.bing.net/th?q=Lentil%20Soup%20food&w=400&h=400&c=7
Weight Loss,Vegan,Home,Day 13,Lunch,Chickpea Salad,345,25.5,78.6,16.5,Stretching,Weight Loss focused training,Fresh Blood Circulation,Amla juice,Leafy greens,Avoid sugar & junk food,,,https://tse2.mm.bing.net/th?q=Chickpea%20Salad%20food&w=400&h=400&c=7
Weight Gain,Non-Vegetarian,Hybrid,Day 12,Snack,Fish Curry,679,15.6,57.2,20.7,HIIT,Weight Gain focused training,Anti-Aging,Warm lemon water,Nuts & seeds,Daily face cleansing,,,https://tse2.mm.bing.net/th?q=Fish%20Curry%20food&w=400&h=400&c=7
Weight Gain,Vegan,Gym,Day 21,Dinner,Vegan Smoothie,516,22.7,25.3,16,Stretching,Weight Gain focused training,Reduce Pimples,Warm lemon water,Nuts & seeds,Regular exercise & sweating,,,https://tse2.mm.bing.net/th?q=Vegan%20Smoothie%20food&w=400&h=400&c=7
Weight Maintain,Non-Vegetarian,Home,Day 28,Snack,Egg Omelette,386,11.2,65,22.5,Strength Training,Weight Maintain focused training,Reduce Pimples,Amla juice,Citrus fruits,Daily face cleansing,,,https://tse2.mm.bing.net/th?q=Egg%20Omelette%20food&w=400&h=400&c=7
Weight Loss,Vegan,Gym,Day 30,Snack,Tofu Stir Fry,671,17.9,44.6,19.4,Cardio,Weight Loss focused training,Clear Skin,Coconut water,Omega-3 rich foods,Include antioxidants,,,https://tse2.mm.bing.net/th?q=Tofu%20Stir%20Fry%20food&w=400&h=400&c=7
Weight Loss,Vegan,Gym,Day 24,Breakfast,Lentil Soup,601,22,52.9,16.7,Yoga,Weight Loss focused training,Fresh Blood Circulation,Amla juice,Citrus fruits,Avoid sugar & junk food,,,https://tse2.mm.bing.net/th?q=Lentil%20Soup%20food&w=400&h=400&c=7
Weight Loss,Non-Vegetarian,Gym,Day 20,Dinner,Chicken Rice,469,37.5,72,13.7,HIIT,Weight Loss focused training,Hair Growth,Carrot juice,Citrus fruits,Daily face cleansing,,,https://tse2.mm.bing.net/th?q=Chicken%20Rice%20food&w=400&h=400&c=7
Weight Gain,Vegan,Home,Day 15,Snack,Lentil Soup,341,43.3,55.5,26.8,Strength Training,Weight Gain focused training,Reduce Pimples,Beetroot juice,Omega-3 rich foods,Daily face cleansing,,,https://tse2.mm.bing.net/th?q=Lentil%20Soup%20food&w=400&h=400&c=7
Weight Gain,Non-Vegetarian,Home,Day 4,Dinner,Egg Omelette,513,15.4,45.8,19.4,Strength Training,Weight Gain focused training,Clear Skin,Turmeric milk,Nuts & seeds,Avoid sugar & junk food,,,https://tse2.mm.bing.net/th?q=Egg%20Omelette%20food&w=400&h=400&c=7
Weight Loss,Non-Vegetarian,Home,Day 17,Breakfast,Fish Curry,661,39.9,43.1,24.7,HIIT,Weight Loss focused training,Glowing Skin,Turmeric milk,Fruits & vegetables,Regular exercise & sweating,,,https://tse2.mm.bing.net/th?q=Fish%20Curry%20food&w=400&h=400&c=7
Weight Gain,Vegan,Home,Day 6,Breakfast,Chickpea Salad,643,19.2,55,24.7,Cardio,Weight Gain focused training,Hair Growth,Turmeric milk,Leafy greens,Sleep 7–8 hours,,,https://tse2.mm.bing.net/th?q=Chickpea%20Salad%20food&w=400&h=400&c=7
Weight Maintain,Vegetarian,Hybrid,Day 5,Lunch,Veg Khichdi,542,24.6,48.9,19.7,Stretching,Weight Maintain focused training,Reduce Pimples,Turmeric milk,Nuts & seeds,Avoid sugar & junk food,,,https://tse2.mm.bing.net/th?q=Veg%20Khichdi%20food&w=400&h=400&c=7
Weight Loss,Vegetarian,Home,Day 14,Dinner,Veg Khichdi,541,25.8,31.6,5.9,Stretching,Weight Loss focused training,Clear Skin,Carrot juice,Leafy greens,Include antioxidants,,,https://tse2.mm.bing.net/th?q=Veg%20Khichdi%20food&w=400&h=400&c=7
Weight Maintain,Vegan,Home,Day 6,Lunch,Lentil Soup,451,28.4,79.9,7.7,HIIT,Weight Maintain focused training,Clear Skin,Warm lemon water,Citrus fruits,Drink 2–3L water daily,,,https://tse2.mm.bing.net/th?q=Lentil%20Soup%20food&w=400&h=400&c=7
Weight Loss,Non-Vegetarian,Gym,Day 9,Lunch,Egg Omelette,623,41.4,23.2,22.9,HIIT,Weight Loss focused training,Hair Growth,Green tea,Nuts & seeds,Regular exercise & sweating,,,https://tse2.mm.bing.net/th?q=Egg%20Omelette%20food&w=400&h=400&c=7
Weight Maintain,Vegetarian,Home,Day 9,Snack,Dal & Rice,441,42.2,50.6,6.4,Yoga,Weight Maintain focused training,Anti-Aging,Coconut water,Omega-3 rich foods,Include antioxidants,,,https://tse2.mm.bing.net/th?q=Dal%20%26%20Rice%20food&w=400&h=400&c=7
Weight Gain,Vegetarian,Gym,Day 11,Dinner,Dal & Rice,270,43.9,55.8,5.3,Stretching,Weight Gain focused training,Clear Skin,Coconut water,Omega-3 rich foods,Regular exercise & sweating,,,https://tse2.mm.bing.net/th?q=Dal%20%26%20Rice%20food&w=400&h=400&c=7
Weight Maintain,Vegan,Home,Day 28,Snack,Tofu Stir Fry,509,31.9,36.5,10,Strength Training,Weight Maintain focused training,Reduce Pimples,Turmeric milk,Omega-3 rich foods,Regular exercise & sweating,,,https://tse2.mm.bing.net/th?q=Tofu%20Stir%20Fry%20food&w=400&h=400&c=7
Weight Maintain,Non-Vegetarian,Gym,Day 28,Lunch,Grilled Chicken Salad,466,34.1,83.7,9.2,Stretching,Weight Maintain focused training,Hair Growth,Carrot juice,Fruits & vegetables,Avoid sugar & junk food,,,https://tse2.mm.bing.net/th?q=Grilled%20Chicken%20Salad%20food&w=400&h=400&c=7
Weight Loss,Vegan,Hybrid,Day 20,Breakfast,Chickpea Salad,418,35.6,75.1,5.1,Strength Training,Weight Loss focused training,Reduce Pimples,Beetroot juice,Citrus fruits,Drink 2–3L water daily,,,https://tse2.mm.bing.net/th?q=Chickpea%20Salad%20food&w=400&h=400&c=7
Weight Loss,Non-Vegetarian,Hybrid,Day 21,Breakfast,Chicken Rice,656,20.4,33.8,19.4,Stretching,Weight Loss focused training,Reduce Pimples,Green tea,Fruits & vegetables,Regular exercise & sweating,,,https://tse2.mm.bing.net/th?q=Chicken%20Rice%20food&w=400&h=400&c=7
Weight Gain,Vegan,Hybrid,Day 20,Snack,Lentil Soup,720,28.5,46.4,24.7,Stretching,Weight Gain focused training,Reduce Pimples,Beetroot juice,Leafy greens,Drink 2–3L water daily,,,https://tse2.mm.bing.net/th?q=Lentil%20Soup%20food&w=400&h=400&c=7
Weight Gain,Non-Vegetarian,Home,Day 25,Dinner,Grilled Chicken Salad,649,21.9,65,27,Yoga,Weight Gain focused training,Anti-Aging,Turmeric milk,Fruits & vegetables,Regular exercise & sweating,,,https://tse2.mm.bing.net/th?q=Grilled%20Chicken%20Salad%20food&w=400&h=400&c=7
Weight Loss,Non-Vegetarian,Home,Day 30,Snack,Grilled Chicken Salad,570,25.1,53.4,11.4,HIIT,Weight Loss focused training,Reduce Pimples,Amla juice,Nuts & seeds,Avoid sugar & junk food,,,https://tse2.mm.bing.net/th?q=Grilled%20Chicken%20Salad%20food&w=400&h=400&c=7
Weight Gain,Vegetarian,Hybrid,Day 15,Snack,Dal & Rice,578,13.6,39.1,10.4,Yoga,Weight Gain focused training,Fresh Blood Circulation,Green tea,Leafy greens,Daily face cleansing,,,https://tse2.mm.bing.net/th?q=Dal%20%26%20Rice%20food&w=400&h=400&c=7
Weight Gain,Vegetarian,Gym,Day 30,Breakfast,Quinoa Salad,334,22.4,66.5,30,Stretching,Weight Gain focused training,Anti-Aging,Carrot juice,Citrus fruits,Avoid sugar & junk food,,,https://tse2.mm.bing.net/th?q=Quinoa%20Salad%20food&w=400&h=400&c=7
Weight Loss,Vegan,Hybrid,Day 16,Snack,Lentil Soup,263,38.1,78.2,23.4,Yoga,Weight Loss focused training,Anti-Aging,Amla juice,Fruits & vegetables,Avoid sugar & junk food,,,https://tse2.mm.bing.net/th?q=Lentil%20Soup%20food&w=400&h=400&c=7
Weight Loss,Non-Vegetarian,Hybrid,Day 20,Breakfast,Grilled Chicken Salad,418,31,33,22.2,Stretching,Weight Loss focused training,Clear Skin,Beetroot juice,Leafy greens,Drink 2–3L water daily,,,https://tse2.mm.bing.net/th?q=Grilled%20Chicken%20Salad%20food&w=400&h=400&c=7
Weight Maintain,Vegetarian,Home,Day 19,Snack,Veg Khichdi,345,35.4,32.9,15.8,Stretching,Weight Maintain focused training,Glowing Skin,Green tea,Citrus fruits,Regular exercise & sweating,,,https://tse2.mm.bing.net/th?q=Veg%20Khichdi%20food&w=400&h=400&c=7
Weight Loss,Vegan,Home,Day 7,Breakfast,Tofu Stir Fry,388,39.5,74,14.1,Stretching,Weight Loss focused training,Fresh Blood Circulation,Turmeric milk,Omega-3 rich foods,Drink 2–3L water daily,,,https://tse2.mm.bing.net/th?q=Tofu%20Stir%20Fry%20food&w=400&h=400&c=7
Weight Maintain,Non-Vegetarian,Gym,Day 29,Breakfast,Fish Curry,521,21.2,88,25.6,Strength Training,Weight Maintain focused training,Anti-Aging,Warm lemon water,Nuts & seeds,Regular exercise & sweating,,,https://tse2.mm.bing.net/th?q=Fish%20Curry%20food&w=400&h=400&c=7
Weight Loss,Non-Vegetarian,Hybrid,Day 8,Dinner,Egg Omelette,430,13.7,29.8,15.1,Stretching,Weight Loss focused training,Anti-Aging,Beetroot juice,Omega-3 rich foods,Include antioxidants,,,https://tse2.mm.bing.net/th?q=Egg%20Omelette%20food&w=400&h=400&c=7
Weight Maintain,Vegan,Gym,Day 7,Lunch,Tofu Stir Fry,430,22.5,53,23.1,Stretching,Weight Maintain focused training,Hair Growth,Green tea,Leafy greens,Regular exercise & sweating,,,https://tse2.mm.bing.net/th?q=Tofu%20Stir%20Fry%20food&w=400&h=400&c=7
Weight Maintain,Vegan,Hybrid,Day 2,Snack,Chickpea Salad,593,44.1,28.9,5.2,Yoga,Weight Maintain focused training,Reduce Pimples,Amla juice,Leafy greens,Drink 2–3L water daily,,,https://tse2.mm.bing.net/th?q=Chickpea%20Salad%20food&w=400&h=400&c=7
Weight Gain,Vegetarian,Home,Day 3,Dinner,Veg Khichdi,722,11.9,69.9,8.9,Strength Training,Weight Gain focused training,Hair Growth,Amla juice,Omega-3 rich foods,Include antioxidants,,,https://tse2.mm.bing.net/th?q=Veg%20Khichdi%20food&w=400&h=400&c=7
Weight Gain,Vegetarian,Home,Day 9,Lunch,Quinoa Salad,616,36.7,37.7,25.5,Yoga,Weight Gain focused training,Fresh Blood Circulation,Amla juice,Leafy greens,Avoid sugar & junk food,,,https://tse2.mm.bing.net/th?q=Quinoa%20Salad%20food&w=400&h=400&c=7
Weight Loss,Vegetarian,Hybrid,Day 15,Breakfast,Oats & Fruits,361,19.6,43.7,10.4,Cardio,Weight Loss focused training,Glowing Skin,Carrot juice,Nuts & seeds,Include antioxidants,,,https://tse2.mm.bing.net/th?q=Oats%20%26%20Fruits%20food&w=400&h=400&c=7
Weight Loss,Vegan,Gym,Day 18,Snack,Lentil Soup,467,28.4,37.6,18.2,Strength Training,Weight Loss focused training,Hair Growth,Green tea,Leafy greens,Regular exercise & sweating,,,https://tse2.mm.bing.net/th?q=Lentil%20Soup%20food&w=400&h=400&c=7
Weight Loss,Non-Vegetarian,Home,Day 17,Dinner,Fish Curry,294,24,81.5,15.5,Strength Training,Weight Loss focused training,Fresh Blood Circulation,Carrot juice,Omega-3 rich foods,Regular exercise & sweating,,,https://tse2.mm.bing.net/th?q=Fish%20Curry%20food&w=400&h=400&c=7
Weight Maintain,Non-Vegetarian,Gym,Day 26,Snack,Chicken Rice,372,15.4,52,12.3,Cardio,Weight Maintain focused training,Anti-Aging,Amla juice,Nuts & seeds,Avoid sugar & junk food,,,https://tse2.mm.bing.net/th?q=Chicken%20Rice%20food&w=400&h=400&c=7
Weight Loss,Vegetarian,Hybrid,Day 7,Snack,Veg Khichdi,427,12.1,35.2,16.6,Cardio,Weight Loss focused training,Anti-Aging,Green tea,Fruits & vegetables,Sleep 7–8 hours,,,https://tse2.mm.bing.net/th?q=Veg%20Khichdi%20food&w=400&h=400&c=7
Weight Gain,Vegetarian,Hybrid,Day 27,Lunch,Paneer Bowl,639,21.1,78.6,6.9,Strength Training,Weight Gain focused training,Hair Growth,Amla juice,Nuts & seeds,Drink 2–3L water daily,,,https://tse2.mm.bing.net/th?q=Paneer%20Bowl%20food&w=400&h=400&c=7
Weight Loss,Vegetarian,Home,Day 20,Breakfast,Oats & Fruits,329,38.3,22.9,19,Cardio,Weight Loss focused training,Hair Growth,Green tea,Citrus fruits,Sleep 7–8 hours,,,https://tse2.mm.bing.net/th?q=Oats%20%26%20Fruits%20food&w=400&h=400&c=7
Weight Loss,Vegan,Home,Day 19,Breakfast,Lentil Soup,395,41.1,51.7,7.4,Yoga,Weight Loss focused training,Clear Skin,Green tea,Citrus fruits,Regular exercise & sweating,,,https://tse2.mm.bing.net/th?q=Lentil%20Soup%20food&w=400&h=400&c=7
Weight Maintain,Vegan,Hybrid,Day 1,Breakfast,Lentil Soup,264,10.6,33.5,20.6,HIIT,Weight Maintain focused training,Hair Growth,Coconut water,Nuts & seeds,Avoid sugar & junk food,,,https://tse2.mm.bing.net/th?q=Lentil%20Soup%20food&w=400&h=400&c=7
Weight Loss,Vegetarian,Gym,Day 23,Breakfast,Veg Khichdi,660,30.4,51.7,13.7,HIIT,Weight Loss focused training,Fresh Blood Circulation,Beetroot juice,Omega-3 rich foods,Daily face cleansing,,,https://tse2.mm.bing.net/th?q=Veg%20Khichdi%20food&w=400&h=400&c=7
Weight Loss,Vegetarian,Hybrid,Day 10,Snack,Oats & Fruits,551,34.1,21.3,21.6,Strength Training,Weight Loss focused training,Fresh Blood Circulation,Carrot juice,Citrus fruits,Daily face cleansing,,,https://tse2.mm.bing.net/th?q=Oats%20%26%20Fruits%20food&w=400&h=400&c=7
Weight Loss,Non-Vegetarian,Home,Day 20,Lunch,Grilled Chicken Salad,564,27.4,31.2,7.7,HIIT,Weight Loss focused training,Reduce Pimples,Warm lemon water,Citrus fruits,Sleep 7–8 hours,,,https://tse2.mm.bing.net/th?q=Grilled%20Chicken%20Salad%20food&w=400&h=400&c=7
Weight Maintain,Non-Vegetarian,Hybrid,Day 3,Dinner,Egg Omelette,578,11,66.2,23.6,Yoga,Weight Maintain focused training,Reduce Pimples,Carrot juice,Nuts & seeds,Regular exercise & sweating,,,https://tse2.mm.bing.net/th?q=Egg%20Omelette%20food&w=400&h=400&c=7
Weight Loss,Vegan,Home,Day 16,Dinner,Tofu Stir Fry,719,30.9,81.1,6.1,HIIT,Weight Loss focused training,Anti-Aging,Coconut water,Leafy greens,Avoid sugar & junk food,,,https://tse2.mm.bing.net/th?q=Tofu%20Stir%20Fry%20food&w=400&h=400&c=7
Weight Maintain,Non-Vegetarian,Home,Day 2,Snack,Egg Omelette,689,43.6,53,5,Yoga,Weight Maintain focused training,Fresh Blood Circulation,Beetroot juice,Citrus fruits,Regular exercise & sweating,,,https://tse2.mm.bing.net/th?q=Egg%20Omelette%20food&w=400&h=400&c=7
Weight Loss,Vegan,Gym,Day 23,Snack,Tofu Stir Fry,481,22.8,58.2,28.2,Cardio,Weight Loss focused training,Clear Skin,Amla juice,Fruits & vegetables,Include antioxidants,,,https://tse2.mm.bing.net/th?q=Tofu%20Stir%20Fry%20food&w=400&h=400&c=7
Weight Maintain,Non-Vegetarian,Hybrid,Day 2,Breakfast,Fish Curry,369,10,29.5,6.4,HIIT,Weight Maintain focused training,Fresh Blood Circulation,Coconut water,Fruits & vegetables,Include antioxidants,,,https://tse2.mm.bing.net/th?q=Fish%20Curry%20food&w=400&h=400&c=7
Weight Gain,Vegan,Gym,Day 28,Lunch,Lentil Soup,304,23.7,22.5,5.6,Stretching,Weight Gain focused training,Anti-Aging,Carrot juice,Nuts & seeds,Drink 2–3L water daily,,,https://tse2.mm.bing.net/th?q=Lentil%20Soup%20food&w=400&h=400&c=7
Weight Gain,Non-Vegetarian,Hybrid,Day 29,Dinner,Fish Curry,486,34.9,62.4,8.3,Stretching,Weight Gain focused training,Reduce Pimples,Carrot juice,Leafy greens,Daily face cleansing,,,https://tse2.mm.bing.net/th?q=Fish%20Curry%20food&w=400&h=400&c=7
Weight Loss,Vegetarian,Hybrid,Day 2,Dinner,Oats & Fruits,583,31.1,71.7,29.7,Strength Training,Weight Loss focused training,Glowing Skin,Warm lemon water,Omega-3 rich foods,Include antioxidants,,,https://tse2.mm.bing.net/th?q=Oats%20%26%20Fruits%20food&w=400&h=400&c=7
Weight Loss,Non-Vegetarian,Gym,Day 13,Breakfast,Fish Curry,477,14.3,58.6,21.8,Strength Training,Weight Loss focused training,Fresh Blood Circulation,Carrot juice,Citrus fruits,Include antioxidants,,,https://tse2.mm.bing.net/th?q=Fish%20Curry%20food&w=400&h=400&c=7
Weight Maintain,Vegetarian,Hybrid,Day 25,Breakfast,Quinoa Salad,709,26.2,55.2,9.1,HIIT,Weight Maintain focused training,Fresh Blood Circulation,Coconut water,Citrus fruits,Drink 2–3L water daily,,,https://tse2.mm.bing.net/th?q=Quinoa%20Salad%20food&w=400&h=400&c=7
Weight Loss,Non-Vegetarian,Gym,Day 3,Breakfast,Grilled Chicken Salad,252,15.1,25,23.2,Yoga,Weight Loss focused training,Glowing Skin,Warm lemon water,Citrus fruits,Include antioxidants,,,https://tse2.mm.bing.net/th?q=Grilled%20Chicken%20Salad%20food&w=400&h=400&c=7
Weight Loss,Vegetarian,Gym,Day 7,Lunch,Oats & Fruits,478,32.2,76.3,29.8,HIIT,Weight Loss focused training,Glowing Skin,Carrot juice,Fruits & vegetables,Daily face cleansing,,,https://tse2.mm.bing.net/th?q=Oats%20%26%20Fruits%20food&w=400&h=400&c=7
Weight Loss,Vegan,Gym,Day 22,Lunch,Lentil Soup,484,28.1,65.5,19.7,HIIT,Weight Loss focused training,Anti-Aging,Green tea,Nuts & seeds,Include antioxidants,,,https://tse2.mm.bing.net/th?q=Lentil%20Soup%20food&w=400&h=400&c=7
Weight Maintain,Vegetarian,Hybrid,Day 23,Snack,Dal & Rice,514,35.6,85.3,19.2,Cardio,Weight Maintain focused training,Reduce Pimples,Warm lemon water,Omega-3 rich foods,Drink 2–3L water daily,,,https://tse2.mm.bing.net/th?q=Dal%20%26%20Rice%20food&w=400&h=400&c=7
Weight Gain,Vegan,Hybrid,Day 5,Lunch,Chickpea Salad,329,20.1,28.7,17.4,HIIT,Weight Gain focused training,Glowing Skin,Turmeric milk,Omega-3 rich foods,Include antioxidants,,,https://tse2.mm.bing.net/th?q=Chickpea%20Salad%20food&w=400&h=400&c=7
Weight Maintain,Non-Vegetarian,Gym,Day 2,Dinner,Chicken Rice,512,11,22.6,13.5,HIIT,Weight Maintain focused training,Hair Growth,Coconut water,Omega-3 rich foods,Include antioxidants,,,https://tse2.mm.bing.net/th?q=Chicken%20Rice%20food&w=400&h=400&c=7
Weight Loss,Non-Vegetarian,Gym,Day 13,Snack,Egg Omelette,597,39.1,34.7,15.9,HIIT,Weight Loss focused training,Anti-Aging,Green tea,Citrus fruits,Avoid sugar & junk food,,,https://tse2.mm.bing.net/th?q=Egg%20Omelette%20food&w=400&h=400&c=7
Weight Loss,Non-Vegetarian,Home,Day 14,Breakfast,Fish Curry,414,12.6,61,15.2,Stretching,Weight Loss focused training,Reduce Pimples,Coconut water,Nuts & seeds,Include antioxidants,,,https://tse2.mm.bing.net/th?q=Fish%20Curry%20food&w=400&h=400&c=7
Weight Maintain,Vegetarian,Hybrid,Day 29,Breakfast,Paneer Bowl,460,12.7,86.2,21.8,Strength Training,Weight Maintain focused training,Hair Growth,Coconut water,Nuts & seeds,Regular exercise & sweating,,,https://tse2.mm.bing.net/th?q=Paneer%20Bowl%20food&w=400&h=400&c=7
Weight Loss,Vegan,Hybrid,Day 28,Dinner,Chickpea Salad,724,15.8,77,12.2,Stretching,Weight Loss focused training,Hair Growth,Carrot juice,Fruits & vegetables,Drink 2–3L water daily,,,https://tse2.mm.bing.net/th?q=Chickpea%20Salad%20food&w=400&h=400&c=7
Weight Loss,Non-Vegetarian,Gym,Day 18,Snack,Chicken Rice,495,31.2,33.8,11.8,Yoga,Weight Loss focused training,Clear Skin,Coconut water,Nuts & seeds,Regular exercise & sweating,,,https://tse2.mm.bing.net/th?q=Chicken%20Rice%20food&w=400&h=400&c=7
Weight Loss,Vegan,Gym,Day 20,Snack,Chickpea Salad,703,23.7,41.3,27.3,Strength Training,Weight Loss focused training,Anti-Aging,Coconut water,Omega-3 rich foods,Avoid sugar & junk food,,,https://tse2.mm.bing.net/th?q=Chickpea%20Salad%20food&w=400&h=400&c=7
Weight Maintain,Vegan,Home,Day 9,Dinner,Lentil Soup,532,26.2,80.7,25,Cardio,Weight Maintain focused training,Anti-Aging,Warm lemon water,Leafy greens,Avoid sugar & junk food,,,https://tse2.mm.bing.net/th?q=Lentil%20Soup%20food&w=400&h=400&c=7
Weight Loss,Vegan,Hybrid,Day 13,Dinner,Chickpea Salad,320,28.6,49.9,19.5,Yoga,Weight Loss focused training,Fresh Blood Circulation,Green tea,Leafy greens,Avoid sugar & junk food,,,https://tse2.mm.bing.net/th?q=Chickpea%20Salad%20food&w=400&h=400&c=7
Weight Gain,Vegan,Gym,Day 10,Dinner,Chickpea Salad,482,34.4,71.8,25.9,Cardio,Weight Gain focused training,Fresh Blood Circulation,Turmeric milk,Omega-3 rich foods,Include antioxidants,,,https://tse2.mm.bing.net/th?q=Chickpea%20Salad%20food&w=400&h=400&c=7
Weight Gain,Non-Vegetarian,Home,Day 23,Dinner,Grilled Chicken Salad,293,12.5,76.3,23,Cardio,Weight Gain focused training,Fresh Blood Circulation,Beetroot juice,Nuts & seeds,Regular exercise & sweating,,,https://tse2.mm.bing.net/th?q=Grilled%20Chicken%20Salad%20food&w=400&h=400&c=7
Weight Gain,Non-Vegetarian,Gym,Day 17,Dinner,Egg Omelette,459,18.8,51.3,15.8,Cardio,Weight Gain focused training,Hair Growth,Beetroot juice,Citrus fruits,Drink 2–3L water daily,,,https://tse2.mm.bing.net/th?q=Egg%20Omelette%20food&w=400&h=400&c=7
Weight Maintain,Vegetarian,Home,Day 8,Snack,Dal & Rice,674,21.8,63.5,13.4,HIIT,Weight Maintain focused training,Clear Skin,Beetroot juice,Fruits & vegetables,Avoid sugar & junk food,,,https://tse2.mm.bing.net/th?q=Dal%20%26%20Rice%20food&w=400&h=400&c=7
Weight Gain,Vegan,Hybrid,Day 16,Dinner,Lentil Soup,290,42.3,65.2,27.6,HIIT,Weight Gain focused training,Fresh Blood Circulation,Carrot juice,Citrus fruits,Regular exercise & sweating,,,https://tse2.mm.bing.net/th?q=Lentil%20Soup%20food&w=400&h=400&c=7
Weight Loss,Vegetarian,Gym,Day 17,Dinner,Dal & Rice,475,34.1,79.5,17.2,Strength Training,Weight Loss focused training,Glowing Skin,Green tea,Leafy greens,Regular exercise & sweating,,,https://tse2.mm.bing.net/th?q=Dal%20%26%20Rice%20food&w=400&h=400&c=7
Weight Loss,Non-Vegetarian,Hybrid,Day 24,Dinner,Chicken Rice,385,10.5,69.1,13.5,Strength Training,Weight Loss focused training,Fresh Blood Circulation,Beetroot juice,Omega-3 rich foods,Drink 2–3L water daily,,,https://tse2.mm.bing.net/th?q=Chicken%20Rice%20food&w=400&h=400&c=7
Weight Loss,Vegan,Hybrid,Day 29,Lunch,Lentil Soup,554,40.2,62.3,9.1,Cardio,Weight Loss focused training,Reduce Pimples,Carrot juice,Leafy greens,Avoid sugar & junk food,,,https://tse2.mm.bing.net/th?q=Lentil%20Soup%20food&w=400&h=400&c=7
Weight Loss,Non-Vegetarian,Hybrid,Day 20,Snack,Fish Curry,645,11.5,83.9,10.8,Cardio,Weight Loss focused training,Reduce Pimples,Carrot juice,Fruits & vegetables,Daily face cleansing,,,https://tse2.mm.bing.net/th?q=Fish%20Curry%20food&w=400&h=400&c=7
Weight Loss,Vegan,Gym,Day 15,Breakfast,Lentil Soup,708,31.1,86.7,26.6,HIIT,Weight Loss focused training,Reduce Pimples,Amla juice,Leafy greens,Avoid sugar & junk food,,,https://tse2.mm.bing.net/th?q=Lentil%20Soup%20food&w=400&h=400&c=7
Weight Gain,Vegan,Hybrid,Day 26,Breakfast,Vegan Smoothie,713,33.3,78.4,6.9,Cardio,Weight Gain focused training,Clear Skin,Green tea,Nuts & seeds,Drink 2–3L water daily,,,https://tse2.mm.bing.net/th?q=Vegan%20Smoothie%20food&w=400&h=400&c=7
Weight Loss,Vegetarian,Gym,Day 8,Dinner,Paneer Bowl,660,26.6,40.4,22.1,Stretching,Weight Loss focused training,Glowing Skin,Green tea,Nuts & seeds,Daily face cleansing,,,https://tse2.mm.bing.net/th?q=Paneer%20Bowl%20food&w=400&h=400&c=7
Weight Gain,Vegetarian,Hybrid,Day 26,Snack,Oats & Fruits,294,12.5,73.2,7.3,Stretching,Weight Gain focused training,Hair Growth,Beetroot juice,Fruits & vegetables,Regular exercise & sweating,,,https://tse2.mm.bing.net/th?q=Oats%20%26%20Fruits%20food&w=400&h=400&c=7
Weight Maintain,Vegetarian,Home,Day 25,Dinner,Paneer Bowl,341,21.5,46.8,19.2,Yoga,Weight Maintain focused training,Reduce Pimples,Turmeric milk,Citrus fruits,Include antioxidants,,,https://tse2.mm.bing.net/th?q=Paneer%20Bowl%20food&w=400&h=400&c=7
Weight Maintain,Vegetarian,Home,Day 18,Breakfast,Dal & Rice,315,44.4,25.4,5.3,Stretching,Weight Maintain focused training,Anti-Aging,Carrot juice,Citrus fruits,Daily face cleansing,,,https://tse2.mm.bing.net/th?q=Dal%20%26%20Rice%20food&w=400&h=400&c=7
Weight Maintain,Vegan,Hybrid,Day 13,Snack,Chickpea Salad,250,19.2,36.1,30,Stretching,Weight Maintain focused training,Reduce Pimples,Turmeric milk,Fruits & vegetables,Include antioxidants,,,https://tse2.mm.bing.net/th?q=Chickpea%20Salad%20food&w=400&h=400&c=7
Weight Gain,Non-Vegetarian,Gym,Day 12,Dinner,Chicken Rice,516,33.7,20.7,8.1,HIIT,Weight Gain focused training,Glowing Skin,Coconut water,Fruits & vegetables,Regular exercise & sweating,,,https://tse2.mm.bing.net/th?q=Chicken%20Rice%20food&w=400&h=400&c=7
Weight Loss,Non-Vegetarian,Home,Day 19,Dinner,Chicken Rice,728,27.9,72.2,28.7,Cardio,Weight Loss focused training,Clear Skin,Beetroot juice,Nuts & seeds,Daily face cleansing,,,https://tse2.mm.bing.net/th?q=Chicken%20Rice%20food&w=400&h=400&c=7
Weight Loss,Vegetarian,Gym,Day 15,Snack,Quinoa Salad,507,15.4,43.4,10.6,HIIT,Weight Loss focused training,Reduce Pimples,Green tea,Nuts & seeds,Regular exercise & sweating,,,https://tse2.mm.bing.net/th?q=Quinoa%20Salad%20food&w=400&h=400&c=7
Weight Loss,Non-Vegetarian,Gym,Day 21,Dinner,Grilled Chicken Salad,523,41.2,23,9,Strength Training,Weight Loss focused training,Glowing Skin,Turmeric milk,Citrus fruits,Sleep 7–8 hours,,,https://tse2.mm.bing.net/th?q=Grilled%20Chicken%20Salad%20food&w=400&h=400&c=7
Weight Maintain,Vegan,Home,Day 6,Dinner,Lentil Soup,267,10,28.9,16.6,Cardio,Weight Maintain focused training,Anti-Aging,Carrot juice,Nuts & seeds,Regular exercise & sweating,,,https://tse2.mm.bing.net/th?q=Lentil%20Soup%20food&w=400&h=400&c=7
Weight Loss,Non-Vegetarian,Gym,Day 16,Dinner,Grilled Chicken Salad,551,14.1,34.9,25.8,Yoga,Weight Loss focused training,Reduce Pimples,Green tea,Citrus fruits,Regular exercise & sweating,,,https://tse2.mm.bing.net/th?q=Grilled%20Chicken%20Salad%20food&w=400&h=400&c=7
Weight Loss,Vegetarian,Hybrid,Day 26,Dinner,Dal & Rice,672,26.3,58.3,18,HIIT,Weight Loss focused training,Reduce Pimples,Amla juice,Nuts & seeds,Regular exercise & sweating,,,https://tse2.mm.bing.net/th?q=Dal%20%26%20Rice%20food&w=400&h=400&c=7
Weight Gain,Non-Vegetarian,Home,Day 24,Breakfast,Egg Omelette,579,15.3,53.2,5.5,Cardio,Weight Gain focused training,Fresh Blood Circulation,Carrot juice,Omega-3 rich foods,Include antioxidants,,,https://tse2.mm.bing.net/th?q=Egg%20Omelette%20food&w=400&h=400&c=7
Weight Loss,Non-Vegetarian,Home,Day 24,Breakfast,Fish Curry,270,10.3,57.8,14.1,Stretching,Weight Loss focused training,Glowing Skin,Amla juice,Citrus fruits,Daily face cleansing,,,https://tse2.mm.bing.net/th?q=Fish%20Curry%20food&w=400&h=400&c=7
Weight Loss,Vegetarian,Home,Day 12,Snack,Oats & Fruits,500,24.3,71.8,13.1,Cardio,Weight Loss focused training,Clear Skin,Green tea,Leafy greens,Include antioxidants,,,https://tse2.mm.bing.net/th?q=Oats%20%26%20Fruits%20food&w=400&h=400&c=7
Weight Loss,Vegetarian,Home,Day 2,Breakfast,Dal & Rice,400,14.3,67.2,24.5,Stretching,Weight Loss focused training,Reduce Pimples,Amla juice,Fruits & vegetables,Regular exercise & sweating,,,https://tse2.mm.bing.net/th?q=Dal%20%26%20Rice%20food&w=400&h=400&c=7
Weight Maintain,Vegan,Home,Day 8,Dinner,Chickpea Salad,351,11.8,33.4,29,Cardio,Weight Maintain focused training,Hair Growth,Beetroot juice,Leafy greens,Include antioxidants,,,https://tse2.mm.bing.net/th?q=Chickpea%20Salad%20food&w=400&h=400&c=7
Weight Maintain,Vegan,Hybrid,Day 22,Lunch,Lentil Soup,495,14.6,36.5,24.3,Cardio,Weight Maintain focused training,Clear Skin,Amla juice,Citrus fruits,Regular exercise & sweating,,,https://tse2.mm.bing.net/th?q=Lentil%20Soup%20food&w=400&h=400&c=7
Weight Maintain,Non-Vegetarian,Home,Day 7,Lunch,Egg Omelette,415,44.7,30.7,6.3,Yoga,Weight Maintain focused training,Clear Skin,Green tea,Nuts & seeds,Include antioxidants,,,https://tse2.mm.bing.net/th?q=Egg%20Omelette%20food&w=400&h=400&c=7
Weight Gain,Vegetarian,Home,Day 2,Snack,Dal & Rice,643,18.2,57.7,6,Cardio,Weight Gain focused training,Reduce Pimples,Warm lemon water,Omega-3 rich foods,Include antioxidants,,,https://tse2.mm.bing.net/th?q=Dal%20%26%20Rice%20food&w=400&h=400&c=7
Weight Maintain,Vegetarian,Home,Day 16,Snack,Paneer Bowl,497,13.1,41,29.4,Stretching,Weight Maintain focused training,Reduce Pimples,Coconut water,Citrus fruits,Drink 2–3L water daily,,,https://tse2.mm.bing.net/th?q=Paneer%20Bowl%20food&w=400&h=400&c=7
Weight Maintain,Vegan,Gym,Day 23,Snack,Vegan Smoothie,639,24.4,82.8,11.6,Yoga,Weight Maintain focused training,Glowing Skin,Carrot juice,Leafy greens,Daily face cleansing,,,https://tse2.mm.bing.net/th?q=Vegan%20Smoothie%20food&w=400&h=400&c=7
Weight Gain,Non-Vegetarian,Home,Day 8,Breakfast,Chicken Rice,612,30.3,77.8,15.5,Strength Training,Weight Gain focused training,Clear Skin,Carrot juice,Leafy greens,Avoid sugar & junk food,,,https://tse2.mm.bing.net/th?q=Chicken%20Rice%20food&w=400&h=400&c=7
Weight Maintain,Vegan,Gym,Day 25,Dinner,Tofu Stir Fry,703,16,83.6,9.5,Stretching,Weight Maintain focused training,Hair Growth,Turmeric milk,Leafy greens,Drink 2–3L water daily,,,https://tse2.mm.bing.net/th?q=Tofu%20Stir%20Fry%20food&w=400&h=400&c=7
Weight Maintain,Non-Vegetarian,Hybrid,Day 15,Lunch,Egg Omelette,560,22.6,22.5,17.6,Stretching,Weight Maintain focused training,Anti-Aging,Warm lemon water,Omega-3 rich foods,Include antioxidants,,,https://tse2.mm.bing.net/th?q=Egg%20Omelette%20food&w=400&h=400&c=7
Weight Maintain,Non-Vegetarian,Gym,Day 14,Dinner,Fish Curry,589,38,49.7,28.1,Stretching,Weight Maintain focused training,Glowing Skin,Carrot juice,Leafy greens,Drink 2–3L water daily,,,https://tse2.mm.bing.net/th?q=Fish%20Curry%20food&w=400&h=400&c=7
Weight Maintain,Non-Vegetarian,Hybrid,Day 12,Dinner,Grilled Chicken Salad,730,14.8,51.3,12.5,Yoga,Weight Maintain focused training,Anti-Aging,Green tea,Nuts & seeds,Drink 2–3L water daily,,,https://tse2.mm.bing.net/th?q=Grilled%20Chicken%20Salad%20food&w=400&h=400&c=7
Weight Maintain,Non-Vegetarian,Hybrid,Day 30,Snack,Grilled Chicken Salad,367,17.1,87.3,10,Cardio,Weight Maintain focused training,Anti-Aging,Coconut water,Nuts & seeds,Include antioxidants,,,https://tse2.mm.bing.net/th?q=Grilled%20Chicken%20Salad%20food&w=400&h=400&c=7
Weight Gain,Vegan,Home,Day 14,Breakfast,Chickpea Salad,567,13.2,37.7,15.5,Yoga,Weight Gain focused training,Fresh Blood Circulation,Turmeric milk,Fruits & vegetables,Sleep 7–8 hours,,,https://tse2.mm.bing.net/th?q=Chickpea%20Salad%20food&w=400&h=400&c=7
Weight Loss,Vegan,Home,Day 26,Breakfast,Tofu Stir Fry,456,44.4,44,23.6,Stretching,Weight Loss focused training,Glowing Skin,Turmeric milk,Leafy greens,Drink 2–3L water daily,,,https://tse2.mm.bing.net/th?q=Tofu%20Stir%20Fry%20food&w=400&h=400&c=7
Weight Gain,Vegan,Hybrid,Day 5,Dinner,Chickpea Salad,663,35.4,42.6,22.7,Yoga,Weight Gain focused training,Clear Skin,Green tea,Nuts & seeds,Sleep 7–8 hours,,,https://tse2.mm.bing.net/th?q=Chickpea%20Salad%20food&w=400&h=400&c=7
Weight Loss,Non-Vegetarian,Home,Day 22,Dinner,Fish Curry,425,37.7,36,24.2,HIIT,Weight Loss focused training,Hair Growth,Warm lemon water,Citrus fruits,Regular exercise & sweating,,,https://tse2.mm.bing.net/th?q=Fish%20Curry%20food&w=400&h=400&c=7
Weight Maintain,Vegetarian,Hybrid,Day 27,Snack,Veg Khichdi,467,14.9,51.4,13.7,HIIT,Weight Maintain focused training,Anti-Aging,Warm lemon water,Citrus fruits,Include antioxidants,,,https://tse2.mm.bing.net/th?q=Veg%20Khichdi%20food&w=400&h=400&c=7
Weight Maintain,Vegan,Hybrid,Day 3,Snack,Lentil Soup,352,38.9,28.4,23.1,Yoga,Weight Maintain focused training,Clear Skin,Coconut water,Omega-3 rich foods,Sleep 7–8 hours,,,https://tse2.mm.bing.net/th?q=Lentil%20Soup%20food&w=400&h=400&c=7
Weight Maintain,Vegan,Home,Day 28,Dinner,Tofu Stir Fry,406,20.5,65,24.1,Cardio,Weight Maintain focused training,Fresh Blood Circulation,Amla juice,Fruits & vegetables,Regular exercise & sweating,,,https://tse2.mm.bing.net/th?q=Tofu%20Stir%20Fry%20food&w=400&h=400&c=7
Weight Loss,Vegetarian,Home,Day 15,Breakfast,Paneer Bowl,285,29.2,57.4,25.6,Stretching,Weight Loss focused training,Fresh Blood Circulation,Beetroot juice,Fruits & vegetables,Include antioxidants,,,https://tse2.mm.bing.net/th?q=Paneer%20Bowl%20food&w=400&h=400&c=7
Weight Maintain,Non-Vegetarian,Home,Day 13,Breakfast,Chicken Rice,305,44.6,33.7,22.8,Stretching,Weight Maintain focused training,Reduce Pimples,Warm lemon water,Citrus fruits,Daily face cleansing,,,https://tse2.mm.bing.net/th?q=Chicken%20Rice%20food&w=400&h=400&c=7
Weight Gain,Non-Vegetarian,Gym,Day 3,Snack,Egg Omelette,342,25.1,23.9,9.6,Strength Training,Weight Gain focused training,Glowing Skin,Warm lemon water,Fruits & vegetables,Drink 2–3L water daily,,,https://tse2.mm.bing.net/th?q=Egg%20Omelette%20food&w=400&h=400&c=7
Weight Loss,Vegan,Gym,Day 6,Snack,Vegan Smoothie,450,24,22.8,20.5,Cardio,Weight Loss focused training,Reduce Pimples,Turmeric milk,Nuts & seeds,Sleep 7–8 hours,,,https://tse2.mm.bing.net/th?q=Vegan%20Smoothie%20food&w=400&h=400&c=7
Weight Maintain,Vegan,Hybrid,Day 17,Lunch,Lentil Soup,458,10.1,74,26,HIIT,Weight Maintain focused training,Clear Skin,Amla juice,Leafy greens,Avoid sugar & junk food,,,https://tse2.mm.bing.net/th?q=Lentil%20Soup%20food&w=400&h=400&c=7
Weight Maintain,Vegetarian,Hybrid,Day 10,Breakfast,Dal & Rice,500,23.8,53.5,24.6,HIIT,Weight Maintain focused training,Reduce Pimples,Carrot juice,Fruits & vegetables,Sleep 7–8 hours,,,https://tse2.mm.bing.net/th?q=Dal%20%26%20Rice%20food&w=400&h=400&c=7
