recipe_id,calories,protein_g,fat_g,carbs_g,fiber_g,sugar_g,sodium_mg
1,430.0,5.0,20.0,50.0,2.0,2.0,300.0
2,480.0,20.0,20.0,50.0,2.0,2.0,300.0
3,480.0,20.0,20.0,50.0,6.0,2.0,300.0
4,400.0,20.0,20.0,30.0,2.0,2.0,300.0
5,400.0,20.0,20.0,30.0,2.0,2.0,300.0
6,480.0,20.0,20.0,50.0,2.0,2.0,300.0
7,350.0,5.0,20.0,30.0,2.0,2.0,300.0
8,480.0,20.0,20.0,50.0,6.0,2.0,300.0
9,350.0,5.0,20.0,30.0,2.0,2.0,300.0
10,400.0,20.0,20.0,30.0,2.0,2.0,300.0
11,400.0,20.0,20.0,30.0,2.0,2.0,300.0
12,480.0,20.0,20.0,50.0,2.0,2.0,300.0
13,400.0,20.0,20.0,30.0,2.0,2.0,300.0
14,480.0,20.0,20.0,50.0,2.0,17.0,300.0
15,430.0,5.0,20.0,50.0,2.0,2.0,300.0
16,400.0,20.0,20.0,30.0,2.0,2.0,300.0
17,400.0,20.0,20.0,30.0,2.0,2.0,300.0
18,250.0,5.0,8.0,30.0,2.0,2.0,300.0
19,430.0,5.0,20.0,50.0,2.0,2.0,300.0
20,480.0,20.0,20.0,50.0,6.0,2.0,300.0
21,400.0,20.0,20.0,30.0,2.0,2.0,300.0
22,430.0,5.0,20.0,50.0,2.0,2.0,300.0
23,330.0,5.0,8.0,50.0,6.0,2.0,300.0
24,350.0,5.0,20.0,30.0,2.0,2.0,300.0
25,330.0,5.0,8.0,50.0,2.0,17.0,300.0
26,430.0,5.0,20.0,50.0,2.0,2.0,300.0
27,480.0,20.0,20.0,50.0,2.0,17.0,300.0
28,430.0,5.0,20.0,50.0,6.0,2.0,300.0
29,480.0,20.0,20.0,50.0,6.0,17.0,300.0
30,480.0,20.0,20.0,50.0,2.0,17.0,300.0
31,430.0,5.0,20.0,50.0,2.0,17.0,300.0
32,400.0,20.0,20.0,30.0,2.0,2.0,300.0
33,350.0,5.0,20.0,30.0,6.0,2.0,300.0
34,480.0,20.0,20.0,50.0,2.0,2.0,300.0
35,430.0,5.0,20.0,50.0,2.0,17.0,300.0
36,430.0,5.0,20.0,50.0,2.0,17.0,300.0
37,350.0,5.0,20.0,30.0,2.0,2.0,300.0
38,400.0,20.0,20.0,30.0,2.0,2.0,300.0
39,350.0,5.0,20.0,30.0,6.0,2.0,300.0
40,400.0,20.0,20.0,30.0,2.0,2.0,300.0
41,250.0,5.0,8.0,30.0,2.0,2.0,300.0
42,350.0,5.0,20.0,30.0,2.0,2.0,300.0
43,300.0,20.0,8.0,30.0,6.0,2.0,300.0
44,430.0,5.0,20.0,50.0,6.0,2.0,300.0
45,330.0,5.0,8.0,50.0,2.0,2.0,300.0
46,430.0,5.0,20.0,50.0,6.0,17.0,300.0
47,430.0,5.0,20.0,50.0,2.0,17.0,300.0
48,350.0,5.0,20.0,30.0,2.0,2.0,300.0
49,430.0,5.0,20.0,50.0,2.0,2.0,300.0
50,330.0,5.0,8.0,50.0,2.0,17.0,300.0
51,430.0,5.0,20.0,50.0,2.0,2.0,300.0
52,400.0,20.0,20.0,30.0,2.0,2.0,300.0
53,480.0,20.0,20.0,50.0,6.0,2.0,300.0
54,480.0,20.0,20.0,50.0,2.0,2.0,300.0
55,480.0,20.0,20.0,50.0,2.0,17.0,300.0
56,480.0,20.0,20.0,50.0,6.0,2.0,300.0
57,350.0,5.0,20.0,30.0,2.0,2.0,300.0
58,480.0,20.0,20.0,50.0,2.0,17.0,300.0
59,430.0,5.0,20.0,50.0,6.0,2.0,300.0
60,430.0,5.0,20.0,50.0,2.0,17.0,300.0
61,400.0,20.0,20.0,30.0,2.0,2.0,300.0
62,430.0,5.0,20.0,50.0,6.0,2.0,300.0
63,400.0,20.0,20.0,30.0,2.0,2.0,300.0
64,430.0,5.0,20.0,50.0,2.0,2.0,300.0
65,480.0,20.0,20.0,50.0,2.0,2.0,300.0
66,480.0,20.0,20.0,50.0,6.0,17.0,300.0
67,480.0,20.0,20.0,50.0,2.0,17.0,300.0
68,480.0,20.0,20.0,50.0,2.0,2.0,300.0
69,430.0,5.0,20.0,50.0,2.0,17.0,300.0
70,330.0,5.0,8.0,50.0,2.0,2.0,300.0
71,250.0,5.0,8.0,30.0,2.0,2.0,300.0
72,430.0,5.0,20.0,50.0,2.0,17.0,300.0
73,480.0,20.0,20.0,50.0,2.0,17.0,300.0
74,430.0,5.0,20.0,50.0,2.0,17.0,300.0
75,480.0,20.0,20.0,50.0,2.0,2.0,300.0
76,480.0,20.0,20.0,50.0,2.0,2.0,300.0
77,350.0,5.0,20.0,30.0,2.0,2.0,300.0
78,480.0,20.0,20.0,50.0,2.0,17.0,300.0
79,430.0,5.0,20.0,50.0,2.0,2.0,300.0
80,430.0,5.0,20.0,50.0,2.0,17.0,300.0
81,350.0,5.0,20.0,30.0,2.0,2.0,300.0
82,430.0,5.0,20.0,50.0,6.0,17.0,300.0
83,350.0,5.0,20.0,30.0,2.0,2.0,300.0
84,430.0,5.0,20.0,50.0,2.0,2.0,300.0
85,400.0,20.0,20.0,30.0,2.0,2.0,300.0
86,380.0,20.0,8.0,50.0,2.0,17.0,300.0
87,480.0,20.0,20.0,50.0,2.0,2.0,300.0
88,400.0,20.0,20.0,30.0,2.0,2.0,300.0
89,400.0,20.0,20.0,30.0,2.0,2.0,300.0
90,430.0,5.0,20.0,50.0,6.0,17.0,300.0
91,400.0,20.0,20.0,30.0,2.0,2.0,300.0
92,430.0,5.0,20.0,50.0,2.0,2.0,300.0
93,430.0,5.0,20.0,50.0,2.0,17.0,300.0
94,430.0,5.0,20.0,50.0,2.0,17.0,300.0
95,400.0,20.0,20.0,30.0,2.0,2.0,300.0
96,330.0,5.0,8.0,50.0,2.0,17.0,300.0
97,480.0,20.0,20.0,50.0,6.0,17.0,300.0
98,400.0,20.0,20.0,30.0,2.0,2.0,300.0
99,330.0,5.0,8.0,50.0,2.0,2.0,300.0
100,400.0,20.0,20.0,30.0,2.0,2.0,300.0
101,480.0,20.0,20.0,50.0,2.0,2.0,300.0
102,350.0,5.0,20.0,30.0,2.0,2.0,300.0
103,400.0,20.0,20.0,30.0,2.0,2.0,300.0
104,350.0,5.0,20.0,30.0,2.0,2.0,300.0
105,350.0,5.0,20.0,30.0,2.0,2.0,300.0
106,430.0,5.0,20.0,50.0,2.0,2.0,300.0
107,400.0,20.0,20.0,30.0,2.0,2.0,300.0
108,480.0,20.0,20.0,50.0,6.0,2.0,300.0
109,400.0,20.0,20.0,30.0,2.0,2.0,300.0
110,350.0,5.0,20.0,30.0,2.0,2.0,300.0
111,480.0,20.0,20.0,50.0,2.0,2.0,300.0
112,480.0,20.0,20.0,50.0,6.0,2.0,300.0
113,300.0,20.0,8.0,30.0,2.0,2.0,300.0
114,400.0,20.0,20.0,30.0,2.0,2.0,300.0
115,480.0,20.0,20.0,50.0,6.0,17.0,300.0
116,430.0,5.0,20.0,50.0,2.0,17.0,300.0
117,480.0,20.0,20.0,50.0,2.0,2.0,300.0
118,350.0,5.0,20.0,30.0,2.0,2.0,300.0
119,400.0,20.0,20.0,30.0,2.0,2.0,300.0
120,350.0,5.0,20.0,30.0,2.0,2.0,300.0
121,400.0,20.0,20.0,30.0,2.0,2.0,300.0
122,480.0,20.0,20.0,50.0,6.0,17.0,300.0
123,430.0,5.0,20.0,50.0,2.0,2.0,300.0
124,400.0,20.0,20.0,30.0,6.0,2.0,300.0
125,400.0,20.0,20.0,30.0,6.0,2.0,300.0
126,430.0,5.0,20.0,50.0,2.0,17.0,300.0
127,430.0,5.0,20.0,50.0,6.0,2.0,300.0
128,480.0,20.0,20.0,50.0,2.0,17.0,300.0
129,430.0,5.0,20.0,50.0,2.0,2.0,300.0
130,430.0,5.0,20.0,50.0,2.0,17.0,300.0
131,480.0,20.0,20.0,50.0,2.0,17.0,300.0
132,400.0,20.0,20.0,30.0,2.0,2.0,300.0
133,430.0,5.0,20.0,50.0,2.0,2.0,300.0
134,480.0,20.0,20.0,50.0,2.0,2.0,300.0
135,400.0,20.0,20.0,30.0,2.0,2.0,300.0
136,350.0,5.0,20.0,30.0,2.0,2.0,300.0
137,430.0,5.0,20.0,50.0,2.0,2.0,300.0
138,400.0,20.0,20.0,30.0,2.0,2.0,300.0
139,400.0,20.0,20.0,30.0,6.0,2.0,300.0
140,430.0,5.0,20.0,50.0,6.0,17.0,300.0
141,250.0,5.0,8.0,30.0,2.0,2.0,300.0
142,350.0,5.0,20.0,30.0,2.0,2.0,300.0
143,350.0,5.0,20.0,30.0,2.0,2.0,300.0
144,430.0,5.0,20.0,50.0,2.0,2.0,300.0
145,400.0,20.0,20.0,30.0,2.0,2.0,300.0
146,430.0,5.0,20.0,50.0,2.0,2.0,300.0
147,350.0,5.0,20.0,30.0,2.0,2.0,300.0
148,400.0,20.0,20.0,30.0,2.0,2.0,300.0
149,480.0,20.0,20.0,50.0,6.0,2.0,300.0
150,350.0,5.0,20.0,30.0,6.0,2.0,300.0
151,480.0,20.0,20.0,50.0,6.0,2.0,300.0
152,480.0,20.0,20.0,50.0,6.0,2.0,300.0
153,430.0,5.0,20.0,50.0,2.0,17.0,300.0
154,480.0,20.0,20.0,50.0,6.0,2.0,300.0
155,430.0,5.0,20.0,50.0,2.0,17.0,300.0
156,400.0,20.0,20.0,30.0,2.0,2.0,300.0
157,480.0,20.0,20.0,50.0,6.0,2.0,300.0
158,430.0,5.0,20.0,50.0,2.0,2.0,300.0
159,480.0,20.0,20.0,50.0,6.0,2.0,300.0
160,480.0,20.0,20.0,50.0,2.0,17.0,300.0
161,430.0,5.0,20.0,50.0,6.0,17.0,300.0
162,400.0,20.0,20.0,30.0,2.0,2.0,300.0
163,250.0,5.0,8.0,30.0,2.0,2.0,300.0
164,400.0,20.0,20.0,30.0,6.0,2.0,300.0
165,480.0,20.0,20.0,50.0,2.0,2.0,300.0
166,480.0,20.0,20.0,50.0,6.0,2.0,300.0
167,430.0,5.0,20.0,50.0,2.0,17.0,300.0
168,350.0,5.0,20.0,30.0,2.0,2.0,300.0
169,350.0,5.0,20.0,30.0,6.0,2.0,300.0
170,480.0,20.0,20.0,50.0,2.0,2.0,300.0
171,350.0,5.0,20.0,30.0,2.0,2.0,300.0
172,430.0,5.0,20.0,50.0,2.0,17.0,300.0
173,480.0,20.0,20.0,50.0,2.0,17.0,300.0
174,430.0,5.0,20.0,50.0,2.0,2.0,300.0
175,430.0,5.0,20.0,50.0,2.0,2.0,300.0
176,400.0,20.0,20.0,30.0,2.0,2.0,300.0
177,400.0,20.0,20.0,30.0,6.0,2.0,300.0
178,350.0,5.0,20.0,30.0,2.0,2.0,300.0
179,480.0,20.0,20.0,50.0,2.0,2.0,300.0
180,480.0,20.0,20.0,50.0,2.0,2.0,300.0
181,350.0,5.0,20.0,30.0,2.0,2.0,300.0
182,330.0,5.0,8.0,50.0,6.0,17.0,300.0
183,380.0,20.0,8.0,50.0,2.0,17.0,300.0
184,400.0,20.0,20.0,30.0,2.0,2.0,300.0
185,480.0,20.0,20.0,50.0,2.0,17.0,300.0
186,430.0,5.0,20.0,50.0,2.0,17.0,300.0
187,400.0,20.0,20.0,30.0,2.0,2.0,300.0
188,350.0,5.0,20.0,30.0,2.0,2.0,300.0
189,430.0,5.0,20.0,50.0,2.0,17.0,300.0
190,430.0,5.0,20.0,50.0,2.0,2.0,300.0
191,400.0,20.0,20.0,30.0,6.0,2.0,300.0
192,480.0,20.0,20.0,50.0,2.0,17.0,300.0
193,430.0,5.0,20.0,50.0,2.0,17.0,300.0
194,300.0,20.0,8.0,30.0,2.0,2.0,300.0
195,430.0,5.0,20.0,50.0,2.0,2.0,300.0
196,350.0,5.0,20.0,30.0,2.0,2.0,300.0
197,430.0,5.0,20.0,50.0,2.0,2.0,300.0
198,400.0,20.0,20.0,30.0,2.0,2.0,300.0
199,350.0,5.0,20.0,30.0,2.0,2.0,300.0
200,350.0,5.0,20.0,30.0,2.0,2.0,300.0
201,430.0,5.0,20.0,50.0,2.0,2.0,300.0
202,330.0,5.0,8.0,50.0,2.0,17.0,300.0
203,350.0,5.0,20.0,30.0,2.0,2.0,300.0
204,480.0,20.0,20.0,50.0,6.0,17.0,300.0
205,400.0,20.0,20.0,30.0,2.0,2.0,300.0
206,480.0,20.0,20.0,50.0,6.0,2.0,300.0
207,480.0,20.0,20.0,50.0,2.0,17.0,300.0
208,430.0,5.0,20.0,50.0,2.0,2.0,300.0
209,430.0,5.0,20.0,50.0,2.0,2.0,300.0
210,430.0,5.0,20.0,50.0,2.0,17.0,300.0
211,430.0,5.0,20.0,50.0,6.0,2.0,300.0
212,430.0,5.0,20.0,50.0,2.0,2.0,300.0
213,330.0,5.0,8.0,50.0,2.0,17.0,300.0
214,430.0,5.0,20.0,50.0,2.0,2.0,300.0
215,430.0,5.0,20.0,50.0,6.0,2.0,300.0
216,250.0,5.0,8.0,30.0,2.0,2.0,300.0
217,430.0,5.0,20.0,50.0,2.0,17.0,300.0
218,400.0,20.0,20.0,30.0,6.0,2.0,300.0
219,480.0,20.0,20.0,50.0,2.0,17.0,300.0
220,430.0,5.0,20.0,50.0,6.0,2.0,300.0
221,330.0,5.0,8.0,50.0,2.0,17.0,300.0
222,400.0,20.0,20.0,30.0,6.0,2.0,300.0
223,330.0,5.0,8.0,50.0,2.0,17.0,300.0
224,480.0,20.0,20.0,50.0,6.0,2.0,300.0
225,480.0,20.0,20.0,50.0,2.0,2.0,300.0
226,400.0,20.0,20.0,30.0,2.0,2.0,300.0
227,430.0,5.0,20.0,50.0,2.0,17.0,300.0
228,430.0,5.0,20.0,50.0,2.0,2.0,300.0
229,400.0,20.0,20.0,30.0,2.0,2.0,300.0
230,430.0,5.0,20.0,50.0,2.0,2.0,300.0
231,430.0,5.0,20.0,50.0,2.0,2.0,300.0
232,430.0,5.0,20.0,50.0,2.0,17.0,300.0
233,480.0,20.0,20.0,50.0,6.0,2.0,300.0
234,430.0,5.0,20.0,50.0,2.0,2.0,300.0
235,350.0,5.0,20.0,30.0,6.0,2.0,300.0
236,430.0,5.0,20.0,50.0,2.0,17.0,300.0
237,480.0,20.0,20.0,50.0,6.0,17.0,300.0
238,430.0,5.0,20.0,50.0,2.0,17.0,300.0
239,430.0,5.0,20.0,50.0,2.0,17.0,300.0
240,430.0,5.0,20.0,50.0,2.0,17.0,300.0
241,430.0,5.0,20.0,50.0,6.0,17.0,300.0
242,430.0,5.0,20.0,50.0,2.0,2.0,300.0
243,430.0,5.0,20.0,50.0,2.0,2.0,300.0
244,480.0,20.0,20.0,50.0,6.0,17.0,300.0
245,480.0,20.0,20.0,50.0,2.0,2.0,300.0
246,350.0,5.0,20.0,30.0,6.0,2.0,300.0
247,430.0,5.0,20.0,50.0,2.0,2.0,300.0
248,430.0,5.0,20.0,50.0,2.0,17.0,300.0
249,430.0,5.0,20.0,50.0,2.0,2.0,300.0
250,480.0,20.0,20.0,50.0,2.0,2.0,300.0
251,480.0,20.0,20.0,50.0,6.0,17.0,300.0
252,430.0,5.0,20.0,50.0,2.0,2.0,300.0
253,480.0,20.0,20.0,50.0,2.0,17.0,300.0
254,400.0,20.0,20.0,30.0,2.0,2.0,300.0
255,400.0,20.0,20.0,30.0,6.0,2.0,300.0
256,480.0,20.0,20.0,50.0,2.0,17.0,300.0
257,350.0,5.0,20.0,30.0,2.0,2.0,300.0
258,300.0,20.0,8.0,30.0,2.0,2.0,300.0
259,480.0,20.0,20.0,50.0,6.0,17.0,300.0
260,480.0,20.0,20.0,50.0,2.0,2.0,300.0
261,480.0,20.0,20.0,50.0,2.0,17.0,300.0
262,350.0,5.0,20.0,30.0,2.0,2.0,300.0
263,400.0,20.0,20.0,30.0,2.0,2.0,300.0
264,480.0,20.0,20.0,50.0,6.0,2.0,300.0
265,250.0,5.0,8.0,30.0,6.0,2.0,300.0
266,480.0,20.0,20.0,50.0,6.0,2.0,300.0
267,430.0,5.0,20.0,50.0,2.0,2.0,300.0
268,330.0,5.0,8.0,50.0,6.0,17.0,300.0
269,480.0,20.0,20.0,50.0,2.0,17.0,300.0
270,400.0,20.0,20.0,30.0,2.0,2.0,300.0
271,480.0,20.0,20.0,50.0,6.0,2.0,300.0
272,430.0,5.0,20.0,50.0,6.0,17.0,300.0
273,400.0,20.0,20.0,30.0,2.0,2.0,300.0
274,430.0,5.0,20.0,50.0,6.0,17.0,300.0
275,430.0,5.0,20.0,50.0,2.0,2.0,300.0
276,400.0,20.0,20.0,30.0,2.0,2.0,300.0
277,400.0,20.0,20.0,30.0,2.0,2.0,300.0
278,430.0,5.0,20.0,50.0,2.0,17.0,300.0
279,250.0,5.0,8.0,30.0,2.0,2.0,300.0
280,400.0,20.0,20.0,30.0,2.0,2.0,300.0
281,400.0,20.0,20.0,30.0,2.0,2.0,300.0
282,480.0,20.0,20.0,50.0,6.0,2.0,300.0
283,480.0,20.0,20.0,50.0,2.0,2.0,300.0
284,250.0,5.0,8.0,30.0,2.0,2.0,300.0
285,430.0,5.0,20.0,50.0,2.0,2.0,300.0
286,400.0,20.0,20.0,30.0,2.0,2.0,300.0
287,430.0,5.0,20.0,50.0,2.0,17.0,300.0
288,250.0,5.0,8.0,30.0,2.0,2.0,300.0
289,480.0,20.0,20.0,50.0,2.0,2.0,300.0
290,480.0,20.0,20.0,50.0,2.0,17.0,300.0
291,480.0,20.0,20.0,50.0,2.0,2.0,300.0
292,480.0,20.0,20.0,50.0,2.0,2.0,300.0
293,480.0,20.0,20.0,50.0,2.0,2.0,300.0
294,480.0,20.0,20.0,50.0,6.0,2.0,300.0
295,380.0,20.0,8.0,50.0,6.0,2.0,300.0
296,330.0,5.0,8.0,50.0,2.0,2.0,300.0
297,250.0,5.0,8.0,30.0,6.0,2.0,300.0
298,350.0,5.0,20.0,30.0,6.0,2.0,300.0
299,430.0,5.0,20.0,50.0,2.0,2.0,300.0
300,480.0,20.0,20.0,50.0,2.0,17.0,300.0
301,480.0,20.0,20.0,50.0,2.0,17.0,300.0
302,350.0,5.0,20.0,30.0,2.0,2.0,300.0
303,400.0,20.0,20.0,30.0,2.0,2.0,300.0
304,480.0,20.0,20.0,50.0,2.0,17.0,300.0
305,430.0,5.0,20.0,50.0,2.0,2.0,300.0
306,480.0,20.0,20.0,50.0,2.0,17.0,300.0
307,250.0,5.0,8.0,30.0,2.0,2.0,300.0
308,430.0,5.0,20.0,50.0,6.0,2.0,300.0
309,430.0,5.0,20.0,50.0,2.0,17.0,300.0
310,350.0,5.0,20.0,30.0,6.0,2.0,300.0
311,350.0,5.0,20.0,30.0,6.0,2.0,300.0
312,480.0,20.0,20.0,50.0,2.0,2.0,300.0
313,350.0,5.0,20.0,30.0,2.0,2.0,300.0
314,480.0,20.0,20.0,50.0,2.0,2.0,300.0
315,350.0,5.0,20.0,30.0,2.0,2.0,300.0
316,430.0,5.0,20.0,50.0,6.0,17.0,300.0
317,430.0,5.0,20.0,50.0,2.0,2.0,300.0
318,430.0,5.0,20.0,50.0,2.0,2.0,300.0
319,330.0,5.0,8.0,50.0,2.0,17.0,300.0
320,380.0,20.0,8.0,50.0,2.0,2.0,300.0
321,400.0,20.0,20.0,30.0,2.0,2.0,300.0
322,350.0,5.0,20.0,30.0,2.0,2.0,300.0
323,430.0,5.0,20.0,50.0,2.0,2.0,300.0
324,430.0,5.0,20.0,50.0,2.0,2.0,300.0
325,350.0,5.0,20.0,30.0,2.0,2.0,300.0
326,350.0,5.0,20.0,30.0,6.0,2.0,300.0
327,400.0,20.0,20.0,30.0,2.0,2.0,300.0
328,350.0,5.0,20.0,30.0,2.0,2.0,300.0
329,380.0,20.0,8.0,50.0,2.0,17.0,300.0
330,400.0,20.0,20.0,30.0,6.0,2.0,300.0
331,330.0,5.0,8.0,50.0,2.0,2.0,300.0
332,480.0,20.0,20.0,50.0,6.0,2.0,300.0
333,480.0,20.0,20.0,50.0,6.0,2.0,300.0
334,400.0,20.0,20.0,30.0,2.0,2.0,300.0
335,400.0,20.0,20.0,30.0,2.0,2.0,300.0
336,480.0,20.0,20.0,50.0,2.0,17.0,300.0
337,400.0,20.0,20.0,30.0,2.0,2.0,300.0
338,480.0,20.0,20.0,50.0,2.0,2.0,300.0
339,400.0,20.0,20.0,30.0,2.0,2.0,300.0
340,400.0,20.0,20.0,30.0,6.0,2.0,300.0
341,480.0,20.0,20.0,50.0,2.0,17.0,300.0
342,250.0,5.0,8.0,30.0,2.0,2.0,300.0
343,480.0,20.0,20.0,50.0,2.0,2.0,300.0
344,250.0,5.0,8.0,30.0,2.0,2.0,300.0
345,430.0,5.0,20.0,50.0,2.0,17.0,300.0
346,330.0,5.0,8.0,50.0,2.0,17.0,300.0
347,330.0,5.0,8.0,50.0,2.0,17.0,300.0
348,250.0,5.0,8.0,30.0,6.0,2.0,300.0
349,400.0,20.0,20.0,30.0,2.0,2.0,300.0
350,480.0,20.0,20.0,50.0,2.0,2.0,300.0
351,480.0,20.0,20.0,50.0,6.0,17.0,300.0
352,330.0,5.0,8.0,50.0,2.0,17.0,300.0
353,430.0,5.0,20.0,50.0,2.0,2.0,300.0
354,480.0,20.0,20.0,50.0,6.0,17.0,300.0
355,430.0,5.0,20.0,50.0,2.0,17.0,300.0
356,480.0,20.0,20.0,50.0,2.0,17.0,300.0
357,350.0,5.0,20.0,30.0,2.0,2.0,300.0
358,400.0,20.0,20.0,30.0,2.0,2.0,300.0
359,430.0,5.0,20.0,50.0,2.0,17.0,300.0
360,350.0,5.0,20.0,30.0,2.0,2.0,300.0
361,350.0,5.0,20.0,30.0,2.0,2.0,300.0
362,350.0,5.0,20.0,30.0,2.0,2.0,300.0
363,430.0,5.0,20.0,50.0,2.0,2.0,300.0
364,400.0,20.0,20.0,30.0,6.0,2.0,300.0
365,430.0,5.0,20.0,50.0,2.0,17.0,300.0
366,350.0,5.0,20.0,30.0,2.0,2.0,300.0
367,480.0,20.0,20.0,50.0,6.0,17.0,300.0
368,400.0,20.0,20.0,30.0,2.0,2.0,300.0
369,430.0,5.0,20.0,50.0,2.0,2.0,300.0
370,480.0,20.0,20.0,50.0,2.0,17.0,300.0
371,480.0,20.0,20.0,50.0,2.0,17.0,300.0
372,430.0,5.0,20.0,50.0,2.0,2.0,300.0
373,330.0,5.0,8.0,50.0,2.0,2.0,300.0
374,400.0,20.0,20.0,30.0,2.0,2.0,300.0
375,400.0,20.0,20.0,30.0,2.0,2.0,300.0
376,430.0,5.0,20.0,50.0,2.0,2.0,300.0
377,430.0,5.0,20.0,50.0,2.0,2.0,300.0
378,480.0,20.0,20.0,50.0,6.0,17.0,300.0
379,350.0,5.0,20.0,30.0,2.0,2.0,300.0
380,430.0,5.0,20.0,50.0,2.0,17.0,300.0
381,300.0,20.0,8.0,30.0,6.0,2.0,300.0
382,480.0,20.0,20.0,50.0,2.0,17.0,300.0
383,380.0,20.0,8.0,50.0,6.0,17.0,300.0
384,400.0,20.0,20.0,30.0,6.0,2.0,300.0
385,350.0,5.0,20.0,30.0,2.0,2.0,300.0
386,400.0,20.0,20.0,30.0,2.0,2.0,300.0
387,400.0,20.0,20.0,30.0,6.0,2.0,300.0
388,400.0,20.0,20.0,30.0,6.0,2.0,300.0
389,400.0,20.0,20.0,30.0,2.0,2.0,300.0
390,350.0,5.0,20.0,30.0,2.0,2.0,300.0
391,480.0,20.0,20.0,50.0,2.0,2.0,300.0
392,480.0,20.0,20.0,50.0,2.0,2.0,300.0
393,430.0,5.0,20.0,50.0,6.0,2.0,300.0
394,400.0,20.0,20.0,30.0,6.0,2.0,300.0
395,400.0,20.0,20.0,30.0,2.0,2.0,300.0
396,480.0,20.0,20.0,50.0,6.0,2.0,300.0
397,400.0,20.0,20.0,30.0,2.0,2.0,300.0
398,400.0,20.0,20.0,30.0,2.0,2.0,300.0
399,330.0,5.0,8.0,50.0,2.0,17.0,300.0
400,430.0,5.0,20.0,50.0,2.0,2.0,300.0
401,380.0,20.0,8.0,50.0,2.0,17.0,300.0
402,250.0,5.0,8.0,30.0,2.0,2.0,300.0
403,350.0,5.0,20.0,30.0,2.0,2.0,300.0
404,350.0,5.0,20.0,30.0,2.0,2.0,300.0
405,400.0,20.0,20.0,30.0,2.0,2.0,300.0
406,430.0,5.0,20.0,50.0,2.0,17.0,300.0
407,380.0,20.0,8.0,50.0,2.0,17.0,300.0
408,350.0,5.0,20.0,30.0,6.0,2.0,300.0
409,400.0,20.0,20.0,30.0,6.0,2.0,300.0
410,480.0,20.0,20.0,50.0,2.0,2.0,300.0
411,400.0,20.0,20.0,30.0,2.0,2.0,300.0
412,400.0,20.0,20.0,30.0,2.0,2.0,300.0
413,430.0,5.0,20.0,50.0,2.0,17.0,300.0
414,480.0,20.0,20.0,50.0,2.0,2.0,300.0
415,480.0,20.0,20.0,50.0,6.0,17.0,300.0
416,480.0,20.0,20.0,50.0,6.0,17.0,300.0
417,430.0,5.0,20.0,50.0,2.0,2.0,300.0
418,430.0,5.0,20.0,50.0,2.0,2.0,300.0
419,430.0,5.0,20.0,50.0,6.0,2.0,300.0
420,400.0,20.0,20.0,30.0,2.0,2.0,300.0
421,480.0,20.0,20.0,50.0,6.0,17.0,300.0
422,430.0,5.0,20.0,50.0,2.0,2.0,300.0
423,430.0,5.0,20.0,50.0,6.0,2.0,300.0
424,350.0,5.0,20.0,30.0,6.0,2.0,300.0
425,300.0,20.0,8.0,30.0,2.0,2.0,300.0
426,300.0,20.0,8.0,30.0,2.0,2.0,300.0
427,430.0,5.0,20.0,50.0,6.0,2.0,300.0
428,400.0,20.0,20.0,30.0,2.0,2.0,300.0
429,400.0,20.0,20.0,30.0,2.0,2.0,300.0
430,480.0,20.0,20.0,50.0,2.0,17.0,300.0
431,480.0,20.0,20.0,50.0,2.0,17.0,300.0
432,350.0,5.0,20.0,30.0,2.0,2.0,300.0
433,480.0,20.0,20.0,50.0,6.0,2.0,300.0
434,430.0,5.0,20.0,50.0,2.0,17.0,300.0
435,430.0,5.0,20.0,50.0,2.0,2.0,300.0
436,400.0,20.0,20.0,30.0,2.0,2.0,300.0
437,430.0,5.0,20.0,50.0,2.0,17.0,300.0
438,430.0,5.0,20.0,50.0,2.0,2.0,300.0
439,430.0,5.0,20.0,50.0,6.0,17.0,300.0
440,250.0,5.0,8.0,30.0,2.0,2.0,300.0
441,480.0,20.0,20.0,50.0,2.0,2.0,300.0
442,430.0,5.0,20.0,50.0,2.0,2.0,300.0
443,480.0,20.0,20.0,50.0,2.0,17.0,300.0
444,430.0,5.0,20.0,50.0,6.0,2.0,300.0
445,330.0,5.0,8.0,50.0,2.0,2.0,300.0
446,430.0,5.0,20.0,50.0,2.0,17.0,300.0
447,400.0,20.0,20.0,30.0,2.0,2.0,300.0
448,430.0,5.0,20.0,50.0,2.0,2.0,300.0
449,480.0,20.0,20.0,50.0,6.0,2.0,300.0
450,400.0,20.0,20.0,30.0,2.0,2.0,300.0
451,430.0,5.0,20.0,50.0,6.0,17.0,300.0
452,480.0,20.0,20.0,50.0,2.0,2.0,300.0
453,400.0,20.0,20.0,30.0,2.0,2.0,300.0
454,430.0,5.0,20.0,50.0,6.0,2.0,300.0
455,400.0,20.0,20.0,30.0,2.0,2.0,300.0
456,350.0,5.0,20.0,30.0,2.0,2.0,300.0
457,300.0,20.0,8.0,30.0,2.0,2.0,300.0
458,480.0,20.0,20.0,50.0,2.0,17.0,300.0
459,430.0,5.0,20.0,50.0,2.0,2.0,300.0
460,430.0,5.0,20.0,50.0,6.0,2.0,300.0
461,480.0,20.0,20.0,50.0,6.0,2.0,300.0
462,350.0,5.0,20.0,30.0,2.0,2.0,300.0
463,480.0,20.0,20.0,50.0,6.0,2.0,300.0
464,350.0,5.0,20.0,30.0,2.0,2.0,300.0
465,480.0,20.0,20.0,50.0,2.0,17.0,300.0
466,350.0,5.0,20.0,30.0,2.0,2.0,300.0
467,430.0,5.0,20.0,50.0,2.0,2.0,300.0
468,480.0,20.0,20.0,50.0,2.0,17.0,300.0
469,480.0,20.0,20.0,50.0,2.0,2.0,300.0
470,430.0,5.0,20.0,50.0,2.0,17.0,300.0
471,480.0,20.0,20.0,50.0,6.0,17.0,300.0
472,480.0,20.0,20.0,50.0,6.0,2.0,300.0
473,400.0,20.0,20.0,30.0,2.0,2.0,300.0
474,430.0,5.0,20.0,50.0,2.0,2.0,300.0
475,400.0,20.0,20.0,30.0,2.0,2.0,300.0
476,480.0,20.0,20.0,50.0,6.0,2.0,300.0
477,350.0,5.0,20.0,30.0,2.0,2.0,300.0
478,480.0,20.0,20.0,50.0,6.0,2.0,300.0
479,480.0,20.0,20.0,50.0,2.0,2.0,300.0
480,350.0,5.0,20.0,30.0,2.0,2.0,300.0
481,480.0,20.0,20.0,50.0,2.0,2.0,300.0
482,480.0,20.0,20.0,50.0,2.0,2.0,300.0
483,350.0,5.0,20.0,30.0,6.0,2.0,300.0
484,430.0,5.0,20.0,50.0,2.0,2.0,300.0
485,430.0,5.0,20.0,50.0,2.0,17.0,300.0
486,430.0,5.0,20.0,50.0,2.0,17.0,300.0
487,430.0,5.0,20.0,50.0,2.0,2.0,300.0
488,480.0,20.0,20.0,50.0,2.0,17.0,300.0
489,350.0,5.0,20.0,30.0,6.0,2.0,300.0
490,350.0,5.0,20.0,30.0,2.0,2.0,300.0
491,350.0,5.0,20.0,30.0,2.0,2.0,300.0
492,480.0,20.0,20.0,50.0,2.0,2.0,300.0
493,300.0,20.0,8.0,30.0,2.0,2.0,300.0
494,480.0,20.0,20.0,50.0,6.0,17.0,300.0
495,430.0,5.0,20.0,50.0,2.0,17.0,300.0
496,480.0,20.0,20.0,50.0,2.0,17.0,300.0
497,350.0,5.0,20.0,30.0,2.0,2.0,300.0
498,350.0,5.0,20.0,30.0,6.0,2.0,300.0
499,430.0,5.0,20.0,50.0,2.0,2.0,300.0
500,430.0,5.0,20.0,50.0,6.0,2.0,300.0
501,350.0,5.0,20.0,30.0,2.0,2.0,300.0
502,430.0,5.0,20.0,50.0,2.0,17.0,300.0
503,350.0,5.0,20.0,30.0,2.0,2.0,300.0
504,400.0,20.0,20.0,30.0,2.0,2.0,300.0
505,430.0,5.0,20.0,50.0,2.0,2.0,300.0
506,350.0,5.0,20.0,30.0,6.0,2.0,300.0
507,350.0,5.0,20.0,30.0,2.0,2.0,300.0
508,430.0,5.0,20.0,50.0,2.0,17.0,300.0
509,430.0,5.0,20.0,50.0,2.0,2.0,300.0
510,400.0,20.0,20.0,30.0,2.0,2.0,300.0
511,400.0,20.0,20.0,30.0,2.0,2.0,300.0
512,350.0,5.0,20.0,30.0,2.0,2.0,300.0
513,400.0,20.0,20.0,30.0,2.0,2.0,300.0
514,480.0,20.0,20.0,50.0,2.0,2.0,300.0
515,480.0,20.0,20.0,50.0,2.0,17.0,300.0
516,400.0,20.0,20.0,30.0,2.0,2.0,300.0
517,480.0,20.0,20.0,50.0,6.0,2.0,300.0
518,430.0,5.0,20.0,50.0,6.0,2.0,300.0
519,430.0,5.0,20.0,50.0,2.0,2.0,300.0
520,480.0,20.0,20.0,50.0,2.0,2.0,300.0
521,400.0,20.0,20.0,30.0,6.0,2.0,300.0
522,400.0,20.0,20.0,30.0,2.0,2.0,300.0
523,350.0,5.0,20.0,30.0,2.0,2.0,300.0
524,480.0,20.0,20.0,50.0,2.0,17.0,300.0
525,350.0,5.0,20.0,30.0,2.0,2.0,300.0
526,300.0,20.0,8.0,30.0,2.0,2.0,300.0
527,480.0,20.0,20.0,50.0,6.0,2.0,300.0
528,430.0,5.0,20.0,50.0,2.0,2.0,300.0
529,350.0,5.0,20.0,30.0,2.0,2.0,300.0
530,430.0,5.0,20.0,50.0,6.0,2.0,300.0
531,480.0,20.0,20.0,50.0,2.0,2.0,300.0
532,480.0,20.0,20.0,50.0,2.0,2.0,300.0
533,430.0,5.0,20.0,50.0,2.0,17.0,300.0
534,480.0,20.0,20.0,50.0,2.0,2.0,300.0
535,430.0,5.0,20.0,50.0,2.0,2.0,300.0
536,400.0,20.0,20.0,30.0,2.0,2.0,300.0
537,430.0,5.0,20.0,50.0,6.0,17.0,300.0
538,400.0,20.0,20.0,30.0,2.0,2.0,300.0
539,480.0,20.0,20.0,50.0,6.0,2.0,300.0
540,300.0,20.0,8.0,30.0,2.0,2.0,300.0
541,330.0,5.0,8.0,50.0,2.0,2.0,300.0
542,350.0,5.0,20.0,30.0,2.0,2.0,300.0
543,480.0,20.0,20.0,50.0,2.0,17.0,300.0
544,350.0,5.0,20.0,30.0,2.0,2.0,300.0
545,350.0,5.0,20.0,30.0,2.0,2.0,300.0
546,350.0,5.0,20.0,30.0,2.0,2.0,300.0
547,430.0,5.0,20.0,50.0,2.0,17.0,300.0
548,350.0,5.0,20.0,30.0,2.0,2.0,300.0
549,350.0,5.0,20.0,30.0,2.0,2.0,300.0
550,430.0,5.0,20.0,50.0,2.0,2.0,300.0
551,250.0,5.0,8.0,30.0,2.0,2.0,300.0
552,430.0,5.0,20.0,50.0,2.0,17.0,300.0
553,250.0,5.0,8.0,30.0,2.0,2.0,300.0
554,400.0,20.0,20.0,30.0,6.0,2.0,300.0
555,480.0,20.0,20.0,50.0,2.0,17.0,300.0
556,430.0,5.0,20.0,50.0,2.0,2.0,300.0
557,430.0,5.0,20.0,50.0,6.0,2.0,300.0
558,380.0,20.0,8.0,50.0,2.0,17.0,300.0
559,380.0,20.0,8.0,50.0,2.0,17.0,300.0
560,430.0,5.0,20.0,50.0,2.0,2.0,300.0
561,430.0,5.0,20.0,50.0,2.0,2.0,300.0
562,400.0,20.0,20.0,30.0,2.0,2.0,300.0
563,480.0,20.0,20.0,50.0,2.0,17.0,300.0
564,430.0,5.0,20.0,50.0,2.0,2.0,300.0
565,400.0,20.0,20.0,30.0,2.0,2.0,300.0
566,250.0,5.0,8.0,30.0,2.0,2.0,300.0
567,330.0,5.0,8.0,50.0,2.0,2.0,300.0
568,430.0,5.0,20.0,50.0,2.0,17.0,300.0
569,430.0,5.0,20.0,50.0,2.0,2.0,300.0
570,430.0,5.0,20.0,50.0,2.0,17.0,300.0
571,480.0,20.0,20.0,50.0,2.0,17.0,300.0
572,430.0,5.0,20.0,50.0,2.0,17.0,300.0
573,430.0,5.0,20.0,50.0,2.0,2.0,300.0
574,350.0,5.0,20.0,30.0,2.0,2.0,300.0
575,480.0,20.0,20.0,50.0,2.0,2.0,300.0
576,480.0,20.0,20.0,50.0,2.0,2.0,300.0
577,250.0,5.0,8.0,30.0,2.0,2.0,300.0
578,350.0,5.0,20.0,30.0,2.0,2.0,300.0
579,430.0,5.0,20.0,50.0,2.0,2.0,300.0
580,480.0,20.0,20.0,50.0,6.0,2.0,300.0
581,250.0,5.0,8.0,30.0,2.0,2.0,300.0
582,350.0,5.0,20.0,30.0,6.0,2.0,300.0
583,430.0,5.0,20.0,50.0,2.0,17.0,300.0
584,480.0,20.0,20.0,50.0,2.0,2.0,300.0
585,380.0,20.0,8.0,50.0,6.0,17.0,300.0
586,430.0,5.0,20.0,50.0,2.0,2.0,300.0
587,350.0,5.0,20.0,30.0,2.0,2.0,300.0
588,250.0,5.0,8.0,30.0,2.0,2.0,300.0
589,400.0,20.0,20.0,30.0,2.0,2.0,300.0
590,350.0,5.0,20.0,30.0,2.0,2.0,300.0
591,480.0,20.0,20.0,50.0,2.0,2.0,300.0
592,250.0,5.0,8.0,30.0,2.0,2.0,300.0
593,430.0,5.0,20.0,50.0,2.0,2.0,300.0
594,480.0,20.0,20.0,50.0,2.0,2.0,300.0
595,350.0,5.0,20.0,30.0,6.0,2.0,300.0
596,430.0,5.0,20.0,50.0,2.0,17.0,300.0
597,480.0,20.0,20.0,50.0,2.0,2.0,300.0
598,430.0,5.0,20.0,50.0,2.0,2.0,300.0
599,430.0,5.0,20.0,50.0,2.0,2.0,300.0
600,430.0,5.0,20.0,50.0,2.0,2.0,300.0
601,400.0,20.0,20.0,30.0,2.0,2.0,300.0
602,430.0,5.0,20.0,50.0,2.0,2.0,300.0
603,400.0,20.0,20.0,30.0,2.0,2.0,300.0
604,400.0,20.0,20.0,30.0,2.0,2.0,300.0
605,480.0,20.0,20.0,50.0,2.0,2.0,300.0
606,430.0,5.0,20.0,50.0,6.0,2.0,300.0
607,480.0,20.0,20.0,50.0,6.0,2.0,300.0
608,480.0,20.0,20.0,50.0,2.0,17.0,300.0
609,430.0,5.0,20.0,50.0,2.0,17.0,300.0
610,480.0,20.0,20.0,50.0,2.0,17.0,300.0
611,330.0,5.0,8.0,50.0,2.0,2.0,300.0
612,350.0,5.0,20.0,30.0,2.0,2.0,300.0
613,350.0,5.0,20.0,30.0,6.0,2.0,300.0
614,400.0,20.0,20.0,30.0,2.0,2.0,300.0
615,250.0,5.0,8.0,30.0,2.0,2.0,300.0
616,480.0,20.0,20.0,50.0,2.0,2.0,300.0
617,400.0,20.0,20.0,30.0,2.0,2.0,300.0
618,480.0,20.0,20.0,50.0,2.0,17.0,300.0
619,480.0,20.0,20.0,50.0,2.0,2.0,300.0
620,480.0,20.0,20.0,50.0,2.0,17.0,300.0
621,400.0,20.0,20.0,30.0,2.0,2.0,300.0
622,430.0,5.0,20.0,50.0,2.0,2.0,300.0
623,400.0,20.0,20.0,30.0,2.0,2.0,300.0
624,430.0,5.0,20.0,50.0,2.0,17.0,300.0
625,250.0,5.0,8.0,30.0,2.0,2.0,300.0
626,430.0,5.0,20.0,50.0,2.0,2.0,300.0
627,400.0,20.0,20.0,30.0,2.0,2.0,300.0
628,430.0,5.0,20.0,50.0,2.0,17.0,300.0
629,480.0,20.0,20.0,50.0,2.0,17.0,300.0
630,400.0,20.0,20.0,30.0,2.0,2.0,300.0
631,350.0,5.0,20.0,30.0,2.0,2.0,300.0
632,480.0,20.0,20.0,50.0,2.0,17.0,300.0
633,480.0,20.0,20.0,50.0,2.0,2.0,300.0
634,430.0,5.0,20.0,50.0,2.0,2.0,300.0
635,480.0,20.0,20.0,50.0,2.0,2.0,300.0
636,400.0,20.0,20.0,30.0,2.0,2.0,300.0
637,350.0,5.0,20.0,30.0,2.0,2.0,300.0
638,250.0,5.0,8.0,30.0,2.0,2.0,300.0
639,330.0,5.0,8.0,50.0,2.0,17.0,300.0
640,350.0,5.0,20.0,30.0,2.0,2.0,300.0
641,250.0,5.0,8.0,30.0,2.0,2.0,300.0
642,480.0,20.0,20.0,50.0,2.0,17.0,300.0
643,250.0,5.0,8.0,30.0,2.0,2.0,300.0
644,250.0,5.0,8.0,30.0,6.0,2.0,300.0
645,480.0,20.0,20.0,50.0,2.0,2.0,300.0
646,350.0,5.0,20.0,30.0,2.0,2.0,300.0
647,250.0,5.0,8.0,30.0,2.0,2.0,300.0
648,430.0,5.0,20.0,50.0,6.0,17.0,300.0
649,480.0,20.0,20.0,50.0,2.0,2.0,300.0
650,400.0,20.0,20.0,30.0,2.0,2.0,300.0
651,480.0,20.0,20.0,50.0,2.0,17.0,300.0
652,400.0,20.0,20.0,30.0,2.0,2.0,300.0
653,250.0,5.0,8.0,30.0,2.0,2.0,300.0
654,250.0,5.0,8.0,30.0,2.0,2.0,300.0
655,430.0,5.0,20.0,50.0,6.0,2.0,300.0
656,250.0,5.0,8.0,30.0,2.0,2.0,300.0
657,350.0,5.0,20.0,30.0,2.0,2.0,300.0
658,430.0,5.0,20.0,50.0,2.0,17.0,300.0
659,480.0,20.0,20.0,50.0,6.0,17.0,300.0
660,480.0,20.0,20.0,50.0,2.0,2.0,300.0
661,430.0,5.0,20.0,50.0,2.0,2.0,300.0
662,430.0,5.0,20.0,50.0,6.0,2.0,300.0
663,350.0,5.0,20.0,30.0,2.0,2.0,300.0
664,250.0,5.0,8.0,30.0,2.0,2.0,300.0
665,430.0,5.0,20.0,50.0,2.0,17.0,300.0
666,480.0,20.0,20.0,50.0,6.0,17.0,300.0
667,250.0,5.0,8.0,30.0,2.0,2.0,300.0
668,300.0,20.0,8.0,30.0,6.0,2.0,300.0
669,350.0,5.0,20.0,30.0,6.0,2.0,300.0
670,480.0,20.0,20.0,50.0,2.0,17.0,300.0
671,480.0,20.0,20.0,50.0,2.0,2.0,300.0
672,350.0,5.0,20.0,30.0,2.0,2.0,300.0
673,400.0,20.0,20.0,30.0,2.0,2.0,300.0
674,250.0,5.0,8.0,30.0,2.0,2.0,300.0
675,430.0,5.0,20.0,50.0,2.0,17.0,300.0
676,430.0,5.0,20.0,50.0,6.0,17.0,300.0
677,380.0,20.0,8.0,50.0,2.0,17.0,300.0
678,480.0,20.0,20.0,50.0,2.0,2.0,300.0
679,430.0,5.0,20.0,50.0,6.0,2.0,300.0
680,250.0,5.0,8.0,30.0,2.0,2.0,300.0
681,430.0,5.0,20.0,50.0,6.0,17.0,300.0
682,350.0,5.0,20.0,30.0,2.0,2.0,300.0
683,380.0,20.0,8.0,50.0,2.0,2.0,300.0
684,250.0,5.0,8.0,30.0,2.0,2.0,300.0
685,350.0,5.0,20.0,30.0,2.0,2.0,300.0
686,400.0,20.0,20.0,30.0,6.0,2.0,300.0
687,400.0,20.0,20.0,30.0,2.0,2.0,300.0
688,350.0,5.0,20.0,30.0,6.0,2.0,300.0
689,250.0,5.0,8.0,30.0,2.0,2.0,300.0
690,430.0,5.0,20.0,50.0,2.0,17.0,300.0
691,400.0,20.0,20.0,30.0,2.0,2.0,300.0
692,330.0,5.0,8.0,50.0,2.0,17.0,300.0
693,250.0,5.0,8.0,30.0,2.0,2.0,300.0
694,250.0,5.0,8.0,30.0,2.0,2.0,300.0
695,400.0,20.0,20.0,30.0,2.0,2.0,300.0
696,400.0,20.0,20.0,30.0,2.0,2.0,300.0
697,350.0,5.0,20.0,30.0,2.0,2.0,300.0
698,430.0,5.0,20.0,50.0,2.0,17.0,300.0
699,480.0,20.0,20.0,50.0,2.0,17.0,300.0
700,250.0,5.0,8.0,30.0,2.0,2.0,300.0
701,430.0,5.0,20.0,50.0,6.0,2.0,300.0
702,480.0,20.0,20.0,50.0,2.0,17.0,300.0
703,430.0,5.0,20.0,50.0,2.0,17.0,300.0
704,350.0,5.0,20.0,30.0,6.0,2.0,300.0
705,250.0,5.0,8.0,30.0,2.0,2.0,300.0
706,400.0,20.0,20.0,30.0,2.0,2.0,300.0
707,400.0,20.0,20.0,30.0,2.0,2.0,300.0
708,400.0,20.0,20.0,30.0,2.0,2.0,300.0
709,430.0,5.0,20.0,50.0,2.0,2.0,300.0
710,430.0,5.0,20.0,50.0,2.0,17.0,300.0
711,430.0,5.0,20.0,50.0,2.0,17.0,300.0
712,250.0,5.0,8.0,30.0,2.0,2.0,300.0
713,430.0,5.0,20.0,50.0,2.0,17.0,300.0
714,430.0,5.0,20.0,50.0,2.0,17.0,300.0
715,400.0,20.0,20.0,30.0,2.0,2.0,300.0
716,350.0,5.0,20.0,30.0,2.0,2.0,300.0
717,480.0,20.0,20.0,50.0,2.0,2.0,300.0
718,430.0,5.0,20.0,50.0,6.0,2.0,300.0
719,430.0,5.0,20.0,50.0,2.0,2.0,300.0
720,480.0,20.0,20.0,50.0,2.0,2.0,300.0
721,380.0,20.0,8.0,50.0,2.0,2.0,300.0
722,480.0,20.0,20.0,50.0,6.0,17.0,300.0
723,250.0,5.0,8.0,30.0,2.0,2.0,300.0
724,250.0,5.0,8.0,30.0,2.0,2.0,300.0
725,400.0,20.0,20.0,30.0,2.0,2.0,300.0
726,250.0,5.0,8.0,30.0,2.0,2.0,300.0
727,250.0,5.0,8.0,30.0,2.0,2.0,300.0
728,480.0,20.0,20.0,50.0,2.0,2.0,300.0
729,400.0,20.0,20.0,30.0,2.0,2.0,300.0
730,250.0,5.0,8.0,30.0,2.0,2.0,300.0
731,430.0,5.0,20.0,50.0,6.0,17.0,300.0
732,430.0,5.0,20.0,50.0,6.0,2.0,300.0
733,330.0,5.0,8.0,50.0,2.0,2.0,300.0
734,480.0,20.0,20.0,50.0,2.0,17.0,300.0
735,430.0,5.0,20.0,50.0,6.0,2.0,300.0
736,350.0,5.0,20.0,30.0,2.0,2.0,300.0
737,480.0,20.0,20.0,50.0,6.0,2.0,300.0
738,430.0,5.0,20.0,50.0,2.0,17.0,300.0
739,480.0,20.0,20.0,50.0,2.0,17.0,300.0
740,400.0,20.0,20.0,30.0,2.0,2.0,300.0
741,430.0,5.0,20.0,50.0,2.0,2.0,300.0
742,250.0,5.0,8.0,30.0,2.0,2.0,300.0
743,400.0,20.0,20.0,30.0,2.0,2.0,300.0
744,300.0,20.0,8.0,30.0,2.0,2.0,300.0
745,480.0,20.0,20.0,50.0,6.0,2.0,300.0
746,350.0,5.0,20.0,30.0,2.0,2.0,300.0
747,350.0,5.0,20.0,30.0,2.0,2.0,300.0
748,430.0,5.0,20.0,50.0,2.0,2.0,300.0
749,350.0,5.0,20.0,30.0,2.0,2.0,300.0
750,480.0,20.0,20.0,50.0,2.0,17.0,300.0
751,250.0,5.0,8.0,30.0,2.0,2.0,300.0
752,250.0,5.0,8.0,30.0,2.0,2.0,300.0
753,350.0,5.0,20.0,30.0,6.0,2.0,300.0
754,400.0,20.0,20.0,30.0,2.0,2.0,300.0
755,480.0,20.0,20.0,50.0,2.0,17.0,300.0
756,480.0,20.0,20.0,50.0,2.0,17.0,300.0
757,250.0,5.0,8.0,30.0,2.0,2.0,300.0
758,400.0,20.0,20.0,30.0,2.0,2.0,300.0
759,350.0,5.0,20.0,30.0,2.0,2.0,300.0
760,430.0,5.0,20.0,50.0,2.0,17.0,300.0
761,350.0,5.0,20.0,30.0,2.0,2.0,300.0
762,430.0,5.0,20.0,50.0,6.0,2.0,300.0
763,250.0,5.0,8.0,30.0,2.0,2.0,300.0
764,350.0,5.0,20.0,30.0,2.0,2.0,300.0
765,430.0,5.0,20.0,50.0,2.0,17.0,300.0
766,480.0,20.0,20.0,50.0,6.0,2.0,300.0
767,350.0,5.0,20.0,30.0,6.0,2.0,300.0
768,400.0,20.0,20.0,30.0,2.0,2.0,300.0
769,250.0,5.0,8.0,30.0,6.0,2.0,300.0
770,400.0,20.0,20.0,30.0,2.0,2.0,300.0
771,430.0,5.0,20.0,50.0,2.0,2.0,300.0
772,430.0,5.0,20.0,50.0,2.0,2.0,300.0
773,480.0,20.0,20.0,50.0,2.0,17.0,300.0
774,250.0,5.0,8.0,30.0,2.0,2.0,300.0
775,480.0,20.0,20.0,50.0,6.0,17.0,300.0
776,480.0,20.0,20.0,50.0,2.0,2.0,300.0
777,480.0,20.0,20.0,50.0,6.0,17.0,300.0
778,480.0,20.0,20.0,50.0,6.0,2.0,300.0
779,250.0,5.0,8.0,30.0,2.0,2.0,300.0
780,430.0,5.0,20.0,50.0,2.0,17.0,300.0
781,480.0,20.0,20.0,50.0,2.0,2.0,300.0
782,480.0,20.0,20.0,50.0,2.0,17.0,300.0
783,350.0,5.0,20.0,30.0,2.0,2.0,300.0
784,300.0,20.0,8.0,30.0,2.0,2.0,300.0
785,330.0,5.0,8.0,50.0,2.0,2.0,300.0
786,250.0,5.0,8.0,30.0,2.0,2.0,300.0
787,250.0,5.0,8.0,30.0,2.0,2.0,300.0
788,330.0,5.0,8.0,50.0,2.0,17.0,300.0
789,350.0,5.0,20.0,30.0,6.0,2.0,300.0
790,480.0,20.0,20.0,50.0,2.0,2.0,300.0
791,250.0,5.0,8.0,30.0,2.0,2.0,300.0
792,330.0,5.0,8.0,50.0,2.0,17.0,300.0
793,400.0,20.0,20.0,30.0,6.0,2.0,300.0
794,250.0,5.0,8.0,30.0,2.0,2.0,300.0
795,330.0,5.0,8.0,50.0,6.0,2.0,300.0
796,250.0,5.0,8.0,30.0,2.0,2.0,300.0
797,430.0,5.0,20.0,50.0,6.0,2.0,300.0
798,250.0,5.0,8.0,30.0,2.0,2.0,300.0
799,250.0,5.0,8.0,30.0,2.0,2.0,300.0
800,430.0,5.0,20.0,50.0,2.0,17.0,300.0
801,250.0,5.0,8.0,30.0,2.0,2.0,300.0
802,480.0,20.0,20.0,50.0,2.0,17.0,300.0
803,380.0,20.0,8.0,50.0,2.0,2.0,300.0
804,400.0,20.0,20.0,30.0,2.0,2.0,300.0
805,480.0,20.0,20.0,50.0,2.0,2.0,300.0
806,430.0,5.0,20.0,50.0,2.0,2.0,300.0
807,330.0,5.0,8.0,50.0,6.0,17.0,300.0
808,480.0,20.0,20.0,50.0,2.0,2.0,300.0
809,250.0,5.0,8.0,30.0,2.0,2.0,300.0
810,350.0,5.0,20.0,30.0,2.0,2.0,300.0
811,400.0,20.0,20.0,30.0,2.0,2.0,300.0
812,250.0,5.0,8.0,30.0,2.0,2.0,300.0
813,400.0,20.0,20.0,30.0,2.0,2.0,300.0
814,430.0,5.0,20.0,50.0,2.0,2.0,300.0
815,430.0,5.0,20.0,50.0,6.0,2.0,300.0
816,480.0,20.0,20.0,50.0,2.0,2.0,300.0
817,430.0,5.0,20.0,50.0,2.0,2.0,300.0
818,250.0,5.0,8.0,30.0,2.0,2.0,300.0
819,350.0,5.0,20.0,30.0,2.0,2.0,300.0
820,350.0,5.0,20.0,30.0,2.0,2.0,300.0
821,250.0,5.0,8.0,30.0,2.0,2.0,300.0
822,430.0,5.0,20.0,50.0,2.0,2.0,300.0
823,400.0,20.0,20.0,30.0,2.0,2.0,300.0
824,430.0,5.0,20.0,50.0,2.0,17.0,300.0
825,480.0,20.0,20.0,50.0,2.0,2.0,300.0
826,250.0,5.0,8.0,30.0,2.0,2.0,300.0
827,350.0,5.0,20.0,30.0,2.0,2.0,300.0
828,430.0,5.0,20.0,50.0,2.0,2.0,300.0
829,250.0,5.0,8.0,30.0,2.0,2.0,300.0
830,430.0,5.0,20.0,50.0,2.0,2.0,300.0
831,430.0,5.0,20.0,50.0,2.0,2.0,300.0
832,480.0,20.0,20.0,50.0,2.0,2.0,300.0
833,480.0,20.0,20.0,50.0,2.0,17.0,300.0
834,350.0,5.0,20.0,30.0,6.0,2.0,300.0
835,430.0,5.0,20.0,50.0,2.0,2.0,300.0
836,250.0,5.0,8.0,30.0,2.0,2.0,300.0
837,430.0,5.0,20.0,50.0,2.0,2.0,300.0
838,430.0,5.0,20.0,50.0,2.0,2.0,300.0
839,250.0,5.0,8.0,30.0,2.0,2.0,300.0
840,350.0,5.0,20.0,30.0,2.0,2.0,300.0
841,480.0,20.0,20.0,50.0,2.0,17.0,300.0
842,350.0,5.0,20.0,30.0,2.0,2.0,300.0
843,400.0,20.0,20.0,30.0,2.0,2.0,300.0
844,350.0,5.0,20.0,30.0,2.0,2.0,300.0
845,350.0,5.0,20.0,30.0,2.0,2.0,300.0
846,430.0,5.0,20.0,50.0,6.0,17.0,300.0
847,400.0,20.0,20.0,30.0,6.0,2.0,300.0
848,480.0,20.0,20.0,50.0,2.0,2.0,300.0
849,250.0,5.0,8.0,30.0,2.0,2.0,300.0
850,480.0,20.0,20.0,50.0,6.0,2.0,300.0
851,430.0,5.0,20.0,50.0,2.0,17.0,300.0
852,250.0,5.0,8.0,30.0,2.0,2.0,300.0
853,330.0,5.0,8.0,50.0,2.0,17.0,300.0
854,400.0,20.0,20.0,30.0,6.0,2.0,300.0
855,430.0,5.0,20.0,50.0,2.0,2.0,300.0
856,330.0,5.0,8.0,50.0,2.0,17.0,300.0
857,400.0,20.0,20.0,30.0,2.0,2.0,300.0
858,430.0,5.0,20.0,50.0,2.0,17.0,300.0
859,430.0,5.0,20.0,50.0,2.0,17.0,300.0
860,430.0,5.0,20.0,50.0,2.0,17.0,300.0
861,430.0,5.0,20.0,50.0,2.0,17.0,300.0
862,350.0,5.0,20.0,30.0,2.0,2.0,300.0
863,250.0,5.0,8.0,30.0,2.0,2.0,300.0
864,430.0,5.0,20.0,50.0,6.0,17.0,300.0
865,400.0,20.0,20.0,30.0,2.0,2.0,300.0
866,400.0,20.0,20.0,30.0,2.0,2.0,300.0
867,350.0,5.0,20.0,30.0,2.0,2.0,300.0
868,480.0,20.0,20.0,50.0,2.0,17.0,300.0
869,430.0,5.0,20.0,50.0,6.0,2.0,300.0
870,350.0,5.0,20.0,30.0,2.0,2.0,300.0
871,480.0,20.0,20.0,50.0,2.0,17.0,300.0
872,400.0,20.0,20.0,30.0,6.0,2.0,300.0
873,430.0,5.0,20.0,50.0,2.0,17.0,300.0
874,430.0,5.0,20.0,50.0,6.0,17.0,300.0
875,400.0,20.0,20.0,30.0,2.0,2.0,300.0
876,480.0,20.0,20.0,50.0,2.0,2.0,300.0
877,400.0,20.0,20.0,30.0,2.0,2.0,300.0
878,480.0,20.0,20.0,50.0,2.0,17.0,300.0
879,430.0,5.0,20.0,50.0,2.0,17.0,300.0
880,480.0,20.0,20.0,50.0,2.0,17.0,300.0
881,430.0,5.0,20.0,50.0,2.0,17.0,300.0
882,430.0,5.0,20.0,50.0,2.0,17.0,300.0
883,400.0,20.0,20.0,30.0,2.0,2.0,300.0
884,400.0,20.0,20.0,30.0,6.0,2.0,300.0
885,250.0,5.0,8.0,30.0,2.0,2.0,300.0
886,480.0,20.0,20.0,50.0,2.0,2.0,300.0
887,400.0,20.0,20.0,30.0,2.0,2.0,300.0
888,400.0,20.0,20.0,30.0,2.0,2.0,300.0
889,350.0,5.0,20.0,30.0,2.0,2.0,300.0
890,350.0,5.0,20.0,30.0,6.0,2.0,300.0
891,430.0,5.0,20.0,50.0,2.0,2.0,300.0
892,250.0,5.0,8.0,30.0,2.0,2.0,300.0
893,400.0,20.0,20.0,30.0,2.0,2.0,300.0
894,480.0,20.0,20.0,50.0,6.0,2.0,300.0
895,430.0,5.0,20.0,50.0,6.0,2.0,300.0
896,350.0,5.0,20.0,30.0,2.0,2.0,300.0
897,430.0,5.0,20.0,50.0,2.0,2.0,300.0
898,380.0,20.0,8.0,50.0,2.0,17.0,300.0
899,430.0,5.0,20.0,50.0,2.0,2.0,300.0
900,250.0,5.0,8.0,30.0,2.0,2.0,300.0
901,350.0,5.0,20.0,30.0,2.0,2.0,300.0
902,400.0,20.0,20.0,30.0,2.0,2.0,300.0
903,350.0,5.0,20.0,30.0,2.0,2.0,300.0
904,480.0,20.0,20.0,50.0,2.0,2.0,300.0
905,430.0,5.0,20.0,50.0,2.0,2.0,300.0
906,480.0,20.0,20.0,50.0,6.0,2.0,300.0
907,380.0,20.0,8.0,50.0,2.0,2.0,300.0
908,430.0,5.0,20.0,50.0,2.0,17.0,300.0
909,380.0,20.0,8.0,50.0,2.0,17.0,300.0
910,430.0,5.0,20.0,50.0,2.0,17.0,300.0
911,480.0,20.0,20.0,50.0,2.0,2.0,300.0
912,430.0,5.0,20.0,50.0,2.0,17.0,300.0
913,400.0,20.0,20.0,30.0,2.0,2.0,300.0
914,350.0,5.0,20.0,30.0,2.0,2.0,300.0
915,350.0,5.0,20.0,30.0,2.0,2.0,300.0
916,480.0,20.0,20.0,50.0,2.0,17.0,300.0
917,480.0,20.0,20.0,50.0,2.0,2.0,300.0
918,430.0,5.0,20.0,50.0,2.0,17.0,300.0
919,380.0,20.0,8.0,50.0,6.0,2.0,300.0
920,430.0,5.0,20.0,50.0,2.0,17.0,300.0
921,480.0,20.0,20.0,50.0,6.0,2.0,300.0
922,430.0,5.0,20.0,50.0,6.0,2.0,300.0
923,430.0,5.0,20.0,50.0,6.0,2.0,300.0
924,480.0,20.0,20.0,50.0,2.0,17.0,300.0
925,480.0,20.0,20.0,50.0,6.0,2.0,300.0
926,400.0,20.0,20.0,30.0,2.0,2.0,300.0
927,430.0,5.0,20.0,50.0,2.0,2.0,300.0
928,400.0,20.0,20.0,30.0,2.0,2.0,300.0
929,430.0,5.0,20.0,50.0,6.0,2.0,300.0
930,330.0,5.0,8.0,50.0,6.0,17.0,300.0
931,480.0,20.0,20.0,50.0,2.0,17.0,300.0
932,480.0,20.0,20.0,50.0,6.0,2.0,300.0
933,250.0,5.0,8.0,30.0,2.0,2.0,300.0
934,430.0,5.0,20.0,50.0,2.0,17.0,300.0
935,400.0,20.0,20.0,30.0,2.0,2.0,300.0
936,430.0,5.0,20.0,50.0,2.0,2.0,300.0
937,250.0,5.0,8.0,30.0,2.0,2.0,300.0
938,430.0,5.0,20.0,50.0,2.0,17.0,300.0
939,300.0,20.0,8.0,30.0,2.0,2.0,300.0
940,430.0,5.0,20.0,50.0,2.0,17.0,300.0
941,380.0,20.0,8.0,50.0,2.0,2.0,300.0
942,350.0,5.0,20.0,30.0,6.0,2.0,300.0
943,400.0,20.0,20.0,30.0,6.0,2.0,300.0
944,250.0,5.0,8.0,30.0,2.0,2.0,300.0
945,380.0,20.0,8.0,50.0,6.0,2.0,300.0
946,300.0,20.0,8.0,30.0,2.0,2.0,300.0
947,480.0,20.0,20.0,50.0,2.0,2.0,300.0
948,480.0,20.0,20.0,50.0,2.0,17.0,300.0
949,480.0,20.0,20.0,50.0,2.0,2.0,300.0
950,430.0,5.0,20.0,50.0,2.0,17.0,300.0
951,350.0,5.0,20.0,30.0,6.0,2.0,300.0
952,480.0,20.0,20.0,50.0,2.0,2.0,300.0
953,430.0,5.0,20.0,50.0,6.0,17.0,300.0
954,430.0,5.0,20.0,50.0,2.0,2.0,300.0
955,350.0,5.0,20.0,30.0,2.0,2.0,300.0
956,250.0,5.0,8.0,30.0,2.0,2.0,300.0
957,380.0,20.0,8.0,50.0,2.0,17.0,300.0
958,350.0,5.0,20.0,30.0,6.0,2.0,300.0
959,400.0,20.0,20.0,30.0,2.0,2.0,300.0
960,480.0,20.0,20.0,50.0,2.0,2.0,300.0
961,400.0,20.0,20.0,30.0,2.0,2.0,300.0
962,400.0,20.0,20.0,30.0,6.0,2.0,300.0
963,430.0,5.0,20.0,50.0,2.0,2.0,300.0
964,430.0,5.0,20.0,50.0,2.0,2.0,300.0
965,350.0,5.0,20.0,30.0,2.0,2.0,300.0
966,480.0,20.0,20.0,50.0,6.0,2.0,300.0
967,430.0,5.0,20.0,50.0,2.0,2.0,300.0
968,430.0,5.0,20.0,50.0,6.0,2.0,300.0
969,350.0,5.0,20.0,30.0,2.0,2.0,300.0
970,350.0,5.0,20.0,30.0,2.0,2.0,300.0
971,430.0,5.0,20.0,50.0,2.0,17.0,300.0
972,430.0,5.0,20.0,50.0,2.0,17.0,300.0
973,400.0,20.0,20.0,30.0,2.0,2.0,300.0
974,400.0,20.0,20.0,30.0,2.0,2.0,300.0
975,400.0,20.0,20.0,30.0,2.0,2.0,300.0
976,250.0,5.0,8.0,30.0,2.0,2.0,300.0
977,430.0,5.0,20.0,50.0,2.0,2.0,300.0
978,430.0,5.0,20.0,50.0,2.0,2.0,300.0
979,350.0,5.0,20.0,30.0,2.0,2.0,300.0
980,430.0,5.0,20.0,50.0,2.0,17.0,300.0
981,430.0,5.0,20.0,50.0,6.0,2.0,300.0
982,430.0,5.0,20.0,50.0,2.0,17.0,300.0
983,480.0,20.0,20.0,50.0,2.0,2.0,300.0
984,480.0,20.0,20.0,50.0,2.0,2.0,300.0
985,400.0,20.0,20.0,30.0,2.0,2.0,300.0
986,400.0,20.0,20.0,30.0,2.0,2.0,300.0
987,480.0,20.0,20.0,50.0,2.0,17.0,300.0
988,430.0,5.0,20.0,50.0,2.0,2.0,300.0
989,400.0,20.0,20.0,30.0,2.0,2.0,300.0
990,480.0,20.0,20.0,50.0,6.0,2.0,300.0
991,400.0,20.0,20.0,30.0,2.0,2.0,300.0
992,400.0,20.0,20.0,30.0,2.0,2.0,300.0
993,480.0,20.0,20.0,50.0,2.0,17.0,300.0
994,350.0,5.0,20.0,30.0,2.0,2.0,300.0
995,300.0,20.0,8.0,30.0,2.0,2.0,300.0
996,480.0,20.0,20.0,50.0,2.0,17.0,300.0
997,250.0,5.0,8.0,30.0,6.0,2.0,300.0
998,350.0,5.0,20.0,30.0,2.0,2.0,300.0
999,430.0,5.0,20.0,50.0,6.0,2.0,300.0
1000,350.0,5.0,20.0,30.0,2.0,2.0,300.0
1001,330.0,5.0,8.0,50.0,2.0,2.0,300.0
1002,400.0,20.0,20.0,30.0,2.0,2.0,300.0
1003,350.0,5.0,20.0,30.0,2.0,2.0,300.0
1004,430.0,5.0,20.0,50.0,2.0,17.0,300.0
1005,250.0,5.0,8.0,30.0,2.0,2.0,300.0
1006,430.0,5.0,20.0,50.0,2.0,17.0,300.0
1007,250.0,5.0,8.0,30.0,2.0,2.0,300.0
1008,480.0,20.0,20.0,50.0,2.0,2.0,300.0
1009,350.0,5.0,20.0,30.0,2.0,2.0,300.0
1010,380.0,20.0,8.0,50.0,6.0,17.0,300.0
1011,480.0,20.0,20.0,50.0,2.0,17.0,300.0
1012,480.0,20.0,20.0,50.0,2.0,17.0,300.0
1013,480.0,20.0,20.0,50.0,6.0,17.0,300.0
1014,430.0,5.0,20.0,50.0,6.0,17.0,300.0
1015,330.0,5.0,8.0,50.0,6.0,2.0,300.0
1016,480.0,20.0,20.0,50.0,6.0,2.0,300.0
1017,350.0,5.0,20.0,30.0,2.0,2.0,300.0
1018,480.0,20.0,20.0,50.0,6.0,2.0,300.0
1019,480.0,20.0,20.0,50.0,2.0,17.0,300.0
1020,430.0,5.0,20.0,50.0,6.0,2.0,300.0
1021,480.0,20.0,20.0,50.0,2.0,17.0,300.0
1022,480.0,20.0,20.0,50.0,2.0,2.0,300.0
1023,350.0,5.0,20.0,30.0,2.0,2.0,300.0
1024,400.0,20.0,20.0,30.0,6.0,2.0,300.0
1025,350.0,5.0,20.0,30.0,2.0,2.0,300.0
1026,400.0,20.0,20.0,30.0,2.0,2.0,300.0
1027,480.0,20.0,20.0,50.0,2.0,17.0,300.0
1028,250.0,5.0,8.0,30.0,6.0,2.0,300.0
1029,400.0,20.0,20.0,30.0,2.0,2.0,300.0
1030,250.0,5.0,8.0,30.0,2.0,2.0,300.0
1031,430.0,5.0,20.0,50.0,2.0,17.0,300.0
1032,400.0,20.0,20.0,30.0,2.0,2.0,300.0
1033,480.0,20.0,20.0,50.0,6.0,17.0,300.0
1034,430.0,5.0,20.0,50.0,2.0,2.0,300.0
1035,480.0,20.0,20.0,50.0,2.0,2.0,300.0
1036,400.0,20.0,20.0,30.0,2.0,2.0,300.0
1037,400.0,20.0,20.0,30.0,2.0,2.0,300.0
1038,400.0,20.0,20.0,30.0,2.0,2.0,300.0
1039,400.0,20.0,20.0,30.0,2.0,2.0,300.0
1040,430.0,5.0,20.0,50.0,2.0,17.0,300.0
1041,430.0,5.0,20.0,50.0,2.0,2.0,300.0
1042,400.0,20.0,20.0,30.0,2.0,2.0,300.0
1043,300.0,20.0,8.0,30.0,2.0,2.0,300.0
1044,480.0,20.0,20.0,50.0,2.0,17.0,300.0
1045,480.0,20.0,20.0,50.0,6.0,2.0,300.0
1046,400.0,20.0,20.0,30.0,2.0,2.0,300.0
1047,330.0,5.0,8.0,50.0,2.0,2.0,300.0
1048,430.0,5.0,20.0,50.0,2.0,2.0,300.0
1049,400.0,20.0,20.0,30.0,6.0,2.0,300.0
1050,430.0,5.0,20.0,50.0,2.0,17.0,300.0
1051,430.0,5.0,20.0,50.0,2.0,2.0,300.0
1052,400.0,20.0,20.0,30.0,2.0,2.0,300.0
1053,400.0,20.0,20.0,30.0,2.0,2.0,300.0
1054,480.0,20.0,20.0,50.0,2.0,17.0,300.0
1055,480.0,20.0,20.0,50.0,2.0,2.0,300.0
1056,480.0,20.0,20.0,50.0,2.0,17.0,300.0
1057,480.0,20.0,20.0,50.0,2.0,2.0,300.0
1058,430.0,5.0,20.0,50.0,2.0,17.0,300.0
1059,480.0,20.0,20.0,50.0,2.0,17.0,300.0
1060,480.0,20.0,20.0,50.0,6.0,2.0,300.0
1061,430.0,5.0,20.0,50.0,2.0,17.0,300.0
1062,430.0,5.0,20.0,50.0,2.0,2.0,300.0
1063,300.0,20.0,8.0,30.0,2.0,2.0,300.0
1064,480.0,20.0,20.0,50.0,2.0,2.0,300.0
1065,400.0,20.0,20.0,30.0,2.0,2.0,300.0
1066,400.0,20.0,20.0,30.0,2.0,2.0,300.0
1067,250.0,5.0,8.0,30.0,2.0,2.0,300.0
1068,250.0,5.0,8.0,30.0,2.0,2.0,300.0
1069,350.0,5.0,20.0,30.0,2.0,2.0,300.0
1070,400.0,20.0,20.0,30.0,2.0,2.0,300.0
1071,400.0,20.0,20.0,30.0,2.0,2.0,300.0
1072,480.0,20.0,20.0,50.0,2.0,2.0,300.0
1073,480.0,20.0,20.0,50.0,2.0,2.0,300.0
1074,330.0,5.0,8.0,50.0,2.0,17.0,300.0
1075,400.0,20.0,20.0,30.0,2.0,2.0,300.0
1076,430.0,5.0,20.0,50.0,6.0,2.0,300.0
1077,480.0,20.0,20.0,50.0,2.0,2.0,300.0
1078,330.0,5.0,8.0,50.0,2.0,17.0,300.0
1079,480.0,20.0,20.0,50.0,6.0,17.0,300.0
1080,430.0,5.0,20.0,50.0,2.0,2.0,300.0
1081,480.0,20.0,20.0,50.0,2.0,17.0,300.0
1082,330.0,5.0,8.0,50.0,6.0,17.0,300.0
1083,300.0,20.0,8.0,30.0,2.0,2.0,300.0
1084,400.0,20.0,20.0,30.0,2.0,2.0,300.0
1085,350.0,5.0,20.0,30.0,2.0,2.0,300.0
1086,400.0,20.0,20.0,30.0,6.0,2.0,300.0
1087,400.0,20.0,20.0,30.0,6.0,2.0,300.0
1088,480.0,20.0,20.0,50.0,6.0,17.0,300.0
1089,350.0,5.0,20.0,30.0,2.0,2.0,300.0
1090,430.0,5.0,20.0,50.0,6.0,2.0,300.0
1091,400.0,20.0,20.0,30.0,2.0,2.0,300.0
1092,400.0,20.0,20.0,30.0,6.0,2.0,300.0
1093,350.0,5.0,20.0,30.0,2.0,2.0,300.0
1094,350.0,5.0,20.0,30.0,2.0,2.0,300.0
1095,480.0,20.0,20.0,50.0,2.0,2.0,300.0
1096,330.0,5.0,8.0,50.0,2.0,17.0,300.0
1097,480.0,20.0,20.0,50.0,2.0,2.0,300.0
1098,430.0,5.0,20.0,50.0,2.0,17.0,300.0
1099,400.0,20.0,20.0,30.0,2.0,2.0,300.0
1100,480.0,20.0,20.0,50.0,2.0,2.0,300.0
1101,480.0,20.0,20.0,50.0,6.0,2.0,300.0
1102,250.0,5.0,8.0,30.0,2.0,2.0,300.0
1103,480.0,20.0,20.0,50.0,2.0,17.0,300.0
1104,350.0,5.0,20.0,30.0,2.0,2.0,300.0
1105,480.0,20.0,20.0,50.0,2.0,2.0,300.0
1106,350.0,5.0,20.0,30.0,6.0,2.0,300.0
1107,430.0,5.0,20.0,50.0,2.0,17.0,300.0
1108,430.0,5.0,20.0,50.0,6.0,17.0,300.0
1109,480.0,20.0,20.0,50.0,2.0,2.0,300.0
1110,250.0,5.0,8.0,30.0,6.0,2.0,300.0
1111,430.0,5.0,20.0,50.0,2.0,2.0,300.0
1112,400.0,20.0,20.0,30.0,6.0,2.0,300.0
1113,400.0,20.0,20.0,30.0,2.0,2.0,300.0
1114,430.0,5.0,20.0,50.0,2.0,2.0,300.0
1115,250.0,5.0,8.0,30.0,2.0,2.0,300.0
1116,480.0,20.0,20.0,50.0,2.0,2.0,300.0
1117,350.0,5.0,20.0,30.0,2.0,2.0,300.0
1118,430.0,5.0,20.0,50.0,2.0,17.0,300.0
1119,400.0,20.0,20.0,30.0,2.0,2.0,300.0
1120,350.0,5.0,20.0,30.0,2.0,2.0,300.0
1121,350.0,5.0,20.0,30.0,6.0,2.0,300.0
1122,400.0,20.0,20.0,30.0,2.0,2.0,300.0
1123,480.0,20.0,20.0,50.0,6.0,17.0,300.0
1124,480.0,20.0,20.0,50.0,2.0,17.0,300.0
1125,480.0,20.0,20.0,50.0,2.0,17.0,300.0
1126,480.0,20.0,20.0,50.0,6.0,2.0,300.0
1127,480.0,20.0,20.0,50.0,2.0,2.0,300.0
1128,480.0,20.0,20.0,50.0,2.0,17.0,300.0
1129,400.0,20.0,20.0,30.0,2.0,2.0,300.0
1130,400.0,20.0,20.0,30.0,2.0,2.0,300.0
1131,430.0,5.0,20.0,50.0,2.0,17.0,300.0
1132,430.0,5.0,20.0,50.0,2.0,17.0,300.0
1133,350.0,5.0,20.0,30.0,2.0,2.0,300.0
1134,430.0,5.0,20.0,50.0,2.0,2.0,300.0
1135,350.0,5.0,20.0,30.0,2.0,2.0,300.0
1136,350.0,5.0,20.0,30.0,2.0,2.0,300.0
1137,350.0,5.0,20.0,30.0,2.0,2.0,300.0
1138,250.0,5.0,8.0,30.0,2.0,2.0,300.0
1139,480.0,20.0,20.0,50.0,2.0,2.0,300.0
1140,480.0,20.0,20.0,50.0,2.0,2.0,300.0
1141,330.0,5.0,8.0,50.0,2.0,17.0,300.0
1142,350.0,5.0,20.0,30.0,6.0,2.0,300.0
1143,480.0,20.0,20.0,50.0,6.0,17.0,300.0
1144,430.0,5.0,20.0,50.0,2.0,2.0,300.0
1145,400.0,20.0,20.0,30.0,6.0,2.0,300.0
1146,400.0,20.0,20.0,30.0,2.0,2.0,300.0
1147,400.0,20.0,20.0,30.0,2.0,2.0,300.0
1148,400.0,20.0,20.0,30.0,2.0,2.0,300.0
1149,350.0,5.0,20.0,30.0,2.0,2.0,300.0
1150,380.0,20.0,8.0,50.0,2.0,17.0,300.0
1151,430.0,5.0,20.0,50.0,2.0,17.0,300.0
1152,430.0,5.0,20.0,50.0,2.0,17.0,300.0
1153,400.0,20.0,20.0,30.0,2.0,2.0,300.0
1154,480.0,20.0,20.0,50.0,2.0,2.0,300.0
1155,330.0,5.0,8.0,50.0,6.0,2.0,300.0
1156,400.0,20.0,20.0,30.0,6.0,2.0,300.0
1157,430.0,5.0,20.0,50.0,2.0,17.0,300.0
1158,300.0,20.0,8.0,30.0,2.0,2.0,300.0
1159,250.0,5.0,8.0,30.0,2.0,2.0,300.0
1160,250.0,5.0,8.0,30.0,2.0,2.0,300.0
1161,480.0,20.0,20.0,50.0,2.0,2.0,300.0
1162,480.0,20.0,20.0,50.0,2.0,17.0,300.0
1163,350.0,5.0,20.0,30.0,2.0,2.0,300.0
1164,430.0,5.0,20.0,50.0,2.0,2.0,300.0
1165,400.0,20.0,20.0,30.0,2.0,2.0,300.0
1166,400.0,20.0,20.0,30.0,2.0,2.0,300.0
1167,480.0,20.0,20.0,50.0,2.0,2.0,300.0
1168,350.0,5.0,20.0,30.0,2.0,2.0,300.0
1169,250.0,5.0,8.0,30.0,2.0,2.0,300.0
1170,430.0,5.0,20.0,50.0,2.0,2.0,300.0
1171,430.0,5.0,20.0,50.0,6.0,2.0,300.0
1172,250.0,5.0,8.0,30.0,2.0,2.0,300.0
1173,400.0,20.0,20.0,30.0,2.0,2.0,300.0
1174,430.0,5.0,20.0,50.0,6.0,17.0,300.0
1175,430.0,5.0,20.0,50.0,2.0,17.0,300.0
1176,350.0,5.0,20.0,30.0,6.0,2.0,300.0
1177,400.0,20.0,20.0,30.0,6.0,2.0,300.0
1178,380.0,20.0,8.0,50.0,2.0,17.0,300.0
1179,400.0,20.0,20.0,30.0,6.0,2.0,300.0
1180,350.0,5.0,20.0,30.0,2.0,2.0,300.0
1181,480.0,20.0,20.0,50.0,2.0,17.0,300.0
1182,430.0,5.0,20.0,50.0,6.0,2.0,300.0
1183,350.0,5.0,20.0,30.0,2.0,2.0,300.0
1184,480.0,20.0,20.0,50.0,2.0,2.0,300.0
1185,480.0,20.0,20.0,50.0,6.0,2.0,300.0
1186,400.0,20.0,20.0,30.0,6.0,2.0,300.0
1187,480.0,20.0,20.0,50.0,6.0,17.0,300.0
1188,430.0,5.0,20.0,50.0,2.0,17.0,300.0
1189,330.0,5.0,8.0,50.0,2.0,2.0,300.0
1190,430.0,5.0,20.0,50.0,6.0,2.0,300.0
1191,250.0,5.0,8.0,30.0,2.0,2.0,300.0
1192,430.0,5.0,20.0,50.0,2.0,17.0,300.0
1193,250.0,5.0,8.0,30.0,2.0,2.0,300.0
1194,480.0,20.0,20.0,50.0,2.0,2.0,300.0
1195,400.0,20.0,20.0,30.0,2.0,2.0,300.0
1196,480.0,20.0,20.0,50.0,6.0,2.0,300.0
1197,430.0,5.0,20.0,50.0,2.0,17.0,300.0
1198,400.0,20.0,20.0,30.0,2.0,2.0,300.0
1199,250.0,5.0,8.0,30.0,2.0,2.0,300.0
1200,300.0,20.0,8.0,30.0,2.0,2.0,300.0
1201,430.0,5.0,20.0,50.0,2.0,2.0,300.0
1202,350.0,5.0,20.0,30.0,2.0,2.0,300.0
1203,400.0,20.0,20.0,30.0,2.0,2.0,300.0
1204,350.0,5.0,20.0,30.0,6.0,2.0,300.0
1205,480.0,20.0,20.0,50.0,2.0,2.0,300.0
1206,330.0,5.0,8.0,50.0,6.0,2.0,300.0
1207,350.0,5.0,20.0,30.0,2.0,2.0,300.0
1208,430.0,5.0,20.0,50.0,2.0,17.0,300.0
1209,350.0,5.0,20.0,30.0,6.0,2.0,300.0
1210,480.0,20.0,20.0,50.0,2.0,17.0,300.0
1211,430.0,5.0,20.0,50.0,2.0,2.0,300.0
1212,250.0,5.0,8.0,30.0,2.0,2.0,300.0
1213,480.0,20.0,20.0,50.0,2.0,17.0,300.0
1214,250.0,5.0,8.0,30.0,2.0,2.0,300.0
1215,430.0,5.0,20.0,50.0,2.0,2.0,300.0
1216,250.0,5.0,8.0,30.0,2.0,2.0,300.0
1217,400.0,20.0,20.0,30.0,2.0,2.0,300.0
1218,250.0,5.0,8.0,30.0,2.0,2.0,300.0
1219,250.0,5.0,8.0,30.0,2.0,2.0,300.0
1220,250.0,5.0,8.0,30.0,2.0,2.0,300.0
1221,480.0,20.0,20.0,50.0,2.0,17.0,300.0
1222,480.0,20.0,20.0,50.0,2.0,17.0,300.0
1223,250.0,5.0,8.0,30.0,2.0,2.0,300.0
1224,400.0,20.0,20.0,30.0,2.0,2.0,300.0
1225,350.0,5.0,20.0,30.0,2.0,2.0,300.0
1226,400.0,20.0,20.0,30.0,2.0,2.0,300.0
1227,400.0,20.0,20.0,30.0,6.0,2.0,300.0
1228,480.0,20.0,20.0,50.0,2.0,17.0,300.0
1229,350.0,5.0,20.0,30.0,2.0,2.0,300.0
1230,400.0,20.0,20.0,30.0,2.0,2.0,300.0
1231,480.0,20.0,20.0,50.0,2.0,17.0,300.0
1232,430.0,5.0,20.0,50.0,2.0,2.0,300.0
1233,480.0,20.0,20.0,50.0,6.0,17.0,300.0
1234,350.0,5.0,20.0,30.0,2.0,2.0,300.0
1235,350.0,5.0,20.0,30.0,2.0,2.0,300.0
1236,480.0,20.0,20.0,50.0,6.0,17.0,300.0
1237,250.0,5.0,8.0,30.0,2.0,2.0,300.0
1238,430.0,5.0,20.0,50.0,6.0,2.0,300.0
1239,250.0,5.0,8.0,30.0,2.0,2.0,300.0
1240,250.0,5.0,8.0,30.0,2.0,2.0,300.0
1241,250.0,5.0,8.0,30.0,2.0,2.0,300.0
1242,400.0,20.0,20.0,30.0,2.0,2.0,300.0
1243,400.0,20.0,20.0,30.0,2.0,2.0,300.0
1244,480.0,20.0,20.0,50.0,2.0,17.0,300.0
1245,400.0,20.0,20.0,30.0,2.0,2.0,300.0
1246,430.0,5.0,20.0,50.0,2.0,17.0,300.0
1247,430.0,5.0,20.0,50.0,2.0,2.0,300.0
1248,250.0,5.0,8.0,30.0,2.0,2.0,300.0
1249,480.0,20.0,20.0,50.0,2.0,2.0,300.0
1250,480.0,20.0,20.0,50.0,2.0,2.0,300.0
1251,480.0,20.0,20.0,50.0,6.0,2.0,300.0
1252,250.0,5.0,8.0,30.0,2.0,2.0,300.0
1253,400.0,20.0,20.0,30.0,2.0,2.0,300.0
1254,430.0,5.0,20.0,50.0,2.0,2.0,300.0
1255,430.0,5.0,20.0,50.0,2.0,17.0,300.0
1256,400.0,20.0,20.0,30.0,6.0,2.0,300.0
1257,350.0,5.0,20.0,30.0,6.0,2.0,300.0
1258,350.0,5.0,20.0,30.0,2.0,2.0,300.0
1259,400.0,20.0,20.0,30.0,2.0,2.0,300.0
1260,400.0,20.0,20.0,30.0,2.0,2.0,300.0
1261,250.0,5.0,8.0,30.0,2.0,2.0,300.0
1262,350.0,5.0,20.0,30.0,2.0,2.0,300.0
1263,250.0,5.0,8.0,30.0,2.0,2.0,300.0
1264,480.0,20.0,20.0,50.0,2.0,17.0,300.0
1265,350.0,5.0,20.0,30.0,6.0,2.0,300.0
1266,400.0,20.0,20.0,30.0,2.0,2.0,300.0
1267,430.0,5.0,20.0,50.0,6.0,17.0,300.0
1268,380.0,20.0,8.0,50.0,2.0,2.0,300.0
1269,480.0,20.0,20.0,50.0,2.0,2.0,300.0
1270,250.0,5.0,8.0,30.0,2.0,2.0,300.0
1271,250.0,5.0,8.0,30.0,2.0,2.0,300.0
1272,250.0,5.0,8.0,30.0,6.0,2.0,300.0
1273,400.0,20.0,20.0,30.0,2.0,2.0,300.0
1274,430.0,5.0,20.0,50.0,2.0,2.0,300.0
1275,350.0,5.0,20.0,30.0,2.0,2.0,300.0
1276,350.0,5.0,20.0,30.0,2.0,2.0,300.0
1277,430.0,5.0,20.0,50.0,2.0,2.0,300.0
1278,430.0,5.0,20.0,50.0,6.0,2.0,300.0
1279,430.0,5.0,20.0,50.0,6.0,2.0,300.0
1280,480.0,20.0,20.0,50.0,2.0,2.0,300.0
1281,330.0,5.0,8.0,50.0,2.0,17.0,300.0
1282,250.0,5.0,8.0,30.0,2.0,2.0,300.0
1283,480.0,20.0,20.0,50.0,2.0,2.0,300.0
1284,480.0,20.0,20.0,50.0,2.0,17.0,300.0
1285,430.0,5.0,20.0,50.0,6.0,2.0,300.0
1286,430.0,5.0,20.0,50.0,2.0,17.0,300.0
1287,430.0,5.0,20.0,50.0,2.0,17.0,300.0
1288,250.0,5.0,8.0,30.0,2.0,2.0,300.0
1289,480.0,20.0,20.0,50.0,2.0,2.0,300.0
1290,430.0,5.0,20.0,50.0,2.0,17.0,300.0
1291,480.0,20.0,20.0,50.0,6.0,2.0,300.0
1292,480.0,20.0,20.0,50.0,6.0,2.0,300.0
1293,430.0,5.0,20.0,50.0,2.0,2.0,300.0
1294,480.0,20.0,20.0,50.0,2.0,17.0,300.0
1295,250.0,5.0,8.0,30.0,2.0,2.0,300.0
1296,300.0,20.0,8.0,30.0,2.0,2.0,300.0
1297,400.0,20.0,20.0,30.0,2.0,2.0,300.0
1298,430.0,5.0,20.0,50.0,2.0,2.0,300.0
1299,250.0,5.0,8.0,30.0,2.0,2.0,300.0
1300,250.0,5.0,8.0,30.0,2.0,2.0,300.0
1301,480.0,20.0,20.0,50.0,2.0,2.0,300.0
1302,400.0,20.0,20.0,30.0,2.0,2.0,300.0
1303,430.0,5.0,20.0,50.0,2.0,2.0,300.0
1304,250.0,5.0,8.0,30.0,2.0,2.0,300.0
1305,350.0,5.0,20.0,30.0,2.0,2.0,300.0
1306,350.0,5.0,20.0,30.0,2.0,2.0,300.0
1307,250.0,5.0,8.0,30.0,2.0,2.0,300.0
1308,430.0,5.0,20.0,50.0,2.0,2.0,300.0
1309,430.0,5.0,20.0,50.0,6.0,17.0,300.0
1310,250.0,5.0,8.0,30.0,2.0,2.0,300.0
1311,350.0,5.0,20.0,30.0,2.0,2.0,300.0
1312,430.0,5.0,20.0,50.0,2.0,2.0,300.0
1313,430.0,5.0,20.0,50.0,2.0,2.0,300.0
1314,430.0,5.0,20.0,50.0,2.0,2.0,300.0
1315,480.0,20.0,20.0,50.0,2.0,2.0,300.0
1316,430.0,5.0,20.0,50.0,2.0,2.0,300.0
1317,250.0,5.0,8.0,30.0,2.0,2.0,300.0
1318,350.0,5.0,20.0,30.0,6.0,2.0,300.0
1319,400.0,20.0,20.0,30.0,2.0,2.0,300.0
1320,250.0,5.0,8.0,30.0,2.0,2.0,300.0
1321,430.0,5.0,20.0,50.0,6.0,17.0,300.0
1322,480.0,20.0,20.0,50.0,2.0,17.0,300.0
1323,480.0,20.0,20.0,50.0,6.0,2.0,300.0
1324,480.0,20.0,20.0,50.0,6.0,2.0,300.0
1325,430.0,5.0,20.0,50.0,2.0,17.0,300.0
1326,350.0,5.0,20.0,30.0,2.0,2.0,300.0
1327,400.0,20.0,20.0,30.0,2.0,2.0,300.0
1328,400.0,20.0,20.0,30.0,2.0,2.0,300.0
1329,400.0,20.0,20.0,30.0,2.0,2.0,300.0
1330,430.0,5.0,20.0,50.0,2.0,2.0,300.0
1331,250.0,5.0,8.0,30.0,2.0,2.0,300.0
1332,400.0,20.0,20.0,30.0,2.0,2.0,300.0
1333,480.0,20.0,20.0,50.0,2.0,2.0,300.0
1334,480.0,20.0,20.0,50.0,2.0,2.0,300.0
1335,400.0,20.0,20.0,30.0,2.0,2.0,300.0
1336,430.0,5.0,20.0,50.0,2.0,17.0,300.0
1337,250.0,5.0,8.0,30.0,6.0,2.0,300.0
1338,480.0,20.0,20.0,50.0,2.0,2.0,300.0
1339,480.0,20.0,20.0,50.0,2.0,2.0,300.0
1340,480.0,20.0,20.0,50.0,2.0,2.0,300.0
1341,430.0,5.0,20.0,50.0,2.0,17.0,300.0
1342,250.0,5.0,8.0,30.0,2.0,2.0,300.0
1343,330.0,5.0,8.0,50.0,2.0,2.0,300.0
1344,330.0,5.0,8.0,50.0,2.0,17.0,300.0
1345,480.0,20.0,20.0,50.0,2.0,2.0,300.0
1346,430.0,5.0,20.0,50.0,2.0,2.0,300.0
1347,480.0,20.0,20.0,50.0,2.0,17.0,300.0
1348,300.0,20.0,8.0,30.0,2.0,2.0,300.0
1349,480.0,20.0,20.0,50.0,2.0,2.0,300.0
1350,430.0,5.0,20.0,50.0,6.0,17.0,300.0
1351,350.0,5.0,20.0,30.0,2.0,2.0,300.0
1352,400.0,20.0,20.0,30.0,2.0,2.0,300.0
1353,480.0,20.0,20.0,50.0,2.0,17.0,300.0
1354,350.0,5.0,20.0,30.0,2.0,2.0,300.0
1355,350.0,5.0,20.0,30.0,2.0,2.0,300.0
1356,430.0,5.0,20.0,50.0,2.0,17.0,300.0
1357,480.0,20.0,20.0,50.0,6.0,2.0,300.0
1358,330.0,5.0,8.0,50.0,2.0,17.0,300.0
1359,480.0,20.0,20.0,50.0,2.0,2.0,300.0
1360,330.0,5.0,8.0,50.0,2.0,17.0,300.0
1361,330.0,5.0,8.0,50.0,2.0,17.0,300.0
1362,400.0,20.0,20.0,30.0,2.0,2.0,300.0
1363,480.0,20.0,20.0,50.0,2.0,2.0,300.0
1364,400.0,20.0,20.0,30.0,2.0,2.0,300.0
1365,350.0,5.0,20.0,30.0,2.0,2.0,300.0
1366,400.0,20.0,20.0,30.0,6.0,2.0,300.0
1367,430.0,5.0,20.0,50.0,2.0,17.0,300.0
1368,480.0,20.0,20.0,50.0,2.0,2.0,300.0
1369,480.0,20.0,20.0,50.0,6.0,2.0,300.0
1370,400.0,20.0,20.0,30.0,6.0,2.0,300.0
1371,250.0,5.0,8.0,30.0,2.0,2.0,300.0
1372,250.0,5.0,8.0,30.0,2.0,2.0,300.0
1373,480.0,20.0,20.0,50.0,2.0,2.0,300.0
1374,250.0,5.0,8.0,30.0,2.0,2.0,300.0
1375,250.0,5.0,8.0,30.0,2.0,2.0,300.0
1376,250.0,5.0,8.0,30.0,6.0,2.0,300.0
1377,480.0,20.0,20.0,50.0,6.0,17.0,300.0
1378,400.0,20.0,20.0,30.0,2.0,2.0,300.0
1379,480.0,20.0,20.0,50.0,6.0,17.0,300.0
1380,350.0,5.0,20.0,30.0,2.0,2.0,300.0
1381,430.0,5.0,20.0,50.0,2.0,2.0,300.0
1382,430.0,5.0,20.0,50.0,2.0,17.0,300.0
1383,380.0,20.0,8.0,50.0,2.0,2.0,300.0
1384,250.0,5.0,8.0,30.0,2.0,2.0,300.0
1385,480.0,20.0,20.0,50.0,2.0,17.0,300.0
1386,480.0,20.0,20.0,50.0,2.0,2.0,300.0
1387,400.0,20.0,20.0,30.0,2.0,2.0,300.0
1388,400.0,20.0,20.0,30.0,2.0,2.0,300.0
1389,480.0,20.0,20.0,50.0,2.0,17.0,300.0
1390,250.0,5.0,8.0,30.0,2.0,2.0,300.0
1391,330.0,5.0,8.0,50.0,2.0,2.0,300.0
1392,400.0,20.0,20.0,30.0,2.0,2.0,300.0
1393,250.0,5.0,8.0,30.0,6.0,2.0,300.0
1394,350.0,5.0,20.0,30.0,6.0,2.0,300.0
1395,430.0,5.0,20.0,50.0,2.0,2.0,300.0
1396,350.0,5.0,20.0,30.0,2.0,2.0,300.0
1397,250.0,5.0,8.0,30.0,2.0,2.0,300.0
1398,330.0,5.0,8.0,50.0,2.0,2.0,300.0
1399,430.0,5.0,20.0,50.0,2.0,17.0,300.0
1400,430.0,5.0,20.0,50.0,2.0,17.0,300.0
1401,350.0,5.0,20.0,30.0,2.0,2.0,300.0
1402,430.0,5.0,20.0,50.0,6.0,2.0,300.0
1403,250.0,5.0,8.0,30.0,2.0,2.0,300.0
1404,430.0,5.0,20.0,50.0,2.0,17.0,300.0
1405,350.0,5.0,20.0,30.0,2.0,2.0,300.0
1406,400.0,20.0,20.0,30.0,2.0,2.0,300.0
1407,480.0,20.0,20.0,50.0,2.0,17.0,300.0
1408,480.0,20.0,20.0,50.0,2.0,17.0,300.0
1409,430.0,5.0,20.0,50.0,2.0,2.0,300.0
1410,480.0,20.0,20.0,50.0,2.0,17.0,300.0
1411,430.0,5.0,20.0,50.0,2.0,2.0,300.0
1412,350.0,5.0,20.0,30.0,2.0,2.0,300.0
1413,350.0,5.0,20.0,30.0,2.0,2.0,300.0
1414,250.0,5.0,8.0,30.0,2.0,2.0,300.0
1415,480.0,20.0,20.0,50.0,2.0,2.0,300.0
1416,430.0,5.0,20.0,50.0,2.0,2.0,300.0
1417,350.0,5.0,20.0,30.0,6.0,2.0,300.0
1418,480.0,20.0,20.0,50.0,2.0,17.0,300.0
1419,480.0,20.0,20.0,50.0,2.0,2.0,300.0
1420,430.0,5.0,20.0,50.0,2.0,17.0,300.0
1421,480.0,20.0,20.0,50.0,6.0,2.0,300.0
1422,430.0,5.0,20.0,50.0,2.0,17.0,300.0
1423,480.0,20.0,20.0,50.0,6.0,17.0,300.0
1424,480.0,20.0,20.0,50.0,2.0,2.0,300.0
1425,400.0,20.0,20.0,30.0,2.0,2.0,300.0
1426,400.0,20.0,20.0,30.0,6.0,2.0,300.0
1427,400.0,20.0,20.0,30.0,2.0,2.0,300.0
1428,480.0,20.0,20.0,50.0,6.0,2.0,300.0
1429,400.0,20.0,20.0,30.0,6.0,2.0,300.0
1430,350.0,5.0,20.0,30.0,2.0,2.0,300.0
1431,430.0,5.0,20.0,50.0,2.0,17.0,300.0
1432,400.0,20.0,20.0,30.0,2.0,2.0,300.0
1433,480.0,20.0,20.0,50.0,2.0,17.0,300.0
1434,480.0,20.0,20.0,50.0,6.0,17.0,300.0
1435,430.0,5.0,20.0,50.0,2.0,17.0,300.0
1436,480.0,20.0,20.0,50.0,6.0,17.0,300.0
1437,430.0,5.0,20.0,50.0,2.0,2.0,300.0
1438,250.0,5.0,8.0,30.0,6.0,2.0,300.0
1439,480.0,20.0,20.0,50.0,2.0,2.0,300.0
1440,400.0,20.0,20.0,30.0,2.0,2.0,300.0
1441,480.0,20.0,20.0,50.0,6.0,2.0,300.0
1442,250.0,5.0,8.0,30.0,6.0,2.0,300.0
1443,480.0,20.0,20.0,50.0,2.0,17.0,300.0
1444,250.0,5.0,8.0,30.0,2.0,2.0,300.0
1445,400.0,20.0,20.0,30.0,2.0,2.0,300.0
1446,430.0,5.0,20.0,50.0,2.0,17.0,300.0
1447,480.0,20.0,20.0,50.0,2.0,2.0,300.0
1448,480.0,20.0,20.0,50.0,2.0,2.0,300.0
1449,430.0,5.0,20.0,50.0,2.0,2.0,300.0
1450,480.0,20.0,20.0,50.0,6.0,17.0,300.0
1451,350.0,5.0,20.0,30.0,6.0,2.0,300.0
1452,350.0,5.0,20.0,30.0,2.0,2.0,300.0
1453,480.0,20.0,20.0,50.0,2.0,2.0,300.0
1454,400.0,20.0,20.0,30.0,2.0,2.0,300.0
1455,480.0,20.0,20.0,50.0,2.0,17.0,300.0
1456,350.0,5.0,20.0,30.0,6.0,2.0,300.0
1457,400.0,20.0,20.0,30.0,2.0,2.0,300.0
1458,430.0,5.0,20.0,50.0,2.0,2.0,300.0
1459,250.0,5.0,8.0,30.0,2.0,2.0,300.0
1460,430.0,5.0,20.0,50.0,2.0,17.0,300.0
1461,430.0,5.0,20.0,50.0,6.0,17.0,300.0
1462,480.0,20.0,20.0,50.0,2.0,2.0,300.0
1463,400.0,20.0,20.0,30.0,2.0,2.0,300.0
1464,480.0,20.0,20.0,50.0,2.0,2.0,300.0
1465,430.0,5.0,20.0,50.0,6.0,17.0,300.0
1466,480.0,20.0,20.0,50.0,2.0,2.0,300.0
1467,350.0,5.0,20.0,30.0,6.0,2.0,300.0
1468,350.0,5.0,20.0,30.0,2.0,2.0,300.0
1469,350.0,5.0,20.0,30.0,2.0,2.0,300.0
1470,480.0,20.0,20.0,50.0,2.0,2.0,300.0
1471,400.0,20.0,20.0,30.0,2.0,2.0,300.0
1472,430.0,5.0,20.0,50.0,2.0,17.0,300.0
1473,430.0,5.0,20.0,50.0,2.0,17.0,300.0
1474,430.0,5.0,20.0,50.0,2.0,2.0,300.0
1475,430.0,5.0,20.0,50.0,2.0,17.0,300.0
1476,400.0,20.0,20.0,30.0,2.0,2.0,300.0
1477,400.0,20.0,20.0,30.0,6.0,2.0,300.0
1478,400.0,20.0,20.0,30.0,2.0,2.0,300.0
1479,400.0,20.0,20.0,30.0,2.0,2.0,300.0
1480,400.0,20.0,20.0,30.0,2.0,2.0,300.0
1481,430.0,5.0,20.0,50.0,2.0,17.0,300.0
1482,430.0,5.0,20.0,50.0,2.0,17.0,300.0
1483,430.0,5.0,20.0,50.0,2.0,2.0,300.0
1484,430.0,5.0,20.0,50.0,2.0,17.0,300.0
1485,250.0,5.0,8.0,30.0,2.0,2.0,300.0
1486,430.0,5.0,20.0,50.0,2.0,2.0,300.0
1487,380.0,20.0,8.0,50.0,2.0,2.0,300.0
1488,350.0,5.0,20.0,30.0,2.0,2.0,300.0
1489,350.0,5.0,20.0,30.0,2.0,2.0,300.0
1490,480.0,20.0,20.0,50.0,2.0,2.0,300.0
1491,350.0,5.0,20.0,30.0,2.0,2.0,300.0
1492,480.0,20.0,20.0,50.0,2.0,2.0,300.0
1493,350.0,5.0,20.0,30.0,2.0,2.0,300.0
1494,350.0,5.0,20.0,30.0,2.0,2.0,300.0
1495,430.0,5.0,20.0,50.0,2.0,2.0,300.0
1496,350.0,5.0,20.0,30.0,2.0,2.0,300.0
1497,480.0,20.0,20.0,50.0,2.0,2.0,300.0
1498,430.0,5.0,20.0,50.0,2.0,17.0,300.0
1499,400.0,20.0,20.0,30.0,2.0,2.0,300.0
1500,330.0,5.0,8.0,50.0,2.0,17.0,300.0
1501,430.0,5.0,20.0,50.0,6.0,2.0,300.0
1502,430.0,5.0,20.0,50.0,2.0,2.0,300.0
1503,400.0,20.0,20.0,30.0,2.0,2.0,300.0
1504,400.0,20.0,20.0,30.0,2.0,2.0,300.0
1505,480.0,20.0,20.0,50.0,2.0,2.0,300.0
1506,350.0,5.0,20.0,30.0,2.0,2.0,300.0
1507,480.0,20.0,20.0,50.0,6.0,2.0,300.0
1508,400.0,20.0,20.0,30.0,6.0,2.0,300.0
1509,480.0,20.0,20.0,50.0,2.0,17.0,300.0
1510,400.0,20.0,20.0,30.0,2.0,2.0,300.0
1511,350.0,5.0,20.0,30.0,2.0,2.0,300.0
1512,480.0,20.0,20.0,50.0,2.0,17.0,300.0
1513,480.0,20.0,20.0,50.0,2.0,17.0,300.0
1514,350.0,5.0,20.0,30.0,2.0,2.0,300.0
1515,350.0,5.0,20.0,30.0,2.0,2.0,300.0
1516,430.0,5.0,20.0,50.0,2.0,2.0,300.0
1517,430.0,5.0,20.0,50.0,2.0,17.0,300.0
1518,430.0,5.0,20.0,50.0,2.0,2.0,300.0
1519,400.0,20.0,20.0,30.0,2.0,2.0,300.0
1520,400.0,20.0,20.0,30.0,2.0,2.0,300.0
1521,400.0,20.0,20.0,30.0,2.0,2.0,300.0
1522,250.0,5.0,8.0,30.0,2.0,2.0,300.0
1523,430.0,5.0,20.0,50.0,2.0,2.0,300.0
1524,480.0,20.0,20.0,50.0,2.0,2.0,300.0
1525,250.0,5.0,8.0,30.0,2.0,2.0,300.0
1526,430.0,5.0,20.0,50.0,2.0,2.0,300.0
1527,400.0,20.0,20.0,30.0,6.0,2.0,300.0
1528,350.0,5.0,20.0,30.0,2.0,2.0,300.0
1529,350.0,5.0,20.0,30.0,2.0,2.0,300.0
1530,380.0,20.0,8.0,50.0,2.0,2.0,300.0
1531,430.0,5.0,20.0,50.0,2.0,2.0,300.0
1532,350.0,5.0,20.0,30.0,2.0,2.0,300.0
1533,400.0,20.0,20.0,30.0,2.0,2.0,300.0
1534,480.0,20.0,20.0,50.0,2.0,17.0,300.0
1535,430.0,5.0,20.0,50.0,6.0,17.0,300.0
1536,430.0,5.0,20.0,50.0,2.0,2.0,300.0
1537,480.0,20.0,20.0,50.0,6.0,2.0,300.0
1538,430.0,5.0,20.0,50.0,2.0,17.0,300.0
1539,480.0,20.0,20.0,50.0,2.0,2.0,300.0
1540,400.0,20.0,20.0,30.0,6.0,2.0,300.0
1541,430.0,5.0,20.0,50.0,2.0,17.0,300.0
1542,350.0,5.0,20.0,30.0,2.0,2.0,300.0
1543,400.0,20.0,20.0,30.0,2.0,2.0,300.0
1544,430.0,5.0,20.0,50.0,2.0,17.0,300.0
1545,400.0,20.0,20.0,30.0,2.0,2.0,300.0
1546,400.0,20.0,20.0,30.0,6.0,2.0,300.0
1547,480.0,20.0,20.0,50.0,6.0,17.0,300.0
1548,430.0,5.0,20.0,50.0,2.0,17.0,300.0
1549,480.0,20.0,20.0,50.0,2.0,2.0,300.0
1550,430.0,5.0,20.0,50.0,6.0,2.0,300.0
1551,400.0,20.0,20.0,30.0,2.0,2.0,300.0
1552,350.0,5.0,20.0,30.0,2.0,2.0,300.0
1553,400.0,20.0,20.0,30.0,2.0,2.0,300.0
1554,430.0,5.0,20.0,50.0,2.0,2.0,300.0
1555,350.0,5.0,20.0,30.0,2.0,2.0,300.0
1556,350.0,5.0,20.0,30.0,2.0,2.0,300.0
1557,400.0,20.0,20.0,30.0,2.0,2.0,300.0
1558,400.0,20.0,20.0,30.0,2.0,2.0,300.0
1559,350.0,5.0,20.0,30.0,2.0,2.0,300.0
1560,480.0,20.0,20.0,50.0,2.0,2.0,300.0
1561,430.0,5.0,20.0,50.0,2.0,17.0,300.0
1562,350.0,5.0,20.0,30.0,2.0,2.0,300.0
1563,400.0,20.0,20.0,30.0,2.0,2.0,300.0
1564,480.0,20.0,20.0,50.0,6.0,2.0,300.0
1565,480.0,20.0,20.0,50.0,2.0,17.0,300.0
1566,480.0,20.0,20.0,50.0,2.0,17.0,300.0
1567,430.0,5.0,20.0,50.0,6.0,17.0,300.0
1568,480.0,20.0,20.0,50.0,6.0,2.0,300.0
1569,250.0,5.0,8.0,30.0,2.0,2.0,300.0
1570,350.0,5.0,20.0,30.0,2.0,2.0,300.0
1571,430.0,5.0,20.0,50.0,2.0,2.0,300.0
1572,350.0,5.0,20.0,30.0,2.0,2.0,300.0
1573,380.0,20.0,8.0,50.0,2.0,17.0,300.0
1574,480.0,20.0,20.0,50.0,2.0,2.0,300.0
1575,350.0,5.0,20.0,30.0,6.0,2.0,300.0
1576,350.0,5.0,20.0,30.0,2.0,2.0,300.0
1577,430.0,5.0,20.0,50.0,2.0,17.0,300.0
1578,480.0,20.0,20.0,50.0,2.0,2.0,300.0
1579,430.0,5.0,20.0,50.0,2.0,17.0,300.0
1580,430.0,5.0,20.0,50.0,6.0,2.0,300.0
1581,480.0,20.0,20.0,50.0,6.0,17.0,300.0
1582,330.0,5.0,8.0,50.0,2.0,17.0,300.0
1583,430.0,5.0,20.0,50.0,2.0,17.0,300.0
1584,400.0,20.0,20.0,30.0,2.0,2.0,300.0
1585,250.0,5.0,8.0,30.0,2.0,2.0,300.0
1586,400.0,20.0,20.0,30.0,2.0,2.0,300.0
1587,430.0,5.0,20.0,50.0,6.0,2.0,300.0
1588,430.0,5.0,20.0,50.0,2.0,17.0,300.0
1589,480.0,20.0,20.0,50.0,2.0,2.0,300.0
1590,480.0,20.0,20.0,50.0,2.0,2.0,300.0
1591,480.0,20.0,20.0,50.0,2.0,2.0,300.0
1592,350.0,5.0,20.0,30.0,2.0,2.0,300.0
1593,480.0,20.0,20.0,50.0,2.0,17.0,300.0
1594,400.0,20.0,20.0,30.0,2.0,2.0,300.0
1595,330.0,5.0,8.0,50.0,6.0,2.0,300.0
1596,400.0,20.0,20.0,30.0,2.0,2.0,300.0
1597,480.0,20.0,20.0,50.0,6.0,17.0,300.0
1598,480.0,20.0,20.0,50.0,2.0,2.0,300.0
1599,350.0,5.0,20.0,30.0,2.0,2.0,300.0
1600,480.0,20.0,20.0,50.0,2.0,2.0,300.0
1601,400.0,20.0,20.0,30.0,2.0,2.0,300.0
1602,350.0,5.0,20.0,30.0,2.0,2.0,300.0
1603,430.0,5.0,20.0,50.0,6.0,2.0,300.0
1604,430.0,5.0,20.0,50.0,6.0,2.0,300.0
1605,400.0,20.0,20.0,30.0,6.0,2.0,300.0
1606,480.0,20.0,20.0,50.0,2.0,2.0,300.0
1607,430.0,5.0,20.0,50.0,2.0,17.0,300.0
1608,400.0,20.0,20.0,30.0,2.0,2.0,300.0
1609,400.0,20.0,20.0,30.0,2.0,2.0,300.0
1610,430.0,5.0,20.0,50.0,2.0,2.0,300.0
1611,400.0,20.0,20.0,30.0,2.0,2.0,300.0
1612,400.0,20.0,20.0,30.0,2.0,2.0,300.0
1613,400.0,20.0,20.0,30.0,2.0,2.0,300.0
1614,330.0,5.0,8.0,50.0,2.0,17.0,300.0
1615,330.0,5.0,8.0,50.0,2.0,17.0,300.0
1616,400.0,20.0,20.0,30.0,2.0,2.0,300.0
1617,350.0,5.0,20.0,30.0,2.0,2.0,300.0
1618,400.0,20.0,20.0,30.0,2.0,2.0,300.0
1619,480.0,20.0,20.0,50.0,2.0,2.0,300.0
1620,480.0,20.0,20.0,50.0,6.0,2.0,300.0
1621,430.0,5.0,20.0,50.0,6.0,2.0,300.0
1622,400.0,20.0,20.0,30.0,2.0,2.0,300.0
1623,350.0,5.0,20.0,30.0,6.0,2.0,300.0
1624,430.0,5.0,20.0,50.0,6.0,2.0,300.0
1625,430.0,5.0,20.0,50.0,2.0,2.0,300.0
1626,400.0,20.0,20.0,30.0,2.0,2.0,300.0
1627,430.0,5.0,20.0,50.0,2.0,2.0,300.0
1628,400.0,20.0,20.0,30.0,2.0,2.0,300.0
1629,400.0,20.0,20.0,30.0,2.0,2.0,300.0
1630,350.0,5.0,20.0,30.0,2.0,2.0,300.0
1631,250.0,5.0,8.0,30.0,2.0,2.0,300.0
1632,480.0,20.0,20.0,50.0,6.0,2.0,300.0
1633,430.0,5.0,20.0,50.0,2.0,2.0,300.0
1634,250.0,5.0,8.0,30.0,2.0,2.0,300.0
1635,430.0,5.0,20.0,50.0,6.0,17.0,300.0
1636,430.0,5.0,20.0,50.0,2.0,17.0,300.0
1637,250.0,5.0,8.0,30.0,2.0,2.0,300.0
1638,400.0,20.0,20.0,30.0,2.0,2.0,300.0
1639,480.0,20.0,20.0,50.0,2.0,2.0,300.0
1640,300.0,20.0,8.0,30.0,2.0,2.0,300.0
1641,300.0,20.0,8.0,30.0,6.0,2.0,300.0
1642,430.0,5.0,20.0,50.0,2.0,17.0,300.0
1643,300.0,20.0,8.0,30.0,2.0,2.0,300.0
1644,400.0,20.0,20.0,30.0,2.0,2.0,300.0
1645,250.0,5.0,8.0,30.0,2.0,2.0,300.0
1646,430.0,5.0,20.0,50.0,2.0,17.0,300.0
1647,430.0,5.0,20.0,50.0,2.0,17.0,300.0
1648,400.0,20.0,20.0,30.0,2.0,2.0,300.0
1649,430.0,5.0,20.0,50.0,2.0,17.0,300.0
1650,400.0,20.0,20.0,30.0,2.0,2.0,300.0
1651,430.0,5.0,20.0,50.0,2.0,17.0,300.0
1652,430.0,5.0,20.0,50.0,2.0,2.0,300.0
1653,480.0,20.0,20.0,50.0,2.0,17.0,300.0
1654,430.0,5.0,20.0,50.0,2.0,2.0,300.0
1655,400.0,20.0,20.0,30.0,2.0,2.0,300.0
1656,430.0,5.0,20.0,50.0,2.0,17.0,300.0
1657,430.0,5.0,20.0,50.0,6.0,17.0,300.0
1658,350.0,5.0,20.0,30.0,2.0,2.0,300.0
1659,430.0,5.0,20.0,50.0,2.0,2.0,300.0
1660,480.0,20.0,20.0,50.0,2.0,17.0,300.0
1661,480.0,20.0,20.0,50.0,2.0,2.0,300.0
1662,400.0,20.0,20.0,30.0,2.0,2.0,300.0
1663,480.0,20.0,20.0,50.0,6.0,2.0,300.0
1664,380.0,20.0,8.0,50.0,6.0,17.0,300.0
1665,480.0,20.0,20.0,50.0,2.0,17.0,300.0
1666,400.0,20.0,20.0,30.0,2.0,2.0,300.0
1667,400.0,20.0,20.0,30.0,6.0,2.0,300.0
1668,480.0,20.0,20.0,50.0,6.0,2.0,300.0
1669,330.0,5.0,8.0,50.0,2.0,17.0,300.0
1670,430.0,5.0,20.0,50.0,2.0,17.0,300.0
1671,430.0,5.0,20.0,50.0,2.0,17.0,300.0
1672,480.0,20.0,20.0,50.0,6.0,17.0,300.0
1673,480.0,20.0,20.0,50.0,2.0,2.0,300.0
1674,250.0,5.0,8.0,30.0,6.0,2.0,300.0
1675,430.0,5.0,20.0,50.0,2.0,17.0,300.0
1676,430.0,5.0,20.0,50.0,2.0,17.0,300.0
1677,430.0,5.0,20.0,50.0,2.0,17.0,300.0
1678,400.0,20.0,20.0,30.0,2.0,2.0,300.0
1679,400.0,20.0,20.0,30.0,2.0,2.0,300.0
1680,480.0,20.0,20.0,50.0,2.0,17.0,300.0
1681,480.0,20.0,20.0,50.0,6.0,2.0,300.0
1682,300.0,20.0,8.0,30.0,2.0,2.0,300.0
1683,430.0,5.0,20.0,50.0,2.0,2.0,300.0
1684,480.0,20.0,20.0,50.0,2.0,17.0,300.0
1685,430.0,5.0,20.0,50.0,2.0,17.0,300.0
1686,480.0,20.0,20.0,50.0,2.0,2.0,300.0
1687,330.0,5.0,8.0,50.0,2.0,17.0,300.0
1688,250.0,5.0,8.0,30.0,2.0,2.0,300.0
1689,430.0,5.0,20.0,50.0,2.0,17.0,300.0
1690,330.0,5.0,8.0,50.0,6.0,17.0,300.0
1691,480.0,20.0,20.0,50.0,2.0,2.0,300.0
1692,430.0,5.0,20.0,50.0,2.0,2.0,300.0
1693,400.0,20.0,20.0,30.0,2.0,2.0,300.0
1694,380.0,20.0,8.0,50.0,2.0,17.0,300.0
1695,400.0,20.0,20.0,30.0,2.0,2.0,300.0
1696,480.0,20.0,20.0,50.0,2.0,17.0,300.0
1697,400.0,20.0,20.0,30.0,2.0,2.0,300.0
1698,400.0,20.0,20.0,30.0,2.0,2.0,300.0
1699,350.0,5.0,20.0,30.0,2.0,2.0,300.0
1700,330.0,5.0,8.0,50.0,2.0,17.0,300.0
1701,400.0,20.0,20.0,30.0,2.0,2.0,300.0
1702,480.0,20.0,20.0,50.0,2.0,17.0,300.0
1703,250.0,5.0,8.0,30.0,2.0,2.0,300.0
1704,480.0,20.0,20.0,50.0,2.0,2.0,300.0
1705,400.0,20.0,20.0,30.0,2.0,2.0,300.0
1706,250.0,5.0,8.0,30.0,2.0,2.0,300.0
1707,350.0,5.0,20.0,30.0,6.0,2.0,300.0
1708,400.0,20.0,20.0,30.0,2.0,2.0,300.0
1709,400.0,20.0,20.0,30.0,2.0,2.0,300.0
1710,480.0,20.0,20.0,50.0,6.0,2.0,300.0
1711,250.0,5.0,8.0,30.0,2.0,2.0,300.0
1712,480.0,20.0,20.0,50.0,6.0,2.0,300.0
1713,250.0,5.0,8.0,30.0,2.0,2.0,300.0
1714,250.0,5.0,8.0,30.0,2.0,2.0,300.0
1715,400.0,20.0,20.0,30.0,2.0,2.0,300.0
1716,430.0,5.0,20.0,50.0,6.0,2.0,300.0
1717,430.0,5.0,20.0,50.0,2.0,2.0,300.0
1718,480.0,20.0,20.0,50.0,6.0,17.0,300.0
1719,400.0,20.0,20.0,30.0,2.0,2.0,300.0
1720,430.0,5.0,20.0,50.0,6.0,2.0,300.0
1721,250.0,5.0,8.0,30.0,2.0,2.0,300.0
1722,330.0,5.0,8.0,50.0,2.0,17.0,300.0
1723,430.0,5.0,20.0,50.0,2.0,2.0,300.0
1724,430.0,5.0,20.0,50.0,2.0,2.0,300.0
1725,250.0,5.0,8.0,30.0,2.0,2.0,300.0
1726,400.0,20.0,20.0,30.0,2.0,2.0,300.0
1727,350.0,5.0,20.0,30.0,2.0,2.0,300.0
1728,300.0,20.0,8.0,30.0,2.0,2.0,300.0
1729,350.0,5.0,20.0,30.0,2.0,2.0,300.0
1730,400.0,20.0,20.0,30.0,2.0,2.0,300.0
1731,480.0,20.0,20.0,50.0,2.0,2.0,300.0
1732,480.0,20.0,20.0,50.0,2.0,2.0,300.0
1733,430.0,5.0,20.0,50.0,2.0,17.0,300.0
1734,480.0,20.0,20.0,50.0,2.0,2.0,300.0
1735,480.0,20.0,20.0,50.0,2.0,17.0,300.0
1736,430.0,5.0,20.0,50.0,2.0,2.0,300.0
1737,430.0,5.0,20.0,50.0,2.0,2.0,300.0
1738,250.0,5.0,8.0,30.0,2.0,2.0,300.0
1739,430.0,5.0,20.0,50.0,2.0,2.0,300.0
1740,250.0,5.0,8.0,30.0,2.0,2.0,300.0
1741,400.0,20.0,20.0,30.0,2.0,2.0,300.0
1742,480.0,20.0,20.0,50.0,2.0,2.0,300.0
1743,480.0,20.0,20.0,50.0,2.0,2.0,300.0
1744,430.0,5.0,20.0,50.0,2.0,2.0,300.0
1745,430.0,5.0,20.0,50.0,2.0,2.0,300.0
1746,350.0,5.0,20.0,30.0,2.0,2.0,300.0
1747,480.0,20.0,20.0,50.0,6.0,2.0,300.0
1748,250.0,5.0,8.0,30.0,2.0,2.0,300.0
1749,400.0,20.0,20.0,30.0,6.0,2.0,300.0
1750,350.0,5.0,20.0,30.0,6.0,2.0,300.0
1751,250.0,5.0,8.0,30.0,6.0,2.0,300.0
1752,480.0,20.0,20.0,50.0,6.0,2.0,300.0
1753,430.0,5.0,20.0,50.0,2.0,2.0,300.0
1754,350.0,5.0,20.0,30.0,2.0,2.0,300.0
1755,400.0,20.0,20.0,30.0,2.0,2.0,300.0
1756,480.0,20.0,20.0,50.0,6.0,17.0,300.0
1757,480.0,20.0,20.0,50.0,6.0,2.0,300.0
1758,400.0,20.0,20.0,30.0,6.0,2.0,300.0
1759,400.0,20.0,20.0,30.0,2.0,2.0,300.0
1760,380.0,20.0,8.0,50.0,2.0,2.0,300.0
1761,250.0,5.0,8.0,30.0,2.0,2.0,300.0
1762,480.0,20.0,20.0,50.0,2.0,17.0,300.0
1763,430.0,5.0,20.0,50.0,6.0,2.0,300.0
1764,400.0,20.0,20.0,30.0,2.0,2.0,300.0
1765,250.0,5.0,8.0,30.0,2.0,2.0,300.0
1766,480.0,20.0,20.0,50.0,6.0,2.0,300.0
1767,350.0,5.0,20.0,30.0,2.0,2.0,300.0
1768,430.0,5.0,20.0,50.0,2.0,17.0,300.0
1769,350.0,5.0,20.0,30.0,6.0,2.0,300.0
1770,430.0,5.0,20.0,50.0,2.0,2.0,300.0
1771,430.0,5.0,20.0,50.0,2.0,2.0,300.0
1772,250.0,5.0,8.0,30.0,2.0,2.0,300.0
1773,350.0,5.0,20.0,30.0,2.0,2.0,300.0
1774,430.0,5.0,20.0,50.0,2.0,17.0,300.0
1775,430.0,5.0,20.0,50.0,6.0,17.0,300.0
1776,350.0,5.0,20.0,30.0,2.0,2.0,300.0
1777,480.0,20.0,20.0,50.0,2.0,2.0,300.0
1778,250.0,5.0,8.0,30.0,2.0,2.0,300.0
1779,350.0,5.0,20.0,30.0,2.0,2.0,300.0
1780,480.0,20.0,20.0,50.0,6.0,2.0,300.0
1781,250.0,5.0,8.0,30.0,2.0,2.0,300.0
1782,400.0,20.0,20.0,30.0,2.0,2.0,300.0
1783,250.0,5.0,8.0,30.0,2.0,2.0,300.0
1784,430.0,5.0,20.0,50.0,2.0,2.0,300.0
1785,480.0,20.0,20.0,50.0,2.0,2.0,300.0
1786,250.0,5.0,8.0,30.0,2.0,2.0,300.0
1787,400.0,20.0,20.0,30.0,2.0,2.0,300.0
1788,350.0,5.0,20.0,30.0,2.0,2.0,300.0
1789,250.0,5.0,8.0,30.0,2.0,2.0,300.0
1790,250.0,5.0,8.0,30.0,2.0,2.0,300.0
1791,430.0,5.0,20.0,50.0,6.0,17.0,300.0
1792,430.0,5.0,20.0,50.0,2.0,2.0,300.0
1793,250.0,5.0,8.0,30.0,2.0,2.0,300.0
1794,480.0,20.0,20.0,50.0,2.0,17.0,300.0
1795,480.0,20.0,20.0,50.0,2.0,2.0,300.0
1796,430.0,5.0,20.0,50.0,2.0,17.0,300.0
1797,400.0,20.0,20.0,30.0,6.0,2.0,300.0
1798,400.0,20.0,20.0,30.0,2.0,2.0,300.0
1799,480.0,20.0,20.0,50.0,2.0,17.0,300.0
1800,480.0,20.0,20.0,50.0,2.0,2.0,300.0
1801,430.0,5.0,20.0,50.0,2.0,2.0,300.0
1802,430.0,5.0,20.0,50.0,2.0,2.0,300.0
1803,430.0,5.0,20.0,50.0,2.0,17.0,300.0
1804,250.0,5.0,8.0,30.0,2.0,2.0,300.0
1805,250.0,5.0,8.0,30.0,2.0,2.0,300.0
1806,430.0,5.0,20.0,50.0,2.0,2.0,300.0
1807,400.0,20.0,20.0,30.0,6.0,2.0,300.0
1808,330.0,5.0,8.0,50.0,2.0,17.0,300.0
1809,250.0,5.0,8.0,30.0,2.0,2.0,300.0
1810,250.0,5.0,8.0,30.0,2.0,2.0,300.0
1811,430.0,5.0,20.0,50.0,2.0,17.0,300.0
1812,430.0,5.0,20.0,50.0,2.0,17.0,300.0
1813,400.0,20.0,20.0,30.0,2.0,2.0,300.0
1814,400.0,20.0,20.0,30.0,2.0,2.0,300.0
1815,480.0,20.0,20.0,50.0,2.0,2.0,300.0
1816,250.0,5.0,8.0,30.0,2.0,2.0,300.0
1817,400.0,20.0,20.0,30.0,6.0,2.0,300.0
1818,430.0,5.0,20.0,50.0,2.0,17.0,300.0
1819,430.0,5.0,20.0,50.0,2.0,2.0,300.0
1820,430.0,5.0,20.0,50.0,2.0,2.0,300.0
1821,350.0,5.0,20.0,30.0,2.0,2.0,300.0
1822,430.0,5.0,20.0,50.0,6.0,2.0,300.0
1823,430.0,5.0,20.0,50.0,2.0,17.0,300.0
1824,250.0,5.0,8.0,30.0,2.0,2.0,300.0
1825,250.0,5.0,8.0,30.0,2.0,2.0,300.0
1826,350.0,5.0,20.0,30.0,2.0,2.0,300.0
1827,350.0,5.0,20.0,30.0,2.0,2.0,300.0
1828,250.0,5.0,8.0,30.0,2.0,2.0,300.0
1829,430.0,5.0,20.0,50.0,2.0,2.0,300.0
1830,400.0,20.0,20.0,30.0,2.0,2.0,300.0
1831,300.0,20.0,8.0,30.0,2.0,2.0,300.0
1832,400.0,20.0,20.0,30.0,2.0,2.0,300.0
1833,480.0,20.0,20.0,50.0,2.0,17.0,300.0
1834,250.0,5.0,8.0,30.0,2.0,2.0,300.0
1835,430.0,5.0,20.0,50.0,2.0,2.0,300.0
1836,350.0,5.0,20.0,30.0,2.0,2.0,300.0
1837,330.0,5.0,8.0,50.0,2.0,17.0,300.0
1838,400.0,20.0,20.0,30.0,2.0,2.0,300.0
1839,350.0,5.0,20.0,30.0,2.0,2.0,300.0
1840,480.0,20.0,20.0,50.0,6.0,17.0,300.0
1841,480.0,20.0,20.0,50.0,6.0,2.0,300.0
1842,480.0,20.0,20.0,50.0,6.0,17.0,300.0
1843,480.0,20.0,20.0,50.0,2.0,2.0,300.0
1844,400.0,20.0,20.0,30.0,2.0,2.0,300.0
1845,430.0,5.0,20.0,50.0,6.0,2.0,300.0
1846,400.0,20.0,20.0,30.0,2.0,2.0,300.0
1847,250.0,5.0,8.0,30.0,2.0,2.0,300.0
1848,480.0,20.0,20.0,50.0,2.0,17.0,300.0
1849,250.0,5.0,8.0,30.0,2.0,2.0,300.0
1850,480.0,20.0,20.0,50.0,2.0,2.0,300.0
1851,480.0,20.0,20.0,50.0,2.0,2.0,300.0
1852,480.0,20.0,20.0,50.0,2.0,17.0,300.0
1853,480.0,20.0,20.0,50.0,6.0,17.0,300.0
1854,430.0,5.0,20.0,50.0,2.0,2.0,300.0
1855,350.0,5.0,20.0,30.0,6.0,2.0,300.0
1856,400.0,20.0,20.0,30.0,2.0,2.0,300.0
1857,480.0,20.0,20.0,50.0,2.0,17.0,300.0
1858,400.0,20.0,20.0,30.0,2.0,2.0,300.0
1859,430.0,5.0,20.0,50.0,2.0,2.0,300.0
1860,400.0,20.0,20.0,30.0,2.0,2.0,300.0
1861,350.0,5.0,20.0,30.0,2.0,2.0,300.0
1862,430.0,5.0,20.0,50.0,6.0,17.0,300.0
1863,480.0,20.0,20.0,50.0,6.0,2.0,300.0
1864,350.0,5.0,20.0,30.0,2.0,2.0,300.0
1865,430.0,5.0,20.0,50.0,2.0,17.0,300.0
1866,350.0,5.0,20.0,30.0,2.0,2.0,300.0
1867,350.0,5.0,20.0,30.0,2.0,2.0,300.0
1868,250.0,5.0,8.0,30.0,2.0,2.0,300.0
1869,400.0,20.0,20.0,30.0,6.0,2.0,300.0
1870,350.0,5.0,20.0,30.0,2.0,2.0,300.0
1871,430.0,5.0,20.0,50.0,2.0,2.0,300.0
1872,350.0,5.0,20.0,30.0,2.0,2.0,300.0
1873,350.0,5.0,20.0,30.0,2.0,2.0,300.0
1874,480.0,20.0,20.0,50.0,2.0,17.0,300.0
1875,350.0,5.0,20.0,30.0,6.0,2.0,300.0
1876,300.0,20.0,8.0,30.0,6.0,2.0,300.0
1877,350.0,5.0,20.0,30.0,6.0,2.0,300.0
1878,300.0,20.0,8.0,30.0,2.0,2.0,300.0
1879,480.0,20.0,20.0,50.0,2.0,2.0,300.0
1880,400.0,20.0,20.0,30.0,6.0,2.0,300.0
1881,350.0,5.0,20.0,30.0,2.0,2.0,300.0
1882,430.0,5.0,20.0,50.0,6.0,2.0,300.0
1883,430.0,5.0,20.0,50.0,6.0,17.0,300.0
1884,430.0,5.0,20.0,50.0,2.0,2.0,300.0
1885,250.0,5.0,8.0,30.0,2.0,2.0,300.0
1886,400.0,20.0,20.0,30.0,2.0,2.0,300.0
1887,480.0,20.0,20.0,50.0,6.0,17.0,300.0
1888,480.0,20.0,20.0,50.0,6.0,2.0,300.0
1889,430.0,5.0,20.0,50.0,2.0,17.0,300.0
1890,250.0,5.0,8.0,30.0,2.0,2.0,300.0
1891,250.0,5.0,8.0,30.0,2.0,2.0,300.0
1892,350.0,5.0,20.0,30.0,2.0,2.0,300.0
1893,480.0,20.0,20.0,50.0,2.0,2.0,300.0
1894,400.0,20.0,20.0,30.0,2.0,2.0,300.0
1895,480.0,20.0,20.0,50.0,2.0,2.0,300.0
1896,250.0,5.0,8.0,30.0,2.0,2.0,300.0
1897,250.0,5.0,8.0,30.0,2.0,2.0,300.0
1898,250.0,5.0,8.0,30.0,2.0,2.0,300.0
1899,430.0,5.0,20.0,50.0,2.0,2.0,300.0
1900,480.0,20.0,20.0,50.0,6.0,2.0,300.0
1901,430.0,5.0,20.0,50.0,2.0,17.0,300.0
1902,480.0,20.0,20.0,50.0,2.0,17.0,300.0
1903,400.0,20.0,20.0,30.0,2.0,2.0,300.0
1904,480.0,20.0,20.0,50.0,2.0,2.0,300.0
1905,400.0,20.0,20.0,30.0,2.0,2.0,300.0
1906,300.0,20.0,8.0,30.0,2.0,2.0,300.0
1907,250.0,5.0,8.0,30.0,2.0,2.0,300.0
1908,430.0,5.0,20.0,50.0,6.0,17.0,300.0
1909,480.0,20.0,20.0,50.0,2.0,17.0,300.0
1910,430.0,5.0,20.0,50.0,2.0,2.0,300.0
1911,430.0,5.0,20.0,50.0,2.0,2.0,300.0
1912,430.0,5.0,20.0,50.0,2.0,2.0,300.0
1913,350.0,5.0,20.0,30.0,6.0,2.0,300.0
1914,250.0,5.0,8.0,30.0,2.0,2.0,300.0
1915,480.0,20.0,20.0,50.0,2.0,2.0,300.0
1916,480.0,20.0,20.0,50.0,2.0,2.0,300.0
1917,480.0,20.0,20.0,50.0,2.0,17.0,300.0
1918,480.0,20.0,20.0,50.0,2.0,2.0,300.0
1919,400.0,20.0,20.0,30.0,2.0,2.0,300.0
1920,480.0,20.0,20.0,50.0,2.0,2.0,300.0
1921,250.0,5.0,8.0,30.0,2.0,2.0,300.0
1922,480.0,20.0,20.0,50.0,2.0,17.0,300.0
1923,480.0,20.0,20.0,50.0,2.0,2.0,300.0
1924,430.0,5.0,20.0,50.0,6.0,2.0,300.0
1925,350.0,5.0,20.0,30.0,6.0,2.0,300.0
1926,430.0,5.0,20.0,50.0,2.0,2.0,300.0
1927,480.0,20.0,20.0,50.0,2.0,17.0,300.0
1928,480.0,20.0,20.0,50.0,6.0,2.0,300.0
1929,250.0,5.0,8.0,30.0,2.0,2.0,300.0
1930,350.0,5.0,20.0,30.0,2.0,2.0,300.0
1931,430.0,5.0,20.0,50.0,2.0,17.0,300.0
1932,430.0,5.0,20.0,50.0,6.0,17.0,300.0
1933,480.0,20.0,20.0,50.0,6.0,17.0,300.0
1934,350.0,5.0,20.0,30.0,2.0,2.0,300.0
1935,480.0,20.0,20.0,50.0,2.0,2.0,300.0
1936,480.0,20.0,20.0,50.0,2.0,17.0,300.0
1937,250.0,5.0,8.0,30.0,2.0,2.0,300.0
1938,250.0,5.0,8.0,30.0,2.0,2.0,300.0
1939,350.0,5.0,20.0,30.0,2.0,2.0,300.0
1940,480.0,20.0,20.0,50.0,2.0,17.0,300.0
1941,430.0,5.0,20.0,50.0,2.0,17.0,300.0
1942,430.0,5.0,20.0,50.0,6.0,17.0,300.0
1943,430.0,5.0,20.0,50.0,6.0,2.0,300.0
1944,430.0,5.0,20.0,50.0,2.0,17.0,300.0
1945,430.0,5.0,20.0,50.0,2.0,17.0,300.0
1946,430.0,5.0,20.0,50.0,2.0,2.0,300.0
1947,430.0,5.0,20.0,50.0,2.0,17.0,300.0
1948,350.0,5.0,20.0,30.0,2.0,2.0,300.0
1949,430.0,5.0,20.0,50.0,2.0,2.0,300.0
1950,350.0,5.0,20.0,30.0,6.0,2.0,300.0
1951,480.0,20.0,20.0,50.0,2.0,17.0,300.0
1952,480.0,20.0,20.0,50.0,2.0,17.0,300.0
1953,430.0,5.0,20.0,50.0,2.0,2.0,300.0
1954,250.0,5.0,8.0,30.0,2.0,2.0,300.0
1955,350.0,5.0,20.0,30.0,2.0,2.0,300.0
1956,250.0,5.0,8.0,30.0,2.0,2.0,300.0
1957,480.0,20.0,20.0,50.0,6.0,2.0,300.0
1958,400.0,20.0,20.0,30.0,2.0,2.0,300.0
1959,400.0,20.0,20.0,30.0,2.0,2.0,300.0
1960,430.0,5.0,20.0,50.0,2.0,17.0,300.0
1961,400.0,20.0,20.0,30.0,2.0,2.0,300.0
1962,400.0,20.0,20.0,30.0,2.0,2.0,300.0
1963,250.0,5.0,8.0,30.0,2.0,2.0,300.0
1964,400.0,20.0,20.0,30.0,2.0,2.0,300.0
1965,480.0,20.0,20.0,50.0,6.0,17.0,300.0
1966,350.0,5.0,20.0,30.0,2.0,2.0,300.0
1967,480.0,20.0,20.0,50.0,2.0,2.0,300.0
1968,430.0,5.0,20.0,50.0,2.0,2.0,300.0
1969,430.0,5.0,20.0,50.0,6.0,17.0,300.0
1970,480.0,20.0,20.0,50.0,2.0,2.0,300.0
1971,430.0,5.0,20.0,50.0,2.0,17.0,300.0
1972,430.0,5.0,20.0,50.0,2.0,17.0,300.0
1973,400.0,20.0,20.0,30.0,2.0,2.0,300.0
1974,400.0,20.0,20.0,30.0,2.0,2.0,300.0
1975,250.0,5.0,8.0,30.0,2.0,2.0,300.0
1976,300.0,20.0,8.0,30.0,2.0,2.0,300.0
1977,400.0,20.0,20.0,30.0,2.0,2.0,300.0
1978,400.0,20.0,20.0,30.0,2.0,2.0,300.0
1979,480.0,20.0,20.0,50.0,2.0,17.0,300.0
1980,430.0,5.0,20.0,50.0,2.0,17.0,300.0
1981,350.0,5.0,20.0,30.0,2.0,2.0,300.0
1982,430.0,5.0,20.0,50.0,2.0,2.0,300.0
1983,350.0,5.0,20.0,30.0,2.0,2.0,300.0
1984,430.0,5.0,20.0,50.0,6.0,2.0,300.0
1985,430.0,5.0,20.0,50.0,2.0,2.0,300.0
1986,400.0,20.0,20.0,30.0,2.0,2.0,300.0
1987,380.0,20.0,8.0,50.0,2.0,2.0,300.0
1988,480.0,20.0,20.0,50.0,6.0,17.0,300.0
1989,350.0,5.0,20.0,30.0,2.0,2.0,300.0
1990,430.0,5.0,20.0,50.0,2.0,17.0,300.0
1991,480.0,20.0,20.0,50.0,6.0,17.0,300.0
1992,350.0,5.0,20.0,30.0,6.0,2.0,300.0
1993,430.0,5.0,20.0,50.0,2.0,17.0,300.0
1994,430.0,5.0,20.0,50.0,6.0,2.0,300.0
1995,480.0,20.0,20.0,50.0,6.0,17.0,300.0
1996,350.0,5.0,20.0,30.0,2.0,2.0,300.0
1997,350.0,5.0,20.0,30.0,2.0,2.0,300.0
1998,350.0,5.0,20.0,30.0,6.0,2.0,300.0
1999,380.0,20.0,8.0,50.0,6.0,2.0,300.0
2000,430.0,5.0,20.0,50.0,2.0,17.0,300.0
2001,480.0,20.0,20.0,50.0,6.0,2.0,300.0
2002,430.0,5.0,20.0,50.0,2.0,17.0,300.0
2003,400.0,20.0,20.0,30.0,2.0,2.0,300.0
2004,330.0,5.0,8.0,50.0,2.0,2.0,300.0
2005,400.0,20.0,20.0,30.0,6.0,2.0,300.0
2006,430.0,5.0,20.0,50.0,2.0,2.0,300.0
2007,430.0,5.0,20.0,50.0,2.0,2.0,300.0
2008,480.0,20.0,20.0,50.0,2.0,2.0,300.0
2009,430.0,5.0,20.0,50.0,6.0,17.0,300.0
2010,430.0,5.0,20.0,50.0,2.0,17.0,300.0
2011,400.0,20.0,20.0,30.0,2.0,2.0,300.0
2012,430.0,5.0,20.0,50.0,6.0,2.0,300.0
2013,430.0,5.0,20.0,50.0,6.0,2.0,300.0
2014,400.0,20.0,20.0,30.0,6.0,2.0,300.0
2015,400.0,20.0,20.0,30.0,2.0,2.0,300.0
2016,330.0,5.0,8.0,50.0,2.0,17.0,300.0
2017,350.0,5.0,20.0,30.0,2.0,2.0,300.0
2018,480.0,20.0,20.0,50.0,2.0,17.0,300.0
2019,430.0,5.0,20.0,50.0,2.0,2.0,300.0
2020,400.0,20.0,20.0,30.0,2.0,2.0,300.0
2021,480.0,20.0,20.0,50.0,6.0,17.0,300.0
2022,330.0,5.0,8.0,50.0,2.0,17.0,300.0
2023,330.0,5.0,8.0,50.0,2.0,17.0,300.0
2024,480.0,20.0,20.0,50.0,2.0,2.0,300.0
2025,250.0,5.0,8.0,30.0,2.0,2.0,300.0
2026,430.0,5.0,20.0,50.0,2.0,17.0,300.0
2027,350.0,5.0,20.0,30.0,6.0,2.0,300.0
2028,430.0,5.0,20.0,50.0,2.0,17.0,300.0
2029,430.0,5.0,20.0,50.0,6.0,2.0,300.0
2030,430.0,5.0,20.0,50.0,2.0,17.0,300.0
2031,430.0,5.0,20.0,50.0,2.0,2.0,300.0
2032,480.0,20.0,20.0,50.0,6.0,17.0,300.0
2033,480.0,20.0,20.0,50.0,6.0,2.0,300.0
2034,350.0,5.0,20.0,30.0,2.0,2.0,300.0
2035,350.0,5.0,20.0,30.0,2.0,2.0,300.0
2036,430.0,5.0,20.0,50.0,6.0,17.0,300.0
2037,330.0,5.0,8.0,50.0,6.0,2.0,300.0
2038,480.0,20.0,20.0,50.0,2.0,17.0,300.0
2039,430.0,5.0,20.0,50.0,6.0,2.0,300.0
2040,350.0,5.0,20.0,30.0,2.0,2.0,300.0
2041,430.0,5.0,20.0,50.0,2.0,2.0,300.0
2042,350.0,5.0,20.0,30.0,2.0,2.0,300.0
2043,430.0,5.0,20.0,50.0,6.0,2.0,300.0
2044,480.0,20.0,20.0,50.0,6.0,2.0,300.0
2045,430.0,5.0,20.0,50.0,2.0,17.0,300.0
2046,430.0,5.0,20.0,50.0,2.0,17.0,300.0
2047,430.0,5.0,20.0,50.0,2.0,2.0,300.0
2048,350.0,5.0,20.0,30.0,2.0,2.0,300.0
2049,480.0,20.0,20.0,50.0,2.0,17.0,300.0
2050,330.0,5.0,8.0,50.0,2.0,2.0,300.0
2051,400.0,20.0,20.0,30.0,2.0,2.0,300.0
2052,430.0,5.0,20.0,50.0,2.0,17.0,300.0
2053,380.0,20.0,8.0,50.0,2.0,2.0,300.0
2054,400.0,20.0,20.0,30.0,2.0,2.0,300.0
2055,480.0,20.0,20.0,50.0,2.0,17.0,300.0
2056,350.0,5.0,20.0,30.0,2.0,2.0,300.0
2057,480.0,20.0,20.0,50.0,2.0,17.0,300.0
2058,400.0,20.0,20.0,30.0,2.0,2.0,300.0
2059,480.0,20.0,20.0,50.0,2.0,17.0,300.0
2060,480.0,20.0,20.0,50.0,2.0,17.0,300.0
2061,330.0,5.0,8.0,50.0,2.0,17.0,300.0
2062,430.0,5.0,20.0,50.0,2.0,2.0,300.0
2063,430.0,5.0,20.0,50.0,2.0,2.0,300.0
2064,350.0,5.0,20.0,30.0,6.0,2.0,300.0
2065,480.0,20.0,20.0,50.0,2.0,2.0,300.0
2066,350.0,5.0,20.0,30.0,2.0,2.0,300.0
2067,400.0,20.0,20.0,30.0,2.0,2.0,300.0
2068,250.0,5.0,8.0,30.0,2.0,2.0,300.0
2069,480.0,20.0,20.0,50.0,2.0,2.0,300.0
2070,350.0,5.0,20.0,30.0,2.0,2.0,300.0
2071,250.0,5.0,8.0,30.0,2.0,2.0,300.0
2072,480.0,20.0,20.0,50.0,6.0,17.0,300.0
2073,430.0,5.0,20.0,50.0,2.0,17.0,300.0
2074,330.0,5.0,8.0,50.0,2.0,17.0,300.0
2075,480.0,20.0,20.0,50.0,6.0,2.0,300.0
2076,400.0,20.0,20.0,30.0,2.0,2.0,300.0
2077,480.0,20.0,20.0,50.0,2.0,2.0,300.0
2078,250.0,5.0,8.0,30.0,2.0,2.0,300.0
2079,430.0,5.0,20.0,50.0,2.0,2.0,300.0
2080,430.0,5.0,20.0,50.0,6.0,17.0,300.0
2081,430.0,5.0,20.0,50.0,2.0,17.0,300.0
2082,250.0,5.0,8.0,30.0,2.0,2.0,300.0
2083,430.0,5.0,20.0,50.0,2.0,17.0,300.0
2084,430.0,5.0,20.0,50.0,2.0,2.0,300.0
2085,430.0,5.0,20.0,50.0,2.0,2.0,300.0
2086,350.0,5.0,20.0,30.0,2.0,2.0,300.0
2087,400.0,20.0,20.0,30.0,6.0,2.0,300.0
2088,430.0,5.0,20.0,50.0,2.0,17.0,300.0
2089,430.0,5.0,20.0,50.0,2.0,2.0,300.0
2090,480.0,20.0,20.0,50.0,2.0,2.0,300.0
2091,250.0,5.0,8.0,30.0,2.0,2.0,300.0
2092,480.0,20.0,20.0,50.0,2.0,17.0,300.0
2093,480.0,20.0,20.0,50.0,2.0,2.0,300.0
2094,400.0,20.0,20.0,30.0,2.0,2.0,300.0
2095,430.0,5.0,20.0,50.0,2.0,17.0,300.0
2096,300.0,20.0,8.0,30.0,2.0,2.0,300.0
2097,400.0,20.0,20.0,30.0,2.0,2.0,300.0
2098,350.0,5.0,20.0,30.0,2.0,2.0,300.0
2099,400.0,20.0,20.0,30.0,6.0,2.0,300.0
2100,430.0,5.0,20.0,50.0,6.0,2.0,300.0
2101,480.0,20.0,20.0,50.0,6.0,2.0,300.0
2102,350.0,5.0,20.0,30.0,2.0,2.0,300.0
2103,400.0,20.0,20.0,30.0,6.0,2.0,300.0
2104,480.0,20.0,20.0,50.0,2.0,2.0,300.0
2105,430.0,5.0,20.0,50.0,6.0,2.0,300.0
2106,430.0,5.0,20.0,50.0,2.0,17.0,300.0
2107,480.0,20.0,20.0,50.0,2.0,17.0,300.0
2108,430.0,5.0,20.0,50.0,2.0,2.0,300.0
2109,480.0,20.0,20.0,50.0,6.0,2.0,300.0
2110,350.0,5.0,20.0,30.0,2.0,2.0,300.0
2111,430.0,5.0,20.0,50.0,6.0,2.0,300.0
2112,300.0,20.0,8.0,30.0,2.0,2.0,300.0
2113,350.0,5.0,20.0,30.0,2.0,2.0,300.0
2114,430.0,5.0,20.0,50.0,2.0,2.0,300.0
2115,430.0,5.0,20.0,50.0,2.0,2.0,300.0
2116,350.0,5.0,20.0,30.0,2.0,2.0,300.0
2117,400.0,20.0,20.0,30.0,2.0,2.0,300.0
2118,400.0,20.0,20.0,30.0,2.0,2.0,300.0
2119,430.0,5.0,20.0,50.0,2.0,2.0,300.0
2120,300.0,20.0,8.0,30.0,2.0,2.0,300.0
2121,250.0,5.0,8.0,30.0,2.0,2.0,300.0
2122,430.0,5.0,20.0,50.0,2.0,2.0,300.0
2123,330.0,5.0,8.0,50.0,2.0,17.0,300.0
2124,430.0,5.0,20.0,50.0,2.0,2.0,300.0
2125,430.0,5.0,20.0,50.0,2.0,2.0,300.0
2126,350.0,5.0,20.0,30.0,2.0,2.0,300.0
2127,350.0,5.0,20.0,30.0,6.0,2.0,300.0
2128,400.0,20.0,20.0,30.0,2.0,2.0,300.0
2129,350.0,5.0,20.0,30.0,6.0,2.0,300.0
2130,400.0,20.0,20.0,30.0,6.0,2.0,300.0
2131,400.0,20.0,20.0,30.0,6.0,2.0,300.0
2132,480.0,20.0,20.0,50.0,2.0,17.0,300.0
2133,430.0,5.0,20.0,50.0,2.0,17.0,300.0
2134,480.0,20.0,20.0,50.0,6.0,2.0,300.0
2135,330.0,5.0,8.0,50.0,2.0,17.0,300.0
2136,300.0,20.0,8.0,30.0,6.0,2.0,300.0
2137,430.0,5.0,20.0,50.0,2.0,17.0,300.0
2138,430.0,5.0,20.0,50.0,6.0,2.0,300.0
2139,430.0,5.0,20.0,50.0,2.0,2.0,300.0
2140,350.0,5.0,20.0,30.0,6.0,2.0,300.0
2141,480.0,20.0,20.0,50.0,2.0,17.0,300.0
2142,350.0,5.0,20.0,30.0,2.0,2.0,300.0
2143,480.0,20.0,20.0,50.0,2.0,17.0,300.0
2144,350.0,5.0,20.0,30.0,2.0,2.0,300.0
2145,430.0,5.0,20.0,50.0,2.0,2.0,300.0
2146,350.0,5.0,20.0,30.0,6.0,2.0,300.0
2147,430.0,5.0,20.0,50.0,2.0,17.0,300.0
2148,480.0,20.0,20.0,50.0,6.0,17.0,300.0
2149,430.0,5.0,20.0,50.0,2.0,2.0,300.0
2150,480.0,20.0,20.0,50.0,6.0,17.0,300.0
2151,330.0,5.0,8.0,50.0,2.0,17.0,300.0
2152,400.0,20.0,20.0,30.0,2.0,2.0,300.0
2153,480.0,20.0,20.0,50.0,2.0,17.0,300.0
2154,350.0,5.0,20.0,30.0,2.0,2.0,300.0
2155,480.0,20.0,20.0,50.0,2.0,17.0,300.0
2156,430.0,5.0,20.0,50.0,2.0,17.0,300.0
2157,300.0,20.0,8.0,30.0,6.0,2.0,300.0
2158,480.0,20.0,20.0,50.0,6.0,2.0,300.0
2159,430.0,5.0,20.0,50.0,2.0,17.0,300.0
2160,250.0,5.0,8.0,30.0,6.0,2.0,300.0
2161,350.0,5.0,20.0,30.0,2.0,2.0,300.0
2162,350.0,5.0,20.0,30.0,2.0,2.0,300.0
2163,430.0,5.0,20.0,50.0,6.0,17.0,300.0
2164,350.0,5.0,20.0,30.0,2.0,2.0,300.0
2165,300.0,20.0,8.0,30.0,2.0,2.0,300.0
2166,430.0,5.0,20.0,50.0,2.0,2.0,300.0
2167,430.0,5.0,20.0,50.0,2.0,2.0,300.0
2168,430.0,5.0,20.0,50.0,2.0,2.0,300.0
2169,480.0,20.0,20.0,50.0,6.0,2.0,300.0
2170,430.0,5.0,20.0,50.0,6.0,2.0,300.0
2171,480.0,20.0,20.0,50.0,6.0,2.0,300.0
2172,430.0,5.0,20.0,50.0,2.0,17.0,300.0
2173,330.0,5.0,8.0,50.0,2.0,17.0,300.0
2174,350.0,5.0,20.0,30.0,2.0,2.0,300.0
2175,480.0,20.0,20.0,50.0,2.0,17.0,300.0
2176,400.0,20.0,20.0,30.0,6.0,2.0,300.0
2177,400.0,20.0,20.0,30.0,2.0,2.0,300.0
2178,400.0,20.0,20.0,30.0,2.0,2.0,300.0
2179,430.0,5.0,20.0,50.0,2.0,2.0,300.0
2180,400.0,20.0,20.0,30.0,6.0,2.0,300.0
2181,400.0,20.0,20.0,30.0,2.0,2.0,300.0
2182,430.0,5.0,20.0,50.0,2.0,2.0,300.0
2183,250.0,5.0,8.0,30.0,2.0,2.0,300.0
2184,330.0,5.0,8.0,50.0,2.0,17.0,300.0
2185,400.0,20.0,20.0,30.0,2.0,2.0,300.0
2186,480.0,20.0,20.0,50.0,2.0,2.0,300.0
2187,250.0,5.0,8.0,30.0,2.0,2.0,300.0
2188,400.0,20.0,20.0,30.0,2.0,2.0,300.0
2189,300.0,20.0,8.0,30.0,2.0,2.0,300.0
2190,480.0,20.0,20.0,50.0,2.0,17.0,300.0
2191,400.0,20.0,20.0,30.0,2.0,2.0,300.0
2192,430.0,5.0,20.0,50.0,2.0,2.0,300.0
2193,250.0,5.0,8.0,30.0,6.0,2.0,300.0
2194,430.0,5.0,20.0,50.0,2.0,2.0,300.0
2195,480.0,20.0,20.0,50.0,6.0,2.0,300.0
2196,400.0,20.0,20.0,30.0,2.0,2.0,300.0
2197,250.0,5.0,8.0,30.0,6.0,2.0,300.0
2198,430.0,5.0,20.0,50.0,2.0,17.0,300.0
2199,480.0,20.0,20.0,50.0,2.0,17.0,300.0
2200,350.0,5.0,20.0,30.0,6.0,2.0,300.0
2201,400.0,20.0,20.0,30.0,2.0,2.0,300.0
2202,430.0,5.0,20.0,50.0,2.0,2.0,300.0
2203,430.0,5.0,20.0,50.0,2.0,2.0,300.0
2204,400.0,20.0,20.0,30.0,2.0,2.0,300.0
2205,430.0,5.0,20.0,50.0,6.0,17.0,300.0
2206,430.0,5.0,20.0,50.0,2.0,17.0,300.0
2207,400.0,20.0,20.0,30.0,2.0,2.0,300.0
2208,430.0,5.0,20.0,50.0,2.0,17.0,300.0
2209,250.0,5.0,8.0,30.0,2.0,2.0,300.0
2210,250.0,5.0,8.0,30.0,2.0,2.0,300.0
2211,430.0,5.0,20.0,50.0,6.0,2.0,300.0
2212,430.0,5.0,20.0,50.0,2.0,2.0,300.0
2213,400.0,20.0,20.0,30.0,2.0,2.0,300.0
2214,480.0,20.0,20.0,50.0,2.0,2.0,300.0
2215,480.0,20.0,20.0,50.0,2.0,2.0,300.0
2216,400.0,20.0,20.0,30.0,2.0,2.0,300.0
2217,430.0,5.0,20.0,50.0,2.0,17.0,300.0
2218,430.0,5.0,20.0,50.0,6.0,2.0,300.0
2219,400.0,20.0,20.0,30.0,2.0,2.0,300.0
2220,250.0,5.0,8.0,30.0,2.0,2.0,300.0
2221,480.0,20.0,20.0,50.0,6.0,2.0,300.0
2222,400.0,20.0,20.0,30.0,2.0,2.0,300.0
2223,430.0,5.0,20.0,50.0,2.0,2.0,300.0
2224,350.0,5.0,20.0,30.0,2.0,2.0,300.0
2225,350.0,5.0,20.0,30.0,2.0,2.0,300.0
2226,430.0,5.0,20.0,50.0,2.0,17.0,300.0
2227,400.0,20.0,20.0,30.0,2.0,2.0,300.0
2228,430.0,5.0,20.0,50.0,2.0,2.0,300.0
2229,350.0,5.0,20.0,30.0,6.0,2.0,300.0
2230,400.0,20.0,20.0,30.0,2.0,2.0,300.0
2231,250.0,5.0,8.0,30.0,2.0,2.0,300.0
2232,400.0,20.0,20.0,30.0,2.0,2.0,300.0
2233,350.0,5.0,20.0,30.0,2.0,2.0,300.0
2234,400.0,20.0,20.0,30.0,2.0,2.0,300.0
2235,400.0,20.0,20.0,30.0,2.0,2.0,300.0
2236,430.0,5.0,20.0,50.0,2.0,2.0,300.0
2237,430.0,5.0,20.0,50.0,2.0,2.0,300.0
2238,400.0,20.0,20.0,30.0,2.0,2.0,300.0
2239,480.0,20.0,20.0,50.0,2.0,2.0,300.0
2240,430.0,5.0,20.0,50.0,2.0,17.0,300.0
2241,350.0,5.0,20.0,30.0,2.0,2.0,300.0
2242,480.0,20.0,20.0,50.0,2.0,17.0,300.0
2243,430.0,5.0,20.0,50.0,2.0,2.0,300.0
2244,350.0,5.0,20.0,30.0,2.0,2.0,300.0
2245,400.0,20.0,20.0,30.0,6.0,2.0,300.0
2246,430.0,5.0,20.0,50.0,2.0,2.0,300.0
2247,400.0,20.0,20.0,30.0,2.0,2.0,300.0
2248,480.0,20.0,20.0,50.0,6.0,17.0,300.0
2249,250.0,5.0,8.0,30.0,2.0,2.0,300.0
2250,250.0,5.0,8.0,30.0,2.0,2.0,300.0
2251,400.0,20.0,20.0,30.0,6.0,2.0,300.0
2252,400.0,20.0,20.0,30.0,6.0,2.0,300.0
2253,250.0,5.0,8.0,30.0,2.0,2.0,300.0
2254,400.0,20.0,20.0,30.0,2.0,2.0,300.0
2255,430.0,5.0,20.0,50.0,2.0,2.0,300.0
2256,400.0,20.0,20.0,30.0,2.0,2.0,300.0
2257,400.0,20.0,20.0,30.0,2.0,2.0,300.0
2258,430.0,5.0,20.0,50.0,2.0,17.0,300.0
2259,430.0,5.0,20.0,50.0,6.0,2.0,300.0
2260,350.0,5.0,20.0,30.0,2.0,2.0,300.0
2261,380.0,20.0,8.0,50.0,6.0,17.0,300.0
2262,480.0,20.0,20.0,50.0,2.0,2.0,300.0
2263,350.0,5.0,20.0,30.0,2.0,2.0,300.0
2264,350.0,5.0,20.0,30.0,2.0,2.0,300.0
2265,300.0,20.0,8.0,30.0,2.0,2.0,300.0
2266,400.0,20.0,20.0,30.0,2.0,2.0,300.0
2267,480.0,20.0,20.0,50.0,2.0,17.0,300.0
2268,400.0,20.0,20.0,30.0,2.0,2.0,300.0
2269,480.0,20.0,20.0,50.0,2.0,2.0,300.0
2270,430.0,5.0,20.0,50.0,2.0,2.0,300.0
2271,480.0,20.0,20.0,50.0,2.0,2.0,300.0
2272,350.0,5.0,20.0,30.0,2.0,2.0,300.0
2273,400.0,20.0,20.0,30.0,2.0,2.0,300.0
2274,350.0,5.0,20.0,30.0,2.0,2.0,300.0
2275,300.0,20.0,8.0,30.0,6.0,2.0,300.0
2276,480.0,20.0,20.0,50.0,2.0,17.0,300.0
2277,430.0,5.0,20.0,50.0,6.0,17.0,300.0
2278,480.0,20.0,20.0,50.0,2.0,17.0,300.0
2279,430.0,5.0,20.0,50.0,2.0,17.0,300.0
2280,480.0,20.0,20.0,50.0,2.0,17.0,300.0
2281,430.0,5.0,20.0,50.0,2.0,17.0,300.0
2282,250.0,5.0,8.0,30.0,2.0,2.0,300.0
2283,480.0,20.0,20.0,50.0,6.0,2.0,300.0
2284,430.0,5.0,20.0,50.0,2.0,2.0,300.0
2285,250.0,5.0,8.0,30.0,2.0,2.0,300.0
2286,480.0,20.0,20.0,50.0,2.0,2.0,300.0
2287,350.0,5.0,20.0,30.0,2.0,2.0,300.0
2288,430.0,5.0,20.0,50.0,2.0,17.0,300.0
2289,400.0,20.0,20.0,30.0,2.0,2.0,300.0
2290,430.0,5.0,20.0,50.0,6.0,2.0,300.0
2291,400.0,20.0,20.0,30.0,2.0,2.0,300.0
2292,430.0,5.0,20.0,50.0,6.0,17.0,300.0
2293,430.0,5.0,20.0,50.0,6.0,2.0,300.0
2294,250.0,5.0,8.0,30.0,2.0,2.0,300.0
2295,430.0,5.0,20.0,50.0,6.0,17.0,300.0
2296,480.0,20.0,20.0,50.0,6.0,17.0,300.0
2297,250.0,5.0,8.0,30.0,2.0,2.0,300.0
2298,480.0,20.0,20.0,50.0,2.0,17.0,300.0
2299,350.0,5.0,20.0,30.0,2.0,2.0,300.0
2300,250.0,5.0,8.0,30.0,2.0,2.0,300.0
2301,400.0,20.0,20.0,30.0,2.0,2.0,300.0
2302,380.0,20.0,8.0,50.0,2.0,17.0,300.0
2303,250.0,5.0,8.0,30.0,2.0,2.0,300.0
2304,250.0,5.0,8.0,30.0,2.0,2.0,300.0
2305,330.0,5.0,8.0,50.0,2.0,2.0,300.0
2306,480.0,20.0,20.0,50.0,2.0,17.0,300.0
2307,400.0,20.0,20.0,30.0,6.0,2.0,300.0
2308,400.0,20.0,20.0,30.0,2.0,2.0,300.0
2309,400.0,20.0,20.0,30.0,2.0,2.0,300.0
2310,480.0,20.0,20.0,50.0,6.0,17.0,300.0
2311,480.0,20.0,20.0,50.0,6.0,17.0,300.0
2312,400.0,20.0,20.0,30.0,2.0,2.0,300.0
2313,480.0,20.0,20.0,50.0,2.0,2.0,300.0
2314,400.0,20.0,20.0,30.0,2.0,2.0,300.0
2315,430.0,5.0,20.0,50.0,2.0,2.0,300.0
2316,300.0,20.0,8.0,30.0,2.0,2.0,300.0
2317,430.0,5.0,20.0,50.0,2.0,2.0,300.0
2318,430.0,5.0,20.0,50.0,2.0,2.0,300.0
2319,400.0,20.0,20.0,30.0,2.0,2.0,300.0
2320,350.0,5.0,20.0,30.0,2.0,2.0,300.0
2321,250.0,5.0,8.0,30.0,2.0,2.0,300.0
2322,250.0,5.0,8.0,30.0,2.0,2.0,300.0
2323,400.0,20.0,20.0,30.0,6.0,2.0,300.0
2324,350.0,5.0,20.0,30.0,2.0,2.0,300.0
2325,480.0,20.0,20.0,50.0,2.0,17.0,300.0
2326,250.0,5.0,8.0,30.0,2.0,2.0,300.0
2327,250.0,5.0,8.0,30.0,2.0,2.0,300.0
2328,480.0,20.0,20.0,50.0,2.0,17.0,300.0
2329,430.0,5.0,20.0,50.0,2.0,2.0,300.0
2330,400.0,20.0,20.0,30.0,6.0,2.0,300.0
2331,430.0,5.0,20.0,50.0,2.0,2.0,300.0
2332,430.0,5.0,20.0,50.0,2.0,17.0,300.0
2333,480.0,20.0,20.0,50.0,6.0,17.0,300.0
2334,400.0,20.0,20.0,30.0,2.0,2.0,300.0
2335,430.0,5.0,20.0,50.0,2.0,17.0,300.0
2336,250.0,5.0,8.0,30.0,2.0,2.0,300.0
2337,430.0,5.0,20.0,50.0,2.0,2.0,300.0
2338,430.0,5.0,20.0,50.0,2.0,17.0,300.0
2339,430.0,5.0,20.0,50.0,2.0,17.0,300.0
2340,250.0,5.0,8.0,30.0,2.0,2.0,300.0
2341,250.0,5.0,8.0,30.0,2.0,2.0,300.0
2342,480.0,20.0,20.0,50.0,6.0,17.0,300.0
2343,330.0,5.0,8.0,50.0,2.0,17.0,300.0
2344,350.0,5.0,20.0,30.0,2.0,2.0,300.0
2345,250.0,5.0,8.0,30.0,2.0,2.0,300.0
2346,400.0,20.0,20.0,30.0,2.0,2.0,300.0
2347,250.0,5.0,8.0,30.0,2.0,2.0,300.0
2348,480.0,20.0,20.0,50.0,6.0,17.0,300.0
2349,430.0,5.0,20.0,50.0,2.0,17.0,300.0
2350,480.0,20.0,20.0,50.0,2.0,2.0,300.0
2351,350.0,5.0,20.0,30.0,2.0,2.0,300.0
2352,350.0,5.0,20.0,30.0,2.0,2.0,300.0
2353,330.0,5.0,8.0,50.0,2.0,2.0,300.0
2354,400.0,20.0,20.0,30.0,2.0,2.0,300.0
2355,430.0,5.0,20.0,50.0,2.0,2.0,300.0
2356,330.0,5.0,8.0,50.0,2.0,17.0,300.0
2357,400.0,20.0,20.0,30.0,2.0,2.0,300.0
2358,330.0,5.0,8.0,50.0,2.0,17.0,300.0
2359,250.0,5.0,8.0,30.0,2.0,2.0,300.0
2360,400.0,20.0,20.0,30.0,2.0,2.0,300.0
2361,250.0,5.0,8.0,30.0,2.0,2.0,300.0
2362,250.0,5.0,8.0,30.0,2.0,2.0,300.0
2363,350.0,5.0,20.0,30.0,2.0,2.0,300.0
2364,400.0,20.0,20.0,30.0,6.0,2.0,300.0
2365,400.0,20.0,20.0,30.0,2.0,2.0,300.0
2366,430.0,5.0,20.0,50.0,2.0,17.0,300.0
2367,480.0,20.0,20.0,50.0,2.0,2.0,300.0
2368,400.0,20.0,20.0,30.0,2.0,2.0,300.0
2369,300.0,20.0,8.0,30.0,2.0,2.0,300.0
2370,430.0,5.0,20.0,50.0,2.0,17.0,300.0
2371,430.0,5.0,20.0,50.0,2.0,2.0,300.0
2372,250.0,5.0,8.0,30.0,2.0,2.0,300.0
2373,480.0,20.0,20.0,50.0,2.0,2.0,300.0
2374,400.0,20.0,20.0,30.0,2.0,2.0,300.0
2375,250.0,5.0,8.0,30.0,2.0,2.0,300.0
2376,480.0,20.0,20.0,50.0,2.0,17.0,300.0
2377,430.0,5.0,20.0,50.0,2.0,17.0,300.0
2378,430.0,5.0,20.0,50.0,6.0,2.0,300.0
2379,480.0,20.0,20.0,50.0,2.0,17.0,300.0
2380,480.0,20.0,20.0,50.0,6.0,17.0,300.0
2381,430.0,5.0,20.0,50.0,2.0,17.0,300.0
2382,400.0,20.0,20.0,30.0,2.0,2.0,300.0
2383,430.0,5.0,20.0,50.0,6.0,2.0,300.0
2384,430.0,5.0,20.0,50.0,2.0,17.0,300.0
2385,350.0,5.0,20.0,30.0,2.0,2.0,300.0
2386,480.0,20.0,20.0,50.0,2.0,2.0,300.0
2387,250.0,5.0,8.0,30.0,2.0,2.0,300.0
2388,400.0,20.0,20.0,30.0,2.0,2.0,300.0
2389,430.0,5.0,20.0,50.0,2.0,17.0,300.0
2390,430.0,5.0,20.0,50.0,2.0,2.0,300.0
2391,400.0,20.0,20.0,30.0,2.0,2.0,300.0
2392,400.0,20.0,20.0,30.0,2.0,2.0,300.0
2393,400.0,20.0,20.0,30.0,2.0,2.0,300.0
2394,250.0,5.0,8.0,30.0,2.0,2.0,300.0
2395,430.0,5.0,20.0,50.0,2.0,2.0,300.0
2396,480.0,20.0,20.0,50.0,6.0,2.0,300.0
2397,430.0,5.0,20.0,50.0,2.0,2.0,300.0
2398,250.0,5.0,8.0,30.0,2.0,2.0,300.0
2399,350.0,5.0,20.0,30.0,2.0,2.0,300.0
2400,480.0,20.0,20.0,50.0,2.0,2.0,300.0
2401,480.0,20.0,20.0,50.0,2.0,17.0,300.0
2402,350.0,5.0,20.0,30.0,2.0,2.0,300.0
2403,480.0,20.0,20.0,50.0,2.0,17.0,300.0
2404,430.0,5.0,20.0,50.0,6.0,2.0,300.0
2405,400.0,20.0,20.0,30.0,6.0,2.0,300.0
2406,250.0,5.0,8.0,30.0,2.0,2.0,300.0
2407,350.0,5.0,20.0,30.0,2.0,2.0,300.0
2408,430.0,5.0,20.0,50.0,2.0,17.0,300.0
2409,430.0,5.0,20.0,50.0,2.0,2.0,300.0
2410,350.0,5.0,20.0,30.0,2.0,2.0,300.0
2411,480.0,20.0,20.0,50.0,2.0,17.0,300.0
2412,300.0,20.0,8.0,30.0,2.0,2.0,300.0
2413,430.0,5.0,20.0,50.0,2.0,17.0,300.0
2414,400.0,20.0,20.0,30.0,2.0,2.0,300.0
2415,350.0,5.0,20.0,30.0,6.0,2.0,300.0
2416,350.0,5.0,20.0,30.0,6.0,2.0,300.0
2417,250.0,5.0,8.0,30.0,2.0,2.0,300.0
2418,250.0,5.0,8.0,30.0,2.0,2.0,300.0
2419,350.0,5.0,20.0,30.0,2.0,2.0,300.0
2420,350.0,5.0,20.0,30.0,2.0,2.0,300.0
2421,250.0,5.0,8.0,30.0,2.0,2.0,300.0
2422,480.0,20.0,20.0,50.0,6.0,2.0,300.0
2423,250.0,5.0,8.0,30.0,2.0,2.0,300.0
2424,430.0,5.0,20.0,50.0,2.0,2.0,300.0
2425,250.0,5.0,8.0,30.0,2.0,2.0,300.0
2426,400.0,20.0,20.0,30.0,6.0,2.0,300.0
2427,430.0,5.0,20.0,50.0,2.0,17.0,300.0
2428,430.0,5.0,20.0,50.0,2.0,2.0,300.0
2429,480.0,20.0,20.0,50.0,2.0,17.0,300.0
2430,400.0,20.0,20.0,30.0,2.0,2.0,300.0
2431,430.0,5.0,20.0,50.0,2.0,2.0,300.0
2432,350.0,5.0,20.0,30.0,2.0,2.0,300.0
2433,380.0,20.0,8.0,50.0,2.0,2.0,300.0
2434,350.0,5.0,20.0,30.0,6.0,2.0,300.0
2435,400.0,20.0,20.0,30.0,6.0,2.0,300.0
2436,480.0,20.0,20.0,50.0,2.0,2.0,300.0
2437,430.0,5.0,20.0,50.0,2.0,17.0,300.0
2438,350.0,5.0,20.0,30.0,2.0,2.0,300.0
2439,430.0,5.0,20.0,50.0,2.0,2.0,300.0
2440,400.0,20.0,20.0,30.0,2.0,2.0,300.0
2441,250.0,5.0,8.0,30.0,2.0,2.0,300.0
2442,430.0,5.0,20.0,50.0,6.0,2.0,300.0
2443,430.0,5.0,20.0,50.0,2.0,17.0,300.0
2444,250.0,5.0,8.0,30.0,2.0,2.0,300.0
2445,480.0,20.0,20.0,50.0,6.0,2.0,300.0
2446,430.0,5.0,20.0,50.0,2.0,2.0,300.0
2447,350.0,5.0,20.0,30.0,2.0,2.0,300.0
2448,480.0,20.0,20.0,50.0,2.0,17.0,300.0
2449,350.0,5.0,20.0,30.0,6.0,2.0,300.0
2450,330.0,5.0,8.0,50.0,2.0,17.0,300.0
2451,430.0,5.0,20.0,50.0,2.0,2.0,300.0
2452,480.0,20.0,20.0,50.0,2.0,17.0,300.0
2453,430.0,5.0,20.0,50.0,2.0,2.0,300.0
2454,250.0,5.0,8.0,30.0,2.0,2.0,300.0
2455,350.0,5.0,20.0,30.0,2.0,2.0,300.0
2456,250.0,5.0,8.0,30.0,6.0,2.0,300.0
2457,430.0,5.0,20.0,50.0,2.0,2.0,300.0
2458,250.0,5.0,8.0,30.0,2.0,2.0,300.0
2459,480.0,20.0,20.0,50.0,6.0,17.0,300.0
2460,480.0,20.0,20.0,50.0,2.0,2.0,300.0
2461,250.0,5.0,8.0,30.0,2.0,2.0,300.0
2462,430.0,5.0,20.0,50.0,2.0,17.0,300.0
2463,430.0,5.0,20.0,50.0,2.0,2.0,300.0
2464,400.0,20.0,20.0,30.0,2.0,2.0,300.0
2465,430.0,5.0,20.0,50.0,6.0,2.0,300.0
2466,350.0,5.0,20.0,30.0,6.0,2.0,300.0
2467,430.0,5.0,20.0,50.0,2.0,2.0,300.0
2468,350.0,5.0,20.0,30.0,6.0,2.0,300.0
2469,400.0,20.0,20.0,30.0,2.0,2.0,300.0
2470,330.0,5.0,8.0,50.0,2.0,2.0,300.0
2471,480.0,20.0,20.0,50.0,6.0,2.0,300.0
2472,250.0,5.0,8.0,30.0,2.0,2.0,300.0
2473,430.0,5.0,20.0,50.0,2.0,17.0,300.0
2474,250.0,5.0,8.0,30.0,2.0,2.0,300.0
2475,430.0,5.0,20.0,50.0,6.0,2.0,300.0
2476,430.0,5.0,20.0,50.0,2.0,2.0,300.0
2477,430.0,5.0,20.0,50.0,2.0,2.0,300.0
2478,430.0,5.0,20.0,50.0,6.0,2.0,300.0
2479,250.0,5.0,8.0,30.0,2.0,2.0,300.0
2480,250.0,5.0,8.0,30.0,2.0,2.0,300.0
2481,400.0,20.0,20.0,30.0,2.0,2.0,300.0
2482,430.0,5.0,20.0,50.0,6.0,2.0,300.0
2483,430.0,5.0,20.0,50.0,2.0,2.0,300.0
2484,400.0,20.0,20.0,30.0,6.0,2.0,300.0
2485,480.0,20.0,20.0,50.0,2.0,17.0,300.0
2486,430.0,5.0,20.0,50.0,2.0,17.0,300.0
2487,250.0,5.0,8.0,30.0,2.0,2.0,300.0
2488,250.0,5.0,8.0,30.0,2.0,2.0,300.0
2489,430.0,5.0,20.0,50.0,6.0,2.0,300.0
2490,430.0,5.0,20.0,50.0,2.0,17.0,300.0
2491,480.0,20.0,20.0,50.0,2.0,17.0,300.0
2492,330.0,5.0,8.0,50.0,2.0,2.0,300.0
2493,400.0,20.0,20.0,30.0,6.0,2.0,300.0
2494,400.0,20.0,20.0,30.0,2.0,2.0,300.0
2495,480.0,20.0,20.0,50.0,6.0,2.0,300.0
2496,350.0,5.0,20.0,30.0,2.0,2.0,300.0
2497,350.0,5.0,20.0,30.0,2.0,2.0,300.0
2498,430.0,5.0,20.0,50.0,6.0,17.0,300.0
2499,400.0,20.0,20.0,30.0,2.0,2.0,300.0
2500,250.0,5.0,8.0,30.0,2.0,2.0,300.0
2501,480.0,20.0,20.0,50.0,2.0,17.0,300.0
2502,400.0,20.0,20.0,30.0,2.0,2.0,300.0
2503,400.0,20.0,20.0,30.0,2.0,2.0,300.0
2504,350.0,5.0,20.0,30.0,2.0,2.0,300.0
2505,480.0,20.0,20.0,50.0,2.0,2.0,300.0
2506,480.0,20.0,20.0,50.0,2.0,17.0,300.0
2507,430.0,5.0,20.0,50.0,2.0,2.0,300.0
2508,400.0,20.0,20.0,30.0,6.0,2.0,300.0
2509,250.0,5.0,8.0,30.0,2.0,2.0,300.0
2510,400.0,20.0,20.0,30.0,2.0,2.0,300.0
2511,480.0,20.0,20.0,50.0,2.0,2.0,300.0
2512,480.0,20.0,20.0,50.0,2.0,17.0,300.0
2513,430.0,5.0,20.0,50.0,2.0,17.0,300.0
2514,250.0,5.0,8.0,30.0,2.0,2.0,300.0
2515,480.0,20.0,20.0,50.0,2.0,2.0,300.0
2516,350.0,5.0,20.0,30.0,6.0,2.0,300.0
2517,350.0,5.0,20.0,30.0,6.0,2.0,300.0
2518,430.0,5.0,20.0,50.0,2.0,2.0,300.0
2519,400.0,20.0,20.0,30.0,2.0,2.0,300.0
2520,250.0,5.0,8.0,30.0,2.0,2.0,300.0
2521,250.0,5.0,8.0,30.0,2.0,2.0,300.0
2522,350.0,5.0,20.0,30.0,2.0,2.0,300.0
2523,250.0,5.0,8.0,30.0,2.0,2.0,300.0
2524,250.0,5.0,8.0,30.0,2.0,2.0,300.0
2525,250.0,5.0,8.0,30.0,2.0,2.0,300.0
2526,250.0,5.0,8.0,30.0,2.0,2.0,300.0
2527,480.0,20.0,20.0,50.0,2.0,17.0,300.0
2528,250.0,5.0,8.0,30.0,2.0,2.0,300.0
2529,250.0,5.0,8.0,30.0,2.0,2.0,300.0
2530,350.0,5.0,20.0,30.0,2.0,2.0,300.0
2531,400.0,20.0,20.0,30.0,2.0,2.0,300.0
2532,430.0,5.0,20.0,50.0,2.0,2.0,300.0
2533,250.0,5.0,8.0,30.0,2.0,2.0,300.0
2534,480.0,20.0,20.0,50.0,2.0,2.0,300.0
2535,400.0,20.0,20.0,30.0,2.0,2.0,300.0
2536,250.0,5.0,8.0,30.0,2.0,2.0,300.0
2537,380.0,20.0,8.0,50.0,6.0,17.0,300.0
2538,480.0,20.0,20.0,50.0,6.0,2.0,300.0
2539,250.0,5.0,8.0,30.0,2.0,2.0,300.0
2540,400.0,20.0,20.0,30.0,2.0,2.0,300.0
2541,430.0,5.0,20.0,50.0,2.0,2.0,300.0
2542,430.0,5.0,20.0,50.0,2.0,2.0,300.0
2543,330.0,5.0,8.0,50.0,6.0,17.0,300.0
2544,250.0,5.0,8.0,30.0,2.0,2.0,300.0
2545,400.0,20.0,20.0,30.0,2.0,2.0,300.0
2546,330.0,5.0,8.0,50.0,6.0,2.0,300.0
2547,250.0,5.0,8.0,30.0,2.0,2.0,300.0
2548,400.0,20.0,20.0,30.0,2.0,2.0,300.0
2549,400.0,20.0,20.0,30.0,2.0,2.0,300.0
2550,480.0,20.0,20.0,50.0,2.0,2.0,300.0
2551,400.0,20.0,20.0,30.0,2.0,2.0,300.0
2552,480.0,20.0,20.0,50.0,2.0,17.0,300.0
2553,480.0,20.0,20.0,50.0,2.0,17.0,300.0
2554,430.0,5.0,20.0,50.0,2.0,2.0,300.0
2555,430.0,5.0,20.0,50.0,6.0,17.0,300.0
2556,430.0,5.0,20.0,50.0,2.0,17.0,300.0
2557,430.0,5.0,20.0,50.0,2.0,2.0,300.0
2558,350.0,5.0,20.0,30.0,6.0,2.0,300.0
2559,250.0,5.0,8.0,30.0,2.0,2.0,300.0
2560,400.0,20.0,20.0,30.0,6.0,2.0,300.0
2561,430.0,5.0,20.0,50.0,2.0,2.0,300.0
2562,430.0,5.0,20.0,50.0,2.0,17.0,300.0
2563,430.0,5.0,20.0,50.0,2.0,2.0,300.0
2564,430.0,5.0,20.0,50.0,6.0,17.0,300.0
2565,380.0,20.0,8.0,50.0,2.0,17.0,300.0
2566,300.0,20.0,8.0,30.0,2.0,2.0,300.0
2567,430.0,5.0,20.0,50.0,2.0,2.0,300.0
2568,400.0,20.0,20.0,30.0,2.0,2.0,300.0
2569,430.0,5.0,20.0,50.0,2.0,2.0,300.0
2570,350.0,5.0,20.0,30.0,6.0,2.0,300.0
2571,400.0,20.0,20.0,30.0,6.0,2.0,300.0
2572,480.0,20.0,20.0,50.0,6.0,2.0,300.0
2573,480.0,20.0,20.0,50.0,6.0,17.0,300.0
2574,350.0,5.0,20.0,30.0,2.0,2.0,300.0
2575,250.0,5.0,8.0,30.0,2.0,2.0,300.0
2576,400.0,20.0,20.0,30.0,2.0,2.0,300.0
2577,250.0,5.0,8.0,30.0,6.0,2.0,300.0
2578,430.0,5.0,20.0,50.0,2.0,17.0,300.0
2579,350.0,5.0,20.0,30.0,2.0,2.0,300.0
2580,480.0,20.0,20.0,50.0,6.0,2.0,300.0
2581,430.0,5.0,20.0,50.0,2.0,2.0,300.0
2582,330.0,5.0,8.0,50.0,2.0,17.0,300.0
2583,430.0,5.0,20.0,50.0,2.0,17.0,300.0
2584,350.0,5.0,20.0,30.0,2.0,2.0,300.0
2585,400.0,20.0,20.0,30.0,2.0,2.0,300.0
2586,480.0,20.0,20.0,50.0,6.0,2.0,300.0
2587,430.0,5.0,20.0,50.0,2.0,2.0,300.0
2588,430.0,5.0,20.0,50.0,2.0,17.0,300.0
2589,430.0,5.0,20.0,50.0,2.0,17.0,300.0
2590,400.0,20.0,20.0,30.0,2.0,2.0,300.0
2591,250.0,5.0,8.0,30.0,2.0,2.0,300.0
2592,430.0,5.0,20.0,50.0,2.0,2.0,300.0
2593,480.0,20.0,20.0,50.0,2.0,17.0,300.0
2594,430.0,5.0,20.0,50.0,2.0,2.0,300.0
2595,480.0,20.0,20.0,50.0,2.0,17.0,300.0
2596,430.0,5.0,20.0,50.0,2.0,2.0,300.0
2597,400.0,20.0,20.0,30.0,2.0,2.0,300.0
2598,430.0,5.0,20.0,50.0,2.0,17.0,300.0
2599,480.0,20.0,20.0,50.0,2.0,17.0,300.0
2600,480.0,20.0,20.0,50.0,2.0,2.0,300.0
2601,330.0,5.0,8.0,50.0,2.0,2.0,300.0
2602,480.0,20.0,20.0,50.0,2.0,2.0,300.0
2603,400.0,20.0,20.0,30.0,2.0,2.0,300.0
2604,400.0,20.0,20.0,30.0,2.0,2.0,300.0
2605,480.0,20.0,20.0,50.0,2.0,2.0,300.0
2606,480.0,20.0,20.0,50.0,6.0,17.0,300.0
2607,430.0,5.0,20.0,50.0,2.0,2.0,300.0
2608,350.0,5.0,20.0,30.0,2.0,2.0,300.0
2609,350.0,5.0,20.0,30.0,2.0,2.0,300.0
2610,430.0,5.0,20.0,50.0,2.0,2.0,300.0
2611,400.0,20.0,20.0,30.0,2.0,2.0,300.0
2612,480.0,20.0,20.0,50.0,2.0,17.0,300.0
2613,480.0,20.0,20.0,50.0,2.0,2.0,300.0
2614,350.0,5.0,20.0,30.0,2.0,2.0,300.0
2615,350.0,5.0,20.0,30.0,2.0,2.0,300.0
2616,430.0,5.0,20.0,50.0,6.0,2.0,300.0
2617,400.0,20.0,20.0,30.0,2.0,2.0,300.0
2618,430.0,5.0,20.0,50.0,6.0,2.0,300.0
2619,430.0,5.0,20.0,50.0,6.0,2.0,300.0
2620,350.0,5.0,20.0,30.0,2.0,2.0,300.0
2621,400.0,20.0,20.0,30.0,2.0,2.0,300.0
2622,250.0,5.0,8.0,30.0,2.0,2.0,300.0
2623,400.0,20.0,20.0,30.0,6.0,2.0,300.0
2624,430.0,5.0,20.0,50.0,2.0,2.0,300.0
2625,400.0,20.0,20.0,30.0,2.0,2.0,300.0
2626,350.0,5.0,20.0,30.0,2.0,2.0,300.0
2627,480.0,20.0,20.0,50.0,2.0,2.0,300.0
2628,350.0,5.0,20.0,30.0,2.0,2.0,300.0
2629,330.0,5.0,8.0,50.0,6.0,2.0,300.0
2630,350.0,5.0,20.0,30.0,2.0,2.0,300.0
2631,400.0,20.0,20.0,30.0,2.0,2.0,300.0
2632,250.0,5.0,8.0,30.0,2.0,2.0,300.0
2633,430.0,5.0,20.0,50.0,2.0,17.0,300.0
2634,350.0,5.0,20.0,30.0,2.0,2.0,300.0
2635,430.0,5.0,20.0,50.0,2.0,17.0,300.0
2636,430.0,5.0,20.0,50.0,2.0,2.0,300.0
2637,400.0,20.0,20.0,30.0,2.0,2.0,300.0
2638,430.0,5.0,20.0,50.0,6.0,2.0,300.0
2639,430.0,5.0,20.0,50.0,2.0,2.0,300.0
2640,400.0,20.0,20.0,30.0,2.0,2.0,300.0
2641,430.0,5.0,20.0,50.0,2.0,17.0,300.0
2642,430.0,5.0,20.0,50.0,2.0,2.0,300.0
2643,350.0,5.0,20.0,30.0,6.0,2.0,300.0
2644,350.0,5.0,20.0,30.0,2.0,2.0,300.0
2645,430.0,5.0,20.0,50.0,6.0,17.0,300.0
2646,430.0,5.0,20.0,50.0,2.0,2.0,300.0
2647,350.0,5.0,20.0,30.0,2.0,2.0,300.0
2648,400.0,20.0,20.0,30.0,2.0,2.0,300.0
2649,400.0,20.0,20.0,30.0,2.0,2.0,300.0
2650,300.0,20.0,8.0,30.0,2.0,2.0,300.0
2651,400.0,20.0,20.0,30.0,6.0,2.0,300.0
2652,250.0,5.0,8.0,30.0,6.0,2.0,300.0
2653,430.0,5.0,20.0,50.0,2.0,17.0,300.0
2654,430.0,5.0,20.0,50.0,2.0,2.0,300.0
2655,300.0,20.0,8.0,30.0,2.0,2.0,300.0
2656,480.0,20.0,20.0,50.0,6.0,17.0,300.0
2657,480.0,20.0,20.0,50.0,2.0,17.0,300.0
2658,350.0,5.0,20.0,30.0,2.0,2.0,300.0
2659,400.0,20.0,20.0,30.0,2.0,2.0,300.0
2660,350.0,5.0,20.0,30.0,2.0,2.0,300.0
2661,400.0,20.0,20.0,30.0,2.0,2.0,300.0
2662,430.0,5.0,20.0,50.0,2.0,2.0,300.0
2663,430.0,5.0,20.0,50.0,2.0,17.0,300.0
2664,250.0,5.0,8.0,30.0,2.0,2.0,300.0
2665,350.0,5.0,20.0,30.0,2.0,2.0,300.0
2666,350.0,5.0,20.0,30.0,2.0,2.0,300.0
2667,430.0,5.0,20.0,50.0,2.0,17.0,300.0
2668,480.0,20.0,20.0,50.0,2.0,17.0,300.0
2669,350.0,5.0,20.0,30.0,2.0,2.0,300.0
2670,480.0,20.0,20.0,50.0,2.0,2.0,300.0
2671,400.0,20.0,20.0,30.0,6.0,2.0,300.0
2672,250.0,5.0,8.0,30.0,2.0,2.0,300.0
2673,400.0,20.0,20.0,30.0,2.0,2.0,300.0
2674,430.0,5.0,20.0,50.0,6.0,2.0,300.0
2675,350.0,5.0,20.0,30.0,2.0,2.0,300.0
2676,350.0,5.0,20.0,30.0,2.0,2.0,300.0
2677,480.0,20.0,20.0,50.0,6.0,2.0,300.0
2678,330.0,5.0,8.0,50.0,2.0,17.0,300.0
2679,430.0,5.0,20.0,50.0,6.0,17.0,300.0
2680,350.0,5.0,20.0,30.0,6.0,2.0,300.0
2681,480.0,20.0,20.0,50.0,2.0,17.0,300.0
2682,430.0,5.0,20.0,50.0,2.0,2.0,300.0
2683,430.0,5.0,20.0,50.0,2.0,2.0,300.0
2684,400.0,20.0,20.0,30.0,2.0,2.0,300.0
2685,330.0,5.0,8.0,50.0,2.0,17.0,300.0
2686,350.0,5.0,20.0,30.0,2.0,2.0,300.0
2687,400.0,20.0,20.0,30.0,6.0,2.0,300.0
2688,430.0,5.0,20.0,50.0,2.0,2.0,300.0
2689,430.0,5.0,20.0,50.0,2.0,2.0,300.0
2690,480.0,20.0,20.0,50.0,2.0,2.0,300.0
2691,350.0,5.0,20.0,30.0,6.0,2.0,300.0
2692,350.0,5.0,20.0,30.0,2.0,2.0,300.0
2693,250.0,5.0,8.0,30.0,2.0,2.0,300.0
2694,380.0,20.0,8.0,50.0,2.0,17.0,300.0
2695,480.0,20.0,20.0,50.0,2.0,17.0,300.0
2696,430.0,5.0,20.0,50.0,2.0,2.0,300.0
2697,350.0,5.0,20.0,30.0,2.0,2.0,300.0
2698,480.0,20.0,20.0,50.0,2.0,17.0,300.0
2699,400.0,20.0,20.0,30.0,2.0,2.0,300.0
2700,350.0,5.0,20.0,30.0,6.0,2.0,300.0
2701,430.0,5.0,20.0,50.0,2.0,17.0,300.0
2702,430.0,5.0,20.0,50.0,2.0,17.0,300.0
2703,330.0,5.0,8.0,50.0,2.0,2.0,300.0
2704,480.0,20.0,20.0,50.0,6.0,2.0,300.0
2705,430.0,5.0,20.0,50.0,2.0,2.0,300.0
2706,250.0,5.0,8.0,30.0,2.0,2.0,300.0
2707,250.0,5.0,8.0,30.0,2.0,2.0,300.0
2708,400.0,20.0,20.0,30.0,2.0,2.0,300.0
2709,380.0,20.0,8.0,50.0,6.0,17.0,300.0
2710,480.0,20.0,20.0,50.0,2.0,17.0,300.0
2711,430.0,5.0,20.0,50.0,2.0,2.0,300.0
2712,400.0,20.0,20.0,30.0,2.0,2.0,300.0
2713,430.0,5.0,20.0,50.0,6.0,2.0,300.0
2714,430.0,5.0,20.0,50.0,2.0,2.0,300.0
2715,350.0,5.0,20.0,30.0,2.0,2.0,300.0
2716,430.0,5.0,20.0,50.0,2.0,2.0,300.0
2717,430.0,5.0,20.0,50.0,2.0,2.0,300.0
2718,480.0,20.0,20.0,50.0,6.0,17.0,300.0
2719,350.0,5.0,20.0,30.0,2.0,2.0,300.0
2720,430.0,5.0,20.0,50.0,6.0,2.0,300.0
2721,400.0,20.0,20.0,30.0,2.0,2.0,300.0
2722,250.0,5.0,8.0,30.0,2.0,2.0,300.0
2723,480.0,20.0,20.0,50.0,6.0,17.0,300.0
2724,250.0,5.0,8.0,30.0,2.0,2.0,300.0
2725,380.0,20.0,8.0,50.0,2.0,2.0,300.0
2726,430.0,5.0,20.0,50.0,2.0,17.0,300.0
2727,350.0,5.0,20.0,30.0,2.0,2.0,300.0
2728,430.0,5.0,20.0,50.0,2.0,17.0,300.0
2729,400.0,20.0,20.0,30.0,6.0,2.0,300.0
2730,480.0,20.0,20.0,50.0,6.0,17.0,300.0
2731,430.0,5.0,20.0,50.0,2.0,2.0,300.0
2732,480.0,20.0,20.0,50.0,6.0,2.0,300.0
2733,350.0,5.0,20.0,30.0,2.0,2.0,300.0
2734,350.0,5.0,20.0,30.0,2.0,2.0,300.0
2735,400.0,20.0,20.0,30.0,2.0,2.0,300.0
2736,380.0,20.0,8.0,50.0,6.0,2.0,300.0
2737,480.0,20.0,20.0,50.0,2.0,17.0,300.0
2738,330.0,5.0,8.0,50.0,2.0,2.0,300.0
2739,480.0,20.0,20.0,50.0,2.0,2.0,300.0
2740,330.0,5.0,8.0,50.0,2.0,17.0,300.0
2741,400.0,20.0,20.0,30.0,6.0,2.0,300.0
2742,480.0,20.0,20.0,50.0,2.0,17.0,300.0
2743,430.0,5.0,20.0,50.0,2.0,17.0,300.0
2744,430.0,5.0,20.0,50.0,2.0,2.0,300.0
2745,480.0,20.0,20.0,50.0,2.0,2.0,300.0
2746,430.0,5.0,20.0,50.0,2.0,17.0,300.0
2747,250.0,5.0,8.0,30.0,6.0,2.0,300.0
2748,480.0,20.0,20.0,50.0,2.0,2.0,300.0
2749,480.0,20.0,20.0,50.0,6.0,2.0,300.0
2750,400.0,20.0,20.0,30.0,2.0,2.0,300.0
2751,400.0,20.0,20.0,30.0,2.0,2.0,300.0
2752,380.0,20.0,8.0,50.0,2.0,2.0,300.0
2753,430.0,5.0,20.0,50.0,2.0,2.0,300.0
2754,250.0,5.0,8.0,30.0,2.0,2.0,300.0
2755,400.0,20.0,20.0,30.0,6.0,2.0,300.0
2756,400.0,20.0,20.0,30.0,2.0,2.0,300.0
2757,350.0,5.0,20.0,30.0,6.0,2.0,300.0
2758,400.0,20.0,20.0,30.0,2.0,2.0,300.0
2759,430.0,5.0,20.0,50.0,2.0,2.0,300.0
2760,380.0,20.0,8.0,50.0,6.0,17.0,300.0
2761,350.0,5.0,20.0,30.0,2.0,2.0,300.0
2762,480.0,20.0,20.0,50.0,2.0,17.0,300.0
2763,400.0,20.0,20.0,30.0,6.0,2.0,300.0
2764,400.0,20.0,20.0,30.0,2.0,2.0,300.0
2765,480.0,20.0,20.0,50.0,2.0,17.0,300.0
2766,480.0,20.0,20.0,50.0,6.0,17.0,300.0
2767,330.0,5.0,8.0,50.0,2.0,17.0,300.0
2768,430.0,5.0,20.0,50.0,6.0,17.0,300.0
2769,400.0,20.0,20.0,30.0,2.0,2.0,300.0
2770,480.0,20.0,20.0,50.0,6.0,17.0,300.0
2771,480.0,20.0,20.0,50.0,2.0,17.0,300.0
2772,350.0,5.0,20.0,30.0,2.0,2.0,300.0
2773,430.0,5.0,20.0,50.0,6.0,2.0,300.0
2774,400.0,20.0,20.0,30.0,2.0,2.0,300.0
2775,480.0,20.0,20.0,50.0,2.0,2.0,300.0
2776,330.0,5.0,8.0,50.0,2.0,17.0,300.0
2777,400.0,20.0,20.0,30.0,2.0,2.0,300.0
2778,350.0,5.0,20.0,30.0,2.0,2.0,300.0
2779,430.0,5.0,20.0,50.0,6.0,17.0,300.0
2780,430.0,5.0,20.0,50.0,2.0,2.0,300.0
2781,400.0,20.0,20.0,30.0,2.0,2.0,300.0
2782,350.0,5.0,20.0,30.0,2.0,2.0,300.0
2783,350.0,5.0,20.0,30.0,2.0,2.0,300.0
2784,480.0,20.0,20.0,50.0,6.0,2.0,300.0
2785,480.0,20.0,20.0,50.0,6.0,2.0,300.0
2786,350.0,5.0,20.0,30.0,2.0,2.0,300.0
2787,430.0,5.0,20.0,50.0,2.0,17.0,300.0
2788,350.0,5.0,20.0,30.0,2.0,2.0,300.0
2789,400.0,20.0,20.0,30.0,6.0,2.0,300.0
2790,350.0,5.0,20.0,30.0,2.0,2.0,300.0
2791,250.0,5.0,8.0,30.0,2.0,2.0,300.0
2792,400.0,20.0,20.0,30.0,2.0,2.0,300.0
2793,250.0,5.0,8.0,30.0,2.0,2.0,300.0
2794,300.0,20.0,8.0,30.0,6.0,2.0,300.0
2795,350.0,5.0,20.0,30.0,2.0,2.0,300.0
2796,480.0,20.0,20.0,50.0,6.0,2.0,300.0
2797,430.0,5.0,20.0,50.0,2.0,2.0,300.0
2798,400.0,20.0,20.0,30.0,2.0,2.0,300.0
2799,350.0,5.0,20.0,30.0,6.0,2.0,300.0
2800,430.0,5.0,20.0,50.0,2.0,2.0,300.0
2801,400.0,20.0,20.0,30.0,2.0,2.0,300.0
2802,430.0,5.0,20.0,50.0,2.0,2.0,300.0
2803,250.0,5.0,8.0,30.0,2.0,2.0,300.0
2804,250.0,5.0,8.0,30.0,2.0,2.0,300.0
2805,430.0,5.0,20.0,50.0,6.0,17.0,300.0
2806,430.0,5.0,20.0,50.0,2.0,17.0,300.0
2807,480.0,20.0,20.0,50.0,2.0,17.0,300.0
2808,400.0,20.0,20.0,30.0,2.0,2.0,300.0
2809,400.0,20.0,20.0,30.0,2.0,2.0,300.0
2810,430.0,5.0,20.0,50.0,2.0,17.0,300.0
2811,350.0,5.0,20.0,30.0,2.0,2.0,300.0
2812,250.0,5.0,8.0,30.0,2.0,2.0,300.0
2813,400.0,20.0,20.0,30.0,2.0,2.0,300.0
2814,430.0,5.0,20.0,50.0,2.0,2.0,300.0
2815,480.0,20.0,20.0,50.0,2.0,17.0,300.0
2816,430.0,5.0,20.0,50.0,2.0,2.0,300.0
2817,380.0,20.0,8.0,50.0,2.0,2.0,300.0
2818,350.0,5.0,20.0,30.0,2.0,2.0,300.0
2819,430.0,5.0,20.0,50.0,2.0,2.0,300.0
2820,350.0,5.0,20.0,30.0,2.0,2.0,300.0
2821,430.0,5.0,20.0,50.0,6.0,17.0,300.0
2822,250.0,5.0,8.0,30.0,2.0,2.0,300.0
2823,350.0,5.0,20.0,30.0,2.0,2.0,300.0
2824,480.0,20.0,20.0,50.0,6.0,17.0,300.0
2825,430.0,5.0,20.0,50.0,6.0,2.0,300.0
2826,350.0,5.0,20.0,30.0,2.0,2.0,300.0
2827,480.0,20.0,20.0,50.0,2.0,2.0,300.0
2828,480.0,20.0,20.0,50.0,6.0,2.0,300.0
2829,430.0,5.0,20.0,50.0,6.0,2.0,300.0
2830,250.0,5.0,8.0,30.0,2.0,2.0,300.0
2831,350.0,5.0,20.0,30.0,2.0,2.0,300.0
2832,430.0,5.0,20.0,50.0,2.0,2.0,300.0
2833,430.0,5.0,20.0,50.0,6.0,17.0,300.0
2834,430.0,5.0,20.0,50.0,2.0,2.0,300.0
2835,400.0,20.0,20.0,30.0,2.0,2.0,300.0
2836,350.0,5.0,20.0,30.0,2.0,2.0,300.0
2837,480.0,20.0,20.0,50.0,2.0,2.0,300.0
2838,430.0,5.0,20.0,50.0,2.0,2.0,300.0
2839,430.0,5.0,20.0,50.0,6.0,17.0,300.0
2840,350.0,5.0,20.0,30.0,2.0,2.0,300.0
2841,400.0,20.0,20.0,30.0,2.0,2.0,300.0
2842,400.0,20.0,20.0,30.0,2.0,2.0,300.0
2843,430.0,5.0,20.0,50.0,6.0,2.0,300.0
2844,350.0,5.0,20.0,30.0,2.0,2.0,300.0
2845,300.0,20.0,8.0,30.0,2.0,2.0,300.0
2846,250.0,5.0,8.0,30.0,2.0,2.0,300.0
2847,430.0,5.0,20.0,50.0,2.0,17.0,300.0
2848,430.0,5.0,20.0,50.0,6.0,2.0,300.0
2849,480.0,20.0,20.0,50.0,2.0,2.0,300.0
2850,350.0,5.0,20.0,30.0,2.0,2.0,300.0
2851,430.0,5.0,20.0,50.0,2.0,17.0,300.0
2852,250.0,5.0,8.0,30.0,6.0,2.0,300.0
2853,350.0,5.0,20.0,30.0,2.0,2.0,300.0
2854,250.0,5.0,8.0,30.0,6.0,2.0,300.0
2855,400.0,20.0,20.0,30.0,2.0,2.0,300.0
2856,400.0,20.0,20.0,30.0,2.0,2.0,300.0
2857,480.0,20.0,20.0,50.0,6.0,2.0,300.0
2858,330.0,5.0,8.0,50.0,2.0,17.0,300.0
2859,400.0,20.0,20.0,30.0,2.0,2.0,300.0
2860,480.0,20.0,20.0,50.0,6.0,2.0,300.0
2861,400.0,20.0,20.0,30.0,2.0,2.0,300.0
2862,380.0,20.0,8.0,50.0,6.0,17.0,300.0
2863,400.0,20.0,20.0,30.0,2.0,2.0,300.0
2864,350.0,5.0,20.0,30.0,2.0,2.0,300.0
2865,430.0,5.0,20.0,50.0,2.0,2.0,300.0
2866,350.0,5.0,20.0,30.0,6.0,2.0,300.0
2867,400.0,20.0,20.0,30.0,2.0,2.0,300.0
2868,430.0,5.0,20.0,50.0,2.0,17.0,300.0
2869,480.0,20.0,20.0,50.0,2.0,2.0,300.0
2870,480.0,20.0,20.0,50.0,6.0,2.0,300.0
2871,300.0,20.0,8.0,30.0,2.0,2.0,300.0
2872,350.0,5.0,20.0,30.0,2.0,2.0,300.0
2873,480.0,20.0,20.0,50.0,2.0,2.0,300.0
2874,480.0,20.0,20.0,50.0,2.0,2.0,300.0
2875,380.0,20.0,8.0,50.0,6.0,2.0,300.0
2876,430.0,5.0,20.0,50.0,2.0,17.0,300.0
2877,430.0,5.0,20.0,50.0,6.0,17.0,300.0
2878,430.0,5.0,20.0,50.0,2.0,2.0,300.0
2879,330.0,5.0,8.0,50.0,2.0,17.0,300.0
2880,480.0,20.0,20.0,50.0,2.0,2.0,300.0
2881,250.0,5.0,8.0,30.0,2.0,2.0,300.0
2882,480.0,20.0,20.0,50.0,2.0,2.0,300.0
2883,250.0,5.0,8.0,30.0,2.0,2.0,300.0
2884,350.0,5.0,20.0,30.0,2.0,2.0,300.0
2885,250.0,5.0,8.0,30.0,2.0,2.0,300.0
2886,350.0,5.0,20.0,30.0,2.0,2.0,300.0
2887,430.0,5.0,20.0,50.0,2.0,2.0,300.0
2888,430.0,5.0,20.0,50.0,2.0,2.0,300.0
2889,480.0,20.0,20.0,50.0,2.0,2.0,300.0
2890,480.0,20.0,20.0,50.0,2.0,17.0,300.0
2891,480.0,20.0,20.0,50.0,2.0,2.0,300.0
2892,480.0,20.0,20.0,50.0,6.0,2.0,300.0
2893,350.0,5.0,20.0,30.0,6.0,2.0,300.0
2894,350.0,5.0,20.0,30.0,2.0,2.0,300.0
2895,330.0,5.0,8.0,50.0,2.0,17.0,300.0
2896,330.0,5.0,8.0,50.0,2.0,17.0,300.0
2897,250.0,5.0,8.0,30.0,2.0,2.0,300.0
2898,250.0,5.0,8.0,30.0,2.0,2.0,300.0
2899,250.0,5.0,8.0,30.0,2.0,2.0,300.0
2900,400.0,20.0,20.0,30.0,2.0,2.0,300.0
2901,430.0,5.0,20.0,50.0,2.0,2.0,300.0
2902,430.0,5.0,20.0,50.0,2.0,17.0,300.0
2903,400.0,20.0,20.0,30.0,2.0,2.0,300.0
2904,330.0,5.0,8.0,50.0,6.0,2.0,300.0
2905,400.0,20.0,20.0,30.0,2.0,2.0,300.0
2906,350.0,5.0,20.0,30.0,6.0,2.0,300.0
2907,250.0,5.0,8.0,30.0,2.0,2.0,300.0
2908,430.0,5.0,20.0,50.0,2.0,17.0,300.0
2909,480.0,20.0,20.0,50.0,2.0,17.0,300.0
2910,430.0,5.0,20.0,50.0,6.0,2.0,300.0
2911,430.0,5.0,20.0,50.0,2.0,2.0,300.0
2912,350.0,5.0,20.0,30.0,2.0,2.0,300.0
2913,480.0,20.0,20.0,50.0,6.0,17.0,300.0
2914,430.0,5.0,20.0,50.0,2.0,17.0,300.0
2915,430.0,5.0,20.0,50.0,6.0,2.0,300.0
2916,250.0,5.0,8.0,30.0,2.0,2.0,300.0
2917,430.0,5.0,20.0,50.0,2.0,2.0,300.0
2918,430.0,5.0,20.0,50.0,2.0,2.0,300.0
2919,430.0,5.0,20.0,50.0,2.0,2.0,300.0
2920,330.0,5.0,8.0,50.0,2.0,17.0,300.0
2921,430.0,5.0,20.0,50.0,2.0,2.0,300.0
2922,400.0,20.0,20.0,30.0,2.0,2.0,300.0
2923,480.0,20.0,20.0,50.0,2.0,2.0,300.0
2924,430.0,5.0,20.0,50.0,2.0,2.0,300.0
2925,400.0,20.0,20.0,30.0,2.0,2.0,300.0
2926,430.0,5.0,20.0,50.0,2.0,17.0,300.0
2927,350.0,5.0,20.0,30.0,2.0,2.0,300.0
2928,250.0,5.0,8.0,30.0,2.0,2.0,300.0
2929,430.0,5.0,20.0,50.0,2.0,2.0,300.0
2930,480.0,20.0,20.0,50.0,2.0,17.0,300.0
2931,400.0,20.0,20.0,30.0,2.0,2.0,300.0
2932,250.0,5.0,8.0,30.0,2.0,2.0,300.0
2933,430.0,5.0,20.0,50.0,2.0,17.0,300.0
2934,430.0,5.0,20.0,50.0,2.0,17.0,300.0
2935,400.0,20.0,20.0,30.0,6.0,2.0,300.0
2936,480.0,20.0,20.0,50.0,6.0,17.0,300.0
2937,400.0,20.0,20.0,30.0,2.0,2.0,300.0
2938,400.0,20.0,20.0,30.0,2.0,2.0,300.0
2939,250.0,5.0,8.0,30.0,2.0,2.0,300.0
2940,480.0,20.0,20.0,50.0,6.0,2.0,300.0
2941,250.0,5.0,8.0,30.0,2.0,2.0,300.0
2942,480.0,20.0,20.0,50.0,2.0,2.0,300.0
2943,430.0,5.0,20.0,50.0,2.0,2.0,300.0
2944,480.0,20.0,20.0,50.0,2.0,17.0,300.0
2945,300.0,20.0,8.0,30.0,6.0,2.0,300.0
2946,430.0,5.0,20.0,50.0,2.0,2.0,300.0
2947,430.0,5.0,20.0,50.0,6.0,2.0,300.0
2948,480.0,20.0,20.0,50.0,2.0,2.0,300.0
2949,250.0,5.0,8.0,30.0,2.0,2.0,300.0
2950,430.0,5.0,20.0,50.0,6.0,17.0,300.0
2951,400.0,20.0,20.0,30.0,2.0,2.0,300.0
2952,350.0,5.0,20.0,30.0,2.0,2.0,300.0
2953,380.0,20.0,8.0,50.0,2.0,17.0,300.0
2954,350.0,5.0,20.0,30.0,2.0,2.0,300.0
2955,480.0,20.0,20.0,50.0,2.0,2.0,300.0
2956,400.0,20.0,20.0,30.0,2.0,2.0,300.0
2957,430.0,5.0,20.0,50.0,2.0,17.0,300.0
2958,250.0,5.0,8.0,30.0,2.0,2.0,300.0
2959,250.0,5.0,8.0,30.0,2.0,2.0,300.0
2960,400.0,20.0,20.0,30.0,2.0,2.0,300.0
2961,250.0,5.0,8.0,30.0,2.0,2.0,300.0
2962,480.0,20.0,20.0,50.0,6.0,2.0,300.0
2963,430.0,5.0,20.0,50.0,2.0,17.0,300.0
2964,430.0,5.0,20.0,50.0,2.0,2.0,300.0
2965,400.0,20.0,20.0,30.0,2.0,2.0,300.0
2966,350.0,5.0,20.0,30.0,2.0,2.0,300.0
2967,430.0,5.0,20.0,50.0,2.0,17.0,300.0
2968,430.0,5.0,20.0,50.0,2.0,2.0,300.0
2969,250.0,5.0,8.0,30.0,2.0,2.0,300.0
2970,400.0,20.0,20.0,30.0,6.0,2.0,300.0
2971,350.0,5.0,20.0,30.0,2.0,2.0,300.0
2972,250.0,5.0,8.0,30.0,2.0,2.0,300.0
2973,480.0,20.0,20.0,50.0,2.0,2.0,300.0
2974,250.0,5.0,8.0,30.0,2.0,2.0,300.0
2975,250.0,5.0,8.0,30.0,2.0,2.0,300.0
2976,430.0,5.0,20.0,50.0,6.0,2.0,300.0
2977,430.0,5.0,20.0,50.0,2.0,2.0,300.0
2978,480.0,20.0,20.0,50.0,2.0,17.0,300.0
2979,480.0,20.0,20.0,50.0,6.0,2.0,300.0
2980,250.0,5.0,8.0,30.0,2.0,2.0,300.0
2981,350.0,5.0,20.0,30.0,2.0,2.0,300.0
2982,480.0,20.0,20.0,50.0,2.0,2.0,300.0
2983,480.0,20.0,20.0,50.0,6.0,17.0,300.0
2984,250.0,5.0,8.0,30.0,2.0,2.0,300.0
2985,400.0,20.0,20.0,30.0,2.0,2.0,300.0
2986,250.0,5.0,8.0,30.0,2.0,2.0,300.0
2987,350.0,5.0,20.0,30.0,2.0,2.0,300.0
2988,380.0,20.0,8.0,50.0,6.0,17.0,300.0
2989,430.0,5.0,20.0,50.0,2.0,2.0,300.0
2990,250.0,5.0,8.0,30.0,2.0,2.0,300.0
2991,250.0,5.0,8.0,30.0,2.0,2.0,300.0
2992,430.0,5.0,20.0,50.0,2.0,17.0,300.0
2993,400.0,20.0,20.0,30.0,2.0,2.0,300.0
2994,430.0,5.0,20.0,50.0,6.0,2.0,300.0
2995,250.0,5.0,8.0,30.0,2.0,2.0,300.0
2996,250.0,5.0,8.0,30.0,2.0,2.0,300.0
2997,480.0,20.0,20.0,50.0,6.0,2.0,300.0
2998,480.0,20.0,20.0,50.0,6.0,17.0,300.0
2999,380.0,20.0,8.0,50.0,2.0,2.0,300.0
3000,480.0,20.0,20.0,50.0,2.0,2.0,300.0
3001,400.0,20.0,20.0,30.0,2.0,2.0,300.0
3002,400.0,20.0,20.0,30.0,6.0,2.0,300.0
3003,350.0,5.0,20.0,30.0,6.0,2.0,300.0
3004,400.0,20.0,20.0,30.0,2.0,2.0,300.0
3005,330.0,5.0,8.0,50.0,2.0,17.0,300.0
3006,480.0,20.0,20.0,50.0,2.0,2.0,300.0
3007,250.0,5.0,8.0,30.0,2.0,2.0,300.0
3008,430.0,5.0,20.0,50.0,2.0,17.0,300.0
3009,250.0,5.0,8.0,30.0,2.0,2.0,300.0
3010,250.0,5.0,8.0,30.0,2.0,2.0,300.0
3011,300.0,20.0,8.0,30.0,2.0,2.0,300.0
3012,480.0,20.0,20.0,50.0,2.0,17.0,300.0
3013,430.0,5.0,20.0,50.0,2.0,17.0,300.0
3014,430.0,5.0,20.0,50.0,2.0,2.0,300.0
3015,480.0,20.0,20.0,50.0,2.0,2.0,300.0
3016,250.0,5.0,8.0,30.0,2.0,2.0,300.0
3017,480.0,20.0,20.0,50.0,6.0,2.0,300.0
3018,300.0,20.0,8.0,30.0,2.0,2.0,300.0
3019,400.0,20.0,20.0,30.0,2.0,2.0,300.0
3020,330.0,5.0,8.0,50.0,2.0,17.0,300.0
3021,480.0,20.0,20.0,50.0,2.0,2.0,300.0
3022,430.0,5.0,20.0,50.0,2.0,17.0,300.0
3023,430.0,5.0,20.0,50.0,6.0,2.0,300.0
3024,400.0,20.0,20.0,30.0,2.0,2.0,300.0
3025,480.0,20.0,20.0,50.0,6.0,2.0,300.0
3026,480.0,20.0,20.0,50.0,2.0,17.0,300.0
3027,480.0,20.0,20.0,50.0,2.0,17.0,300.0
3028,400.0,20.0,20.0,30.0,6.0,2.0,300.0
3029,430.0,5.0,20.0,50.0,2.0,17.0,300.0
3030,480.0,20.0,20.0,50.0,2.0,17.0,300.0
3031,400.0,20.0,20.0,30.0,2.0,2.0,300.0
3032,480.0,20.0,20.0,50.0,2.0,2.0,300.0
3033,480.0,20.0,20.0,50.0,6.0,17.0,300.0
3034,380.0,20.0,8.0,50.0,2.0,2.0,300.0
3035,480.0,20.0,20.0,50.0,2.0,2.0,300.0
3036,480.0,20.0,20.0,50.0,2.0,2.0,300.0
3037,480.0,20.0,20.0,50.0,6.0,2.0,300.0
3038,430.0,5.0,20.0,50.0,2.0,2.0,300.0
3039,430.0,5.0,20.0,50.0,2.0,2.0,300.0
3040,250.0,5.0,8.0,30.0,2.0,2.0,300.0
3041,430.0,5.0,20.0,50.0,2.0,2.0,300.0
3042,480.0,20.0,20.0,50.0,6.0,2.0,300.0
3043,400.0,20.0,20.0,30.0,2.0,2.0,300.0
3044,430.0,5.0,20.0,50.0,2.0,2.0,300.0
3045,480.0,20.0,20.0,50.0,6.0,2.0,300.0
3046,430.0,5.0,20.0,50.0,2.0,2.0,300.0
3047,430.0,5.0,20.0,50.0,6.0,2.0,300.0
3048,430.0,5.0,20.0,50.0,2.0,17.0,300.0
3049,480.0,20.0,20.0,50.0,2.0,2.0,300.0
3050,250.0,5.0,8.0,30.0,2.0,2.0,300.0
3051,400.0,20.0,20.0,30.0,2.0,2.0,300.0
3052,400.0,20.0,20.0,30.0,6.0,2.0,300.0
3053,430.0,5.0,20.0,50.0,2.0,17.0,300.0
3054,400.0,20.0,20.0,30.0,2.0,2.0,300.0
3055,350.0,5.0,20.0,30.0,2.0,2.0,300.0
3056,430.0,5.0,20.0,50.0,2.0,17.0,300.0
3057,430.0,5.0,20.0,50.0,2.0,2.0,300.0
3058,430.0,5.0,20.0,50.0,2.0,2.0,300.0
3059,480.0,20.0,20.0,50.0,2.0,17.0,300.0
3060,430.0,5.0,20.0,50.0,2.0,17.0,300.0
3061,400.0,20.0,20.0,30.0,2.0,2.0,300.0
3062,430.0,5.0,20.0,50.0,2.0,2.0,300.0
3063,330.0,5.0,8.0,50.0,2.0,17.0,300.0
3064,430.0,5.0,20.0,50.0,2.0,17.0,300.0
3065,430.0,5.0,20.0,50.0,6.0,17.0,300.0
3066,350.0,5.0,20.0,30.0,2.0,2.0,300.0
3067,250.0,5.0,8.0,30.0,2.0,2.0,300.0
3068,480.0,20.0,20.0,50.0,6.0,2.0,300.0
3069,400.0,20.0,20.0,30.0,2.0,2.0,300.0
3070,480.0,20.0,20.0,50.0,6.0,17.0,300.0
3071,480.0,20.0,20.0,50.0,2.0,2.0,300.0
3072,300.0,20.0,8.0,30.0,6.0,2.0,300.0
3073,400.0,20.0,20.0,30.0,2.0,2.0,300.0
3074,430.0,5.0,20.0,50.0,2.0,17.0,300.0
3075,480.0,20.0,20.0,50.0,6.0,17.0,300.0
3076,250.0,5.0,8.0,30.0,2.0,2.0,300.0
3077,480.0,20.0,20.0,50.0,2.0,17.0,300.0
3078,400.0,20.0,20.0,30.0,2.0,2.0,300.0
3079,480.0,20.0,20.0,50.0,2.0,2.0,300.0
3080,480.0,20.0,20.0,50.0,6.0,2.0,300.0
3081,480.0,20.0,20.0,50.0,2.0,2.0,300.0
3082,350.0,5.0,20.0,30.0,2.0,2.0,300.0
3083,480.0,20.0,20.0,50.0,2.0,2.0,300.0
3084,330.0,5.0,8.0,50.0,6.0,17.0,300.0
3085,430.0,5.0,20.0,50.0,2.0,2.0,300.0
3086,430.0,5.0,20.0,50.0,6.0,2.0,300.0
3087,250.0,5.0,8.0,30.0,2.0,2.0,300.0
3088,430.0,5.0,20.0,50.0,6.0,2.0,300.0
3089,430.0,5.0,20.0,50.0,2.0,17.0,300.0
3090,400.0,20.0,20.0,30.0,6.0,2.0,300.0
3091,400.0,20.0,20.0,30.0,2.0,2.0,300.0
3092,430.0,5.0,20.0,50.0,2.0,17.0,300.0
3093,250.0,5.0,8.0,30.0,2.0,2.0,300.0
3094,430.0,5.0,20.0,50.0,2.0,17.0,300.0
3095,330.0,5.0,8.0,50.0,2.0,17.0,300.0
3096,250.0,5.0,8.0,30.0,2.0,2.0,300.0
3097,480.0,20.0,20.0,50.0,2.0,2.0,300.0
3098,300.0,20.0,8.0,30.0,2.0,2.0,300.0
3099,430.0,5.0,20.0,50.0,2.0,17.0,300.0
3100,480.0,20.0,20.0,50.0,2.0,2.0,300.0
3101,350.0,5.0,20.0,30.0,6.0,2.0,300.0
3102,300.0,20.0,8.0,30.0,6.0,2.0,300.0
3103,400.0,20.0,20.0,30.0,2.0,2.0,300.0
3104,250.0,5.0,8.0,30.0,2.0,2.0,300.0
3105,480.0,20.0,20.0,50.0,6.0,2.0,300.0
3106,430.0,5.0,20.0,50.0,2.0,17.0,300.0
3107,430.0,5.0,20.0,50.0,2.0,17.0,300.0
3108,430.0,5.0,20.0,50.0,2.0,17.0,300.0
3109,480.0,20.0,20.0,50.0,6.0,2.0,300.0
3110,350.0,5.0,20.0,30.0,2.0,2.0,300.0
3111,350.0,5.0,20.0,30.0,2.0,2.0,300.0
3112,400.0,20.0,20.0,30.0,2.0,2.0,300.0
3113,250.0,5.0,8.0,30.0,2.0,2.0,300.0
3114,480.0,20.0,20.0,50.0,2.0,17.0,300.0
3115,480.0,20.0,20.0,50.0,6.0,17.0,300.0
3116,430.0,5.0,20.0,50.0,2.0,17.0,300.0
3117,430.0,5.0,20.0,50.0,2.0,17.0,300.0
3118,430.0,5.0,20.0,50.0,2.0,2.0,300.0
3119,430.0,5.0,20.0,50.0,2.0,17.0,300.0
3120,430.0,5.0,20.0,50.0,2.0,17.0,300.0
3121,430.0,5.0,20.0,50.0,2.0,17.0,300.0
3122,300.0,20.0,8.0,30.0,6.0,2.0,300.0
3123,480.0,20.0,20.0,50.0,2.0,17.0,300.0
3124,250.0,5.0,8.0,30.0,6.0,2.0,300.0
3125,350.0,5.0,20.0,30.0,2.0,2.0,300.0
3126,430.0,5.0,20.0,50.0,2.0,17.0,300.0
3127,350.0,5.0,20.0,30.0,2.0,2.0,300.0
3128,430.0,5.0,20.0,50.0,2.0,2.0,300.0
3129,250.0,5.0,8.0,30.0,2.0,2.0,300.0
3130,350.0,5.0,20.0,30.0,2.0,2.0,300.0
3131,400.0,20.0,20.0,30.0,6.0,2.0,300.0
3132,480.0,20.0,20.0,50.0,2.0,2.0,300.0
3133,250.0,5.0,8.0,30.0,2.0,2.0,300.0
3134,430.0,5.0,20.0,50.0,2.0,17.0,300.0
3135,430.0,5.0,20.0,50.0,2.0,2.0,300.0
3136,430.0,5.0,20.0,50.0,6.0,2.0,300.0
3137,480.0,20.0,20.0,50.0,2.0,17.0,300.0
3138,400.0,20.0,20.0,30.0,2.0,2.0,300.0
3139,480.0,20.0,20.0,50.0,2.0,2.0,300.0
3140,400.0,20.0,20.0,30.0,2.0,2.0,300.0
3141,480.0,20.0,20.0,50.0,2.0,2.0,300.0
3142,350.0,5.0,20.0,30.0,2.0,2.0,300.0
3143,350.0,5.0,20.0,30.0,2.0,2.0,300.0
3144,430.0,5.0,20.0,50.0,2.0,17.0,300.0
3145,430.0,5.0,20.0,50.0,2.0,2.0,300.0
3146,430.0,5.0,20.0,50.0,6.0,2.0,300.0
3147,380.0,20.0,8.0,50.0,2.0,17.0,300.0
3148,400.0,20.0,20.0,30.0,2.0,2.0,300.0
3149,400.0,20.0,20.0,30.0,2.0,2.0,300.0
3150,430.0,5.0,20.0,50.0,2.0,2.0,300.0
3151,480.0,20.0,20.0,50.0,6.0,17.0,300.0
3152,480.0,20.0,20.0,50.0,2.0,2.0,300.0
3153,430.0,5.0,20.0,50.0,2.0,2.0,300.0
3154,400.0,20.0,20.0,30.0,2.0,2.0,300.0
3155,250.0,5.0,8.0,30.0,2.0,2.0,300.0
3156,480.0,20.0,20.0,50.0,2.0,2.0,300.0
3157,400.0,20.0,20.0,30.0,2.0,2.0,300.0
3158,430.0,5.0,20.0,50.0,2.0,17.0,300.0
3159,430.0,5.0,20.0,50.0,2.0,2.0,300.0
3160,250.0,5.0,8.0,30.0,2.0,2.0,300.0
3161,350.0,5.0,20.0,30.0,2.0,2.0,300.0
3162,350.0,5.0,20.0,30.0,2.0,2.0,300.0
3163,430.0,5.0,20.0,50.0,6.0,17.0,300.0
3164,480.0,20.0,20.0,50.0,6.0,2.0,300.0
3165,350.0,5.0,20.0,30.0,2.0,2.0,300.0
3166,430.0,5.0,20.0,50.0,2.0,2.0,300.0
3167,400.0,20.0,20.0,30.0,2.0,2.0,300.0
3168,250.0,5.0,8.0,30.0,2.0,2.0,300.0
3169,430.0,5.0,20.0,50.0,2.0,17.0,300.0
3170,480.0,20.0,20.0,50.0,2.0,2.0,300.0
3171,400.0,20.0,20.0,30.0,2.0,2.0,300.0
3172,400.0,20.0,20.0,30.0,2.0,2.0,300.0
3173,400.0,20.0,20.0,30.0,2.0,2.0,300.0
3174,480.0,20.0,20.0,50.0,2.0,17.0,300.0
3175,250.0,5.0,8.0,30.0,2.0,2.0,300.0
3176,480.0,20.0,20.0,50.0,2.0,17.0,300.0
3177,430.0,5.0,20.0,50.0,2.0,17.0,300.0
3178,430.0,5.0,20.0,50.0,2.0,2.0,300.0
3179,330.0,5.0,8.0,50.0,2.0,17.0,300.0
3180,480.0,20.0,20.0,50.0,2.0,2.0,300.0
3181,480.0,20.0,20.0,50.0,6.0,2.0,300.0
3182,480.0,20.0,20.0,50.0,6.0,2.0,300.0
3183,480.0,20.0,20.0,50.0,2.0,2.0,300.0
3184,400.0,20.0,20.0,30.0,2.0,2.0,300.0
3185,430.0,5.0,20.0,50.0,2.0,17.0,300.0
3186,430.0,5.0,20.0,50.0,2.0,2.0,300.0
3187,430.0,5.0,20.0,50.0,2.0,17.0,300.0
3188,430.0,5.0,20.0,50.0,2.0,2.0,300.0
3189,480.0,20.0,20.0,50.0,2.0,17.0,300.0
3190,350.0,5.0,20.0,30.0,2.0,2.0,300.0
3191,430.0,5.0,20.0,50.0,2.0,17.0,300.0
3192,350.0,5.0,20.0,30.0,2.0,2.0,300.0
3193,430.0,5.0,20.0,50.0,2.0,2.0,300.0
3194,430.0,5.0,20.0,50.0,2.0,2.0,300.0
3195,480.0,20.0,20.0,50.0,2.0,17.0,300.0
3196,430.0,5.0,20.0,50.0,2.0,2.0,300.0
3197,430.0,5.0,20.0,50.0,2.0,2.0,300.0
3198,330.0,5.0,8.0,50.0,2.0,17.0,300.0
3199,430.0,5.0,20.0,50.0,6.0,17.0,300.0
3200,480.0,20.0,20.0,50.0,6.0,2.0,300.0
3201,250.0,5.0,8.0,30.0,2.0,2.0,300.0
3202,430.0,5.0,20.0,50.0,6.0,2.0,300.0
3203,430.0,5.0,20.0,50.0,2.0,2.0,300.0
3204,400.0,20.0,20.0,30.0,6.0,2.0,300.0
3205,480.0,20.0,20.0,50.0,6.0,2.0,300.0
3206,480.0,20.0,20.0,50.0,2.0,17.0,300.0
3207,430.0,5.0,20.0,50.0,2.0,2.0,300.0
3208,250.0,5.0,8.0,30.0,2.0,2.0,300.0
3209,480.0,20.0,20.0,50.0,2.0,17.0,300.0
3210,430.0,5.0,20.0,50.0,2.0,2.0,300.0
3211,430.0,5.0,20.0,50.0,6.0,2.0,300.0
3212,400.0,20.0,20.0,30.0,2.0,2.0,300.0
3213,430.0,5.0,20.0,50.0,6.0,2.0,300.0
3214,480.0,20.0,20.0,50.0,2.0,17.0,300.0
3215,480.0,20.0,20.0,50.0,6.0,17.0,300.0
3216,430.0,5.0,20.0,50.0,2.0,2.0,300.0
3217,350.0,5.0,20.0,30.0,2.0,2.0,300.0
3218,400.0,20.0,20.0,30.0,2.0,2.0,300.0
3219,400.0,20.0,20.0,30.0,6.0,2.0,300.0
3220,430.0,5.0,20.0,50.0,6.0,2.0,300.0
3221,480.0,20.0,20.0,50.0,2.0,2.0,300.0
3222,400.0,20.0,20.0,30.0,2.0,2.0,300.0
3223,430.0,5.0,20.0,50.0,2.0,2.0,300.0
3224,300.0,20.0,8.0,30.0,2.0,2.0,300.0
3225,330.0,5.0,8.0,50.0,2.0,17.0,300.0
3226,350.0,5.0,20.0,30.0,2.0,2.0,300.0
3227,400.0,20.0,20.0,30.0,6.0,2.0,300.0
3228,480.0,20.0,20.0,50.0,2.0,2.0,300.0
3229,480.0,20.0,20.0,50.0,2.0,17.0,300.0
3230,430.0,5.0,20.0,50.0,2.0,17.0,300.0
3231,350.0,5.0,20.0,30.0,2.0,2.0,300.0
3232,430.0,5.0,20.0,50.0,2.0,17.0,300.0
3233,480.0,20.0,20.0,50.0,2.0,2.0,300.0
3234,480.0,20.0,20.0,50.0,2.0,2.0,300.0
3235,250.0,5.0,8.0,30.0,2.0,2.0,300.0
3236,430.0,5.0,20.0,50.0,2.0,2.0,300.0
3237,350.0,5.0,20.0,30.0,2.0,2.0,300.0
3238,480.0,20.0,20.0,50.0,2.0,17.0,300.0
3239,480.0,20.0,20.0,50.0,6.0,2.0,300.0
3240,380.0,20.0,8.0,50.0,2.0,17.0,300.0
3241,480.0,20.0,20.0,50.0,2.0,2.0,300.0
3242,480.0,20.0,20.0,50.0,6.0,2.0,300.0
3243,480.0,20.0,20.0,50.0,2.0,2.0,300.0
3244,350.0,5.0,20.0,30.0,2.0,2.0,300.0
3245,430.0,5.0,20.0,50.0,2.0,17.0,300.0
3246,480.0,20.0,20.0,50.0,2.0,2.0,300.0
3247,430.0,5.0,20.0,50.0,2.0,2.0,300.0
3248,430.0,5.0,20.0,50.0,2.0,17.0,300.0
3249,480.0,20.0,20.0,50.0,2.0,2.0,300.0
3250,350.0,5.0,20.0,30.0,2.0,2.0,300.0
3251,350.0,5.0,20.0,30.0,6.0,2.0,300.0
3252,400.0,20.0,20.0,30.0,2.0,2.0,300.0
3253,480.0,20.0,20.0,50.0,2.0,2.0,300.0
3254,350.0,5.0,20.0,30.0,2.0,2.0,300.0
3255,480.0,20.0,20.0,50.0,2.0,17.0,300.0
3256,350.0,5.0,20.0,30.0,2.0,2.0,300.0
3257,430.0,5.0,20.0,50.0,2.0,2.0,300.0
3258,300.0,20.0,8.0,30.0,2.0,2.0,300.0
3259,480.0,20.0,20.0,50.0,2.0,17.0,300.0
3260,480.0,20.0,20.0,50.0,2.0,2.0,300.0
3261,430.0,5.0,20.0,50.0,2.0,2.0,300.0
3262,330.0,5.0,8.0,50.0,2.0,2.0,300.0
3263,350.0,5.0,20.0,30.0,2.0,2.0,300.0
3264,330.0,5.0,8.0,50.0,2.0,17.0,300.0
3265,480.0,20.0,20.0,50.0,2.0,2.0,300.0
3266,300.0,20.0,8.0,30.0,6.0,2.0,300.0
3267,250.0,5.0,8.0,30.0,2.0,2.0,300.0
3268,480.0,20.0,20.0,50.0,6.0,17.0,300.0
3269,480.0,20.0,20.0,50.0,2.0,17.0,300.0
3270,350.0,5.0,20.0,30.0,2.0,2.0,300.0
3271,430.0,5.0,20.0,50.0,6.0,2.0,300.0
3272,300.0,20.0,8.0,30.0,2.0,2.0,300.0
3273,480.0,20.0,20.0,50.0,6.0,17.0,300.0
3274,400.0,20.0,20.0,30.0,2.0,2.0,300.0
3275,480.0,20.0,20.0,50.0,2.0,2.0,300.0
3276,480.0,20.0,20.0,50.0,2.0,2.0,300.0
3277,480.0,20.0,20.0,50.0,2.0,2.0,300.0
3278,250.0,5.0,8.0,30.0,2.0,2.0,300.0
3279,400.0,20.0,20.0,30.0,6.0,2.0,300.0
3280,430.0,5.0,20.0,50.0,6.0,17.0,300.0
3281,430.0,5.0,20.0,50.0,2.0,17.0,300.0
3282,480.0,20.0,20.0,50.0,2.0,2.0,300.0
3283,350.0,5.0,20.0,30.0,2.0,2.0,300.0
3284,380.0,20.0,8.0,50.0,2.0,17.0,300.0
3285,480.0,20.0,20.0,50.0,2.0,17.0,300.0
3286,400.0,20.0,20.0,30.0,2.0,2.0,300.0
3287,400.0,20.0,20.0,30.0,2.0,2.0,300.0
3288,430.0,5.0,20.0,50.0,6.0,2.0,300.0
3289,400.0,20.0,20.0,30.0,2.0,2.0,300.0
3290,250.0,5.0,8.0,30.0,2.0,2.0,300.0
3291,480.0,20.0,20.0,50.0,2.0,17.0,300.0
3292,350.0,5.0,20.0,30.0,6.0,2.0,300.0
3293,400.0,20.0,20.0,30.0,6.0,2.0,300.0
3294,250.0,5.0,8.0,30.0,2.0,2.0,300.0
3295,430.0,5.0,20.0,50.0,6.0,2.0,300.0
3296,480.0,20.0,20.0,50.0,2.0,2.0,300.0
3297,330.0,5.0,8.0,50.0,2.0,17.0,300.0
3298,400.0,20.0,20.0,30.0,2.0,2.0,300.0
3299,350.0,5.0,20.0,30.0,2.0,2.0,300.0
3300,400.0,20.0,20.0,30.0,6.0,2.0,300.0
3301,430.0,5.0,20.0,50.0,2.0,17.0,300.0
3302,300.0,20.0,8.0,30.0,2.0,2.0,300.0
3303,350.0,5.0,20.0,30.0,2.0,2.0,300.0
3304,400.0,20.0,20.0,30.0,2.0,2.0,300.0
3305,430.0,5.0,20.0,50.0,6.0,17.0,300.0
3306,350.0,5.0,20.0,30.0,2.0,2.0,300.0
3307,350.0,5.0,20.0,30.0,2.0,2.0,300.0
3308,300.0,20.0,8.0,30.0,2.0,2.0,300.0
3309,480.0,20.0,20.0,50.0,2.0,17.0,300.0
3310,430.0,5.0,20.0,50.0,2.0,2.0,300.0
3311,400.0,20.0,20.0,30.0,2.0,2.0,300.0
3312,430.0,5.0,20.0,50.0,2.0,17.0,300.0
3313,250.0,5.0,8.0,30.0,2.0,2.0,300.0
3314,330.0,5.0,8.0,50.0,2.0,2.0,300.0
3315,400.0,20.0,20.0,30.0,6.0,2.0,300.0
3316,350.0,5.0,20.0,30.0,2.0,2.0,300.0
3317,480.0,20.0,20.0,50.0,2.0,17.0,300.0
3318,400.0,20.0,20.0,30.0,2.0,2.0,300.0
3319,480.0,20.0,20.0,50.0,6.0,2.0,300.0
3320,350.0,5.0,20.0,30.0,2.0,2.0,300.0
3321,250.0,5.0,8.0,30.0,2.0,2.0,300.0
3322,350.0,5.0,20.0,30.0,2.0,2.0,300.0
3323,350.0,5.0,20.0,30.0,6.0,2.0,300.0
3324,400.0,20.0,20.0,30.0,2.0,2.0,300.0
3325,300.0,20.0,8.0,30.0,2.0,2.0,300.0
3326,250.0,5.0,8.0,30.0,2.0,2.0,300.0
3327,480.0,20.0,20.0,50.0,2.0,2.0,300.0
3328,480.0,20.0,20.0,50.0,2.0,2.0,300.0
3329,480.0,20.0,20.0,50.0,6.0,2.0,300.0
3330,250.0,5.0,8.0,30.0,2.0,2.0,300.0
3331,430.0,5.0,20.0,50.0,2.0,17.0,300.0
3332,430.0,5.0,20.0,50.0,2.0,2.0,300.0
3333,400.0,20.0,20.0,30.0,6.0,2.0,300.0
3334,430.0,5.0,20.0,50.0,6.0,2.0,300.0
3335,430.0,5.0,20.0,50.0,2.0,2.0,300.0
3336,480.0,20.0,20.0,50.0,2.0,2.0,300.0
3337,330.0,5.0,8.0,50.0,2.0,17.0,300.0
3338,300.0,20.0,8.0,30.0,2.0,2.0,300.0
3339,400.0,20.0,20.0,30.0,6.0,2.0,300.0
3340,400.0,20.0,20.0,30.0,2.0,2.0,300.0
3341,350.0,5.0,20.0,30.0,2.0,2.0,300.0
3342,430.0,5.0,20.0,50.0,2.0,17.0,300.0
3343,480.0,20.0,20.0,50.0,2.0,17.0,300.0
3344,430.0,5.0,20.0,50.0,2.0,2.0,300.0
3345,430.0,5.0,20.0,50.0,2.0,2.0,300.0
3346,480.0,20.0,20.0,50.0,6.0,17.0,300.0
3347,400.0,20.0,20.0,30.0,2.0,2.0,300.0
3348,430.0,5.0,20.0,50.0,6.0,17.0,300.0
3349,480.0,20.0,20.0,50.0,2.0,2.0,300.0
3350,350.0,5.0,20.0,30.0,2.0,2.0,300.0
3351,480.0,20.0,20.0,50.0,2.0,17.0,300.0
3352,250.0,5.0,8.0,30.0,2.0,2.0,300.0
3353,400.0,20.0,20.0,30.0,2.0,2.0,300.0
3354,430.0,5.0,20.0,50.0,2.0,17.0,300.0
3355,350.0,5.0,20.0,30.0,2.0,2.0,300.0
3356,480.0,20.0,20.0,50.0,6.0,2.0,300.0
3357,480.0,20.0,20.0,50.0,2.0,17.0,300.0
3358,400.0,20.0,20.0,30.0,2.0,2.0,300.0
3359,250.0,5.0,8.0,30.0,2.0,2.0,300.0
3360,430.0,5.0,20.0,50.0,2.0,2.0,300.0
3361,480.0,20.0,20.0,50.0,2.0,17.0,300.0
3362,430.0,5.0,20.0,50.0,6.0,2.0,300.0
3363,430.0,5.0,20.0,50.0,2.0,17.0,300.0
3364,400.0,20.0,20.0,30.0,2.0,2.0,300.0
3365,350.0,5.0,20.0,30.0,2.0,2.0,300.0
3366,400.0,20.0,20.0,30.0,2.0,2.0,300.0
3367,480.0,20.0,20.0,50.0,6.0,17.0,300.0
3368,430.0,5.0,20.0,50.0,2.0,2.0,300.0
3369,480.0,20.0,20.0,50.0,2.0,2.0,300.0
3370,430.0,5.0,20.0,50.0,2.0,17.0,300.0
3371,480.0,20.0,20.0,50.0,6.0,2.0,300.0
3372,480.0,20.0,20.0,50.0,2.0,2.0,300.0
3373,350.0,5.0,20.0,30.0,2.0,2.0,300.0
3374,430.0,5.0,20.0,50.0,6.0,17.0,300.0
3375,300.0,20.0,8.0,30.0,2.0,2.0,300.0
3376,400.0,20.0,20.0,30.0,2.0,2.0,300.0
3377,400.0,20.0,20.0,30.0,2.0,2.0,300.0
3378,400.0,20.0,20.0,30.0,2.0,2.0,300.0
3379,250.0,5.0,8.0,30.0,2.0,2.0,300.0
3380,430.0,5.0,20.0,50.0,2.0,17.0,300.0
3381,330.0,5.0,8.0,50.0,6.0,2.0,300.0
3382,430.0,5.0,20.0,50.0,2.0,17.0,300.0
3383,480.0,20.0,20.0,50.0,2.0,2.0,300.0
3384,400.0,20.0,20.0,30.0,2.0,2.0,300.0
3385,430.0,5.0,20.0,50.0,2.0,17.0,300.0
3386,350.0,5.0,20.0,30.0,2.0,2.0,300.0
3387,430.0,5.0,20.0,50.0,2.0,17.0,300.0
3388,430.0,5.0,20.0,50.0,2.0,2.0,300.0
3389,480.0,20.0,20.0,50.0,2.0,17.0,300.0
3390,250.0,5.0,8.0,30.0,2.0,2.0,300.0
3391,430.0,5.0,20.0,50.0,2.0,17.0,300.0
3392,430.0,5.0,20.0,50.0,2.0,17.0,300.0
3393,430.0,5.0,20.0,50.0,6.0,2.0,300.0
3394,400.0,20.0,20.0,30.0,6.0,2.0,300.0
3395,350.0,5.0,20.0,30.0,2.0,2.0,300.0
3396,480.0,20.0,20.0,50.0,6.0,17.0,300.0
3397,430.0,5.0,20.0,50.0,2.0,17.0,300.0
3398,430.0,5.0,20.0,50.0,2.0,2.0,300.0
3399,300.0,20.0,8.0,30.0,2.0,2.0,300.0
3400,400.0,20.0,20.0,30.0,2.0,2.0,300.0
3401,250.0,5.0,8.0,30.0,2.0,2.0,300.0
3402,350.0,5.0,20.0,30.0,2.0,2.0,300.0
3403,330.0,5.0,8.0,50.0,2.0,17.0,300.0
3404,430.0,5.0,20.0,50.0,6.0,17.0,300.0
3405,480.0,20.0,20.0,50.0,2.0,17.0,300.0
3406,430.0,5.0,20.0,50.0,6.0,17.0,300.0
3407,400.0,20.0,20.0,30.0,2.0,2.0,300.0
3408,400.0,20.0,20.0,30.0,6.0,2.0,300.0
3409,400.0,20.0,20.0,30.0,2.0,2.0,300.0
3410,430.0,5.0,20.0,50.0,2.0,17.0,300.0
3411,480.0,20.0,20.0,50.0,2.0,17.0,300.0
3412,430.0,5.0,20.0,50.0,2.0,17.0,300.0
3413,380.0,20.0,8.0,50.0,2.0,17.0,300.0
3414,430.0,5.0,20.0,50.0,2.0,17.0,300.0
3415,400.0,20.0,20.0,30.0,2.0,2.0,300.0
3416,480.0,20.0,20.0,50.0,2.0,17.0,300.0
3417,480.0,20.0,20.0,50.0,2.0,2.0,300.0
3418,430.0,5.0,20.0,50.0,2.0,2.0,300.0
3419,350.0,5.0,20.0,30.0,2.0,2.0,300.0
3420,400.0,20.0,20.0,30.0,2.0,2.0,300.0
3421,430.0,5.0,20.0,50.0,2.0,2.0,300.0
3422,350.0,5.0,20.0,30.0,2.0,2.0,300.0
3423,430.0,5.0,20.0,50.0,6.0,17.0,300.0
3424,480.0,20.0,20.0,50.0,2.0,17.0,300.0
3425,430.0,5.0,20.0,50.0,2.0,17.0,300.0
3426,380.0,20.0,8.0,50.0,2.0,2.0,300.0
3427,430.0,5.0,20.0,50.0,2.0,2.0,300.0
3428,480.0,20.0,20.0,50.0,6.0,2.0,300.0
3429,400.0,20.0,20.0,30.0,2.0,2.0,300.0
3430,400.0,20.0,20.0,30.0,2.0,2.0,300.0
3431,350.0,5.0,20.0,30.0,2.0,2.0,300.0
3432,250.0,5.0,8.0,30.0,2.0,2.0,300.0
3433,350.0,5.0,20.0,30.0,2.0,2.0,300.0
3434,300.0,20.0,8.0,30.0,2.0,2.0,300.0
3435,250.0,5.0,8.0,30.0,2.0,2.0,300.0
3436,480.0,20.0,20.0,50.0,2.0,2.0,300.0
3437,380.0,20.0,8.0,50.0,2.0,17.0,300.0
3438,300.0,20.0,8.0,30.0,2.0,2.0,300.0
3439,250.0,5.0,8.0,30.0,2.0,2.0,300.0
3440,400.0,20.0,20.0,30.0,2.0,2.0,300.0
3441,480.0,20.0,20.0,50.0,6.0,2.0,300.0
3442,480.0,20.0,20.0,50.0,2.0,2.0,300.0
3443,480.0,20.0,20.0,50.0,2.0,17.0,300.0
3444,480.0,20.0,20.0,50.0,2.0,2.0,300.0
3445,480.0,20.0,20.0,50.0,2.0,17.0,300.0
3446,250.0,5.0,8.0,30.0,2.0,2.0,300.0
3447,480.0,20.0,20.0,50.0,6.0,2.0,300.0
3448,430.0,5.0,20.0,50.0,2.0,17.0,300.0
3449,430.0,5.0,20.0,50.0,2.0,2.0,300.0
3450,430.0,5.0,20.0,50.0,6.0,2.0,300.0
3451,480.0,20.0,20.0,50.0,2.0,2.0,300.0
3452,350.0,5.0,20.0,30.0,2.0,2.0,300.0
3453,250.0,5.0,8.0,30.0,2.0,2.0,300.0
3454,400.0,20.0,20.0,30.0,2.0,2.0,300.0
3455,400.0,20.0,20.0,30.0,2.0,2.0,300.0
3456,400.0,20.0,20.0,30.0,2.0,2.0,300.0
3457,430.0,5.0,20.0,50.0,6.0,17.0,300.0
3458,350.0,5.0,20.0,30.0,2.0,2.0,300.0
3459,250.0,5.0,8.0,30.0,2.0,2.0,300.0
3460,480.0,20.0,20.0,50.0,2.0,17.0,300.0
3461,250.0,5.0,8.0,30.0,2.0,2.0,300.0
3462,350.0,5.0,20.0,30.0,6.0,2.0,300.0
3463,480.0,20.0,20.0,50.0,6.0,2.0,300.0
3464,480.0,20.0,20.0,50.0,2.0,17.0,300.0
3465,430.0,5.0,20.0,50.0,2.0,2.0,300.0
3466,430.0,5.0,20.0,50.0,2.0,17.0,300.0
3467,480.0,20.0,20.0,50.0,6.0,2.0,300.0
3468,400.0,20.0,20.0,30.0,6.0,2.0,300.0
3469,400.0,20.0,20.0,30.0,6.0,2.0,300.0
3470,400.0,20.0,20.0,30.0,2.0,2.0,300.0
3471,250.0,5.0,8.0,30.0,2.0,2.0,300.0
3472,480.0,20.0,20.0,50.0,6.0,2.0,300.0
3473,430.0,5.0,20.0,50.0,2.0,2.0,300.0
3474,250.0,5.0,8.0,30.0,2.0,2.0,300.0
3475,300.0,20.0,8.0,30.0,2.0,2.0,300.0
3476,430.0,5.0,20.0,50.0,2.0,17.0,300.0
3477,400.0,20.0,20.0,30.0,2.0,2.0,300.0
3478,480.0,20.0,20.0,50.0,2.0,2.0,300.0
3479,480.0,20.0,20.0,50.0,2.0,2.0,300.0
3480,350.0,5.0,20.0,30.0,2.0,2.0,300.0
3481,400.0,20.0,20.0,30.0,2.0,2.0,300.0
3482,350.0,5.0,20.0,30.0,2.0,2.0,300.0
3483,400.0,20.0,20.0,30.0,2.0,2.0,300.0
3484,480.0,20.0,20.0,50.0,2.0,17.0,300.0
3485,400.0,20.0,20.0,30.0,2.0,2.0,300.0
3486,350.0,5.0,20.0,30.0,2.0,2.0,300.0
3487,480.0,20.0,20.0,50.0,2.0,17.0,300.0
3488,400.0,20.0,20.0,30.0,2.0,2.0,300.0
3489,480.0,20.0,20.0,50.0,2.0,17.0,300.0
3490,330.0,5.0,8.0,50.0,6.0,2.0,300.0
3491,430.0,5.0,20.0,50.0,2.0,2.0,300.0
3492,430.0,5.0,20.0,50.0,2.0,2.0,300.0
3493,480.0,20.0,20.0,50.0,6.0,17.0,300.0
3494,480.0,20.0,20.0,50.0,2.0,2.0,300.0
3495,350.0,5.0,20.0,30.0,2.0,2.0,300.0
3496,430.0,5.0,20.0,50.0,2.0,2.0,300.0
3497,350.0,5.0,20.0,30.0,2.0,2.0,300.0
3498,350.0,5.0,20.0,30.0,2.0,2.0,300.0
3499,430.0,5.0,20.0,50.0,2.0,17.0,300.0
3500,380.0,20.0,8.0,50.0,2.0,2.0,300.0
3501,250.0,5.0,8.0,30.0,2.0,2.0,300.0
3502,480.0,20.0,20.0,50.0,2.0,17.0,300.0
3503,480.0,20.0,20.0,50.0,6.0,2.0,300.0
3504,250.0,5.0,8.0,30.0,2.0,2.0,300.0
3505,380.0,20.0,8.0,50.0,2.0,2.0,300.0
3506,250.0,5.0,8.0,30.0,6.0,2.0,300.0
3507,350.0,5.0,20.0,30.0,2.0,2.0,300.0
3508,430.0,5.0,20.0,50.0,2.0,2.0,300.0
3509,480.0,20.0,20.0,50.0,2.0,17.0,300.0
3510,400.0,20.0,20.0,30.0,2.0,2.0,300.0
3511,400.0,20.0,20.0,30.0,2.0,2.0,300.0
3512,430.0,5.0,20.0,50.0,6.0,17.0,300.0
3513,430.0,5.0,20.0,50.0,2.0,17.0,300.0
3514,400.0,20.0,20.0,30.0,2.0,2.0,300.0
3515,350.0,5.0,20.0,30.0,2.0,2.0,300.0
3516,300.0,20.0,8.0,30.0,6.0,2.0,300.0
3517,250.0,5.0,8.0,30.0,2.0,2.0,300.0
3518,480.0,20.0,20.0,50.0,2.0,2.0,300.0
3519,250.0,5.0,8.0,30.0,2.0,2.0,300.0
3520,480.0,20.0,20.0,50.0,6.0,2.0,300.0
3521,480.0,20.0,20.0,50.0,6.0,2.0,300.0
3522,430.0,5.0,20.0,50.0,2.0,2.0,300.0
3523,350.0,5.0,20.0,30.0,6.0,2.0,300.0
3524,400.0,20.0,20.0,30.0,6.0,2.0,300.0
3525,250.0,5.0,8.0,30.0,2.0,2.0,300.0
3526,400.0,20.0,20.0,30.0,2.0,2.0,300.0
3527,430.0,5.0,20.0,50.0,6.0,2.0,300.0
3528,400.0,20.0,20.0,30.0,2.0,2.0,300.0
3529,350.0,5.0,20.0,30.0,2.0,2.0,300.0
3530,400.0,20.0,20.0,30.0,2.0,2.0,300.0
3531,350.0,5.0,20.0,30.0,2.0,2.0,300.0
3532,430.0,5.0,20.0,50.0,2.0,2.0,300.0
3533,250.0,5.0,8.0,30.0,2.0,2.0,300.0
3534,400.0,20.0,20.0,30.0,2.0,2.0,300.0
3535,430.0,5.0,20.0,50.0,2.0,17.0,300.0
3536,430.0,5.0,20.0,50.0,6.0,17.0,300.0
3537,480.0,20.0,20.0,50.0,2.0,2.0,300.0
3538,330.0,5.0,8.0,50.0,2.0,2.0,300.0
3539,480.0,20.0,20.0,50.0,2.0,17.0,300.0
3540,430.0,5.0,20.0,50.0,6.0,2.0,300.0
3541,350.0,5.0,20.0,30.0,2.0,2.0,300.0
3542,250.0,5.0,8.0,30.0,6.0,2.0,300.0
3543,350.0,5.0,20.0,30.0,2.0,2.0,300.0
3544,400.0,20.0,20.0,30.0,2.0,2.0,300.0
3545,250.0,5.0,8.0,30.0,2.0,2.0,300.0
3546,250.0,5.0,8.0,30.0,2.0,2.0,300.0
3547,480.0,20.0,20.0,50.0,2.0,17.0,300.0
3548,480.0,20.0,20.0,50.0,2.0,17.0,300.0
3549,400.0,20.0,20.0,30.0,2.0,2.0,300.0
3550,480.0,20.0,20.0,50.0,6.0,2.0,300.0
3551,480.0,20.0,20.0,50.0,2.0,2.0,300.0
3552,480.0,20.0,20.0,50.0,2.0,17.0,300.0
3553,250.0,5.0,8.0,30.0,6.0,2.0,300.0
3554,330.0,5.0,8.0,50.0,2.0,2.0,300.0
3555,480.0,20.0,20.0,50.0,2.0,2.0,300.0
3556,350.0,5.0,20.0,30.0,2.0,2.0,300.0
3557,480.0,20.0,20.0,50.0,2.0,2.0,300.0
3558,430.0,5.0,20.0,50.0,2.0,2.0,300.0
3559,480.0,20.0,20.0,50.0,2.0,17.0,300.0
3560,430.0,5.0,20.0,50.0,2.0,2.0,300.0
3561,400.0,20.0,20.0,30.0,2.0,2.0,300.0
3562,250.0,5.0,8.0,30.0,2.0,2.0,300.0
3563,430.0,5.0,20.0,50.0,6.0,2.0,300.0
3564,430.0,5.0,20.0,50.0,2.0,2.0,300.0
3565,250.0,5.0,8.0,30.0,2.0,2.0,300.0
3566,400.0,20.0,20.0,30.0,6.0,2.0,300.0
3567,480.0,20.0,20.0,50.0,2.0,2.0,300.0
3568,250.0,5.0,8.0,30.0,2.0,2.0,300.0
3569,480.0,20.0,20.0,50.0,2.0,17.0,300.0
3570,380.0,20.0,8.0,50.0,2.0,2.0,300.0
3571,250.0,5.0,8.0,30.0,2.0,2.0,300.0
3572,430.0,5.0,20.0,50.0,2.0,2.0,300.0
3573,480.0,20.0,20.0,50.0,2.0,2.0,300.0
3574,430.0,5.0,20.0,50.0,2.0,17.0,300.0
3575,350.0,5.0,20.0,30.0,2.0,2.0,300.0
3576,480.0,20.0,20.0,50.0,2.0,2.0,300.0
3577,350.0,5.0,20.0,30.0,2.0,2.0,300.0
3578,480.0,20.0,20.0,50.0,2.0,2.0,300.0
3579,480.0,20.0,20.0,50.0,2.0,17.0,300.0
3580,250.0,5.0,8.0,30.0,2.0,2.0,300.0
3581,350.0,5.0,20.0,30.0,2.0,2.0,300.0
3582,480.0,20.0,20.0,50.0,6.0,2.0,300.0
3583,250.0,5.0,8.0,30.0,2.0,2.0,300.0
3584,430.0,5.0,20.0,50.0,6.0,2.0,300.0
3585,430.0,5.0,20.0,50.0,2.0,2.0,300.0
3586,430.0,5.0,20.0,50.0,6.0,17.0,300.0
3587,400.0,20.0,20.0,30.0,2.0,2.0,300.0
3588,430.0,5.0,20.0,50.0,2.0,17.0,300.0
3589,430.0,5.0,20.0,50.0,2.0,2.0,300.0
3590,430.0,5.0,20.0,50.0,2.0,2.0,300.0
3591,400.0,20.0,20.0,30.0,2.0,2.0,300.0
3592,350.0,5.0,20.0,30.0,2.0,2.0,300.0
3593,350.0,5.0,20.0,30.0,2.0,2.0,300.0
3594,430.0,5.0,20.0,50.0,2.0,17.0,300.0
3595,480.0,20.0,20.0,50.0,2.0,2.0,300.0
3596,430.0,5.0,20.0,50.0,2.0,17.0,300.0
3597,480.0,20.0,20.0,50.0,2.0,17.0,300.0
3598,430.0,5.0,20.0,50.0,2.0,17.0,300.0
3599,250.0,5.0,8.0,30.0,2.0,2.0,300.0
3600,480.0,20.0,20.0,50.0,2.0,2.0,300.0
3601,480.0,20.0,20.0,50.0,2.0,2.0,300.0
3602,430.0,5.0,20.0,50.0,6.0,2.0,300.0
3603,480.0,20.0,20.0,50.0,2.0,17.0,300.0
3604,430.0,5.0,20.0,50.0,6.0,2.0,300.0
3605,350.0,5.0,20.0,30.0,2.0,2.0,300.0
3606,250.0,5.0,8.0,30.0,2.0,2.0,300.0
3607,400.0,20.0,20.0,30.0,2.0,2.0,300.0
3608,350.0,5.0,20.0,30.0,2.0,2.0,300.0
3609,250.0,5.0,8.0,30.0,2.0,2.0,300.0
3610,430.0,5.0,20.0,50.0,2.0,2.0,300.0
3611,480.0,20.0,20.0,50.0,2.0,2.0,300.0
3612,350.0,5.0,20.0,30.0,2.0,2.0,300.0
3613,250.0,5.0,8.0,30.0,2.0,2.0,300.0
3614,480.0,20.0,20.0,50.0,6.0,17.0,300.0
3615,350.0,5.0,20.0,30.0,2.0,2.0,300.0
3616,480.0,20.0,20.0,50.0,2.0,17.0,300.0
3617,430.0,5.0,20.0,50.0,2.0,2.0,300.0
3618,480.0,20.0,20.0,50.0,2.0,17.0,300.0
3619,250.0,5.0,8.0,30.0,2.0,2.0,300.0
3620,400.0,20.0,20.0,30.0,2.0,2.0,300.0
3621,400.0,20.0,20.0,30.0,2.0,2.0,300.0
3622,300.0,20.0,8.0,30.0,6.0,2.0,300.0
3623,400.0,20.0,20.0,30.0,2.0,2.0,300.0
3624,380.0,20.0,8.0,50.0,2.0,2.0,300.0
3625,350.0,5.0,20.0,30.0,2.0,2.0,300.0
3626,430.0,5.0,20.0,50.0,6.0,17.0,300.0
3627,400.0,20.0,20.0,30.0,2.0,2.0,300.0
3628,430.0,5.0,20.0,50.0,2.0,17.0,300.0
3629,430.0,5.0,20.0,50.0,2.0,2.0,300.0
3630,400.0,20.0,20.0,30.0,2.0,2.0,300.0
3631,400.0,20.0,20.0,30.0,2.0,2.0,300.0
3632,400.0,20.0,20.0,30.0,2.0,2.0,300.0
3633,430.0,5.0,20.0,50.0,2.0,2.0,300.0
3634,400.0,20.0,20.0,30.0,2.0,2.0,300.0
3635,400.0,20.0,20.0,30.0,6.0,2.0,300.0
3636,250.0,5.0,8.0,30.0,2.0,2.0,300.0
3637,330.0,5.0,8.0,50.0,2.0,2.0,300.0
3638,400.0,20.0,20.0,30.0,6.0,2.0,300.0
3639,330.0,5.0,8.0,50.0,2.0,2.0,300.0
3640,400.0,20.0,20.0,30.0,2.0,2.0,300.0
3641,350.0,5.0,20.0,30.0,2.0,2.0,300.0
3642,400.0,20.0,20.0,30.0,2.0,2.0,300.0
3643,250.0,5.0,8.0,30.0,2.0,2.0,300.0
3644,430.0,5.0,20.0,50.0,2.0,17.0,300.0
3645,250.0,5.0,8.0,30.0,2.0,2.0,300.0
3646,250.0,5.0,8.0,30.0,2.0,2.0,300.0
3647,480.0,20.0,20.0,50.0,2.0,2.0,300.0
3648,350.0,5.0,20.0,30.0,6.0,2.0,300.0
3649,480.0,20.0,20.0,50.0,2.0,17.0,300.0
3650,300.0,20.0,8.0,30.0,2.0,2.0,300.0
3651,300.0,20.0,8.0,30.0,2.0,2.0,300.0
3652,400.0,20.0,20.0,30.0,2.0,2.0,300.0
3653,430.0,5.0,20.0,50.0,6.0,2.0,300.0
3654,380.0,20.0,8.0,50.0,2.0,2.0,300.0
3655,400.0,20.0,20.0,30.0,2.0,2.0,300.0
3656,480.0,20.0,20.0,50.0,2.0,2.0,300.0
3657,430.0,5.0,20.0,50.0,2.0,2.0,300.0
3658,480.0,20.0,20.0,50.0,2.0,2.0,300.0
3659,480.0,20.0,20.0,50.0,2.0,17.0,300.0
3660,430.0,5.0,20.0,50.0,6.0,2.0,300.0
3661,400.0,20.0,20.0,30.0,2.0,2.0,300.0
3662,480.0,20.0,20.0,50.0,6.0,17.0,300.0
3663,330.0,5.0,8.0,50.0,2.0,17.0,300.0
3664,400.0,20.0,20.0,30.0,2.0,2.0,300.0
3665,250.0,5.0,8.0,30.0,2.0,2.0,300.0
3666,330.0,5.0,8.0,50.0,2.0,2.0,300.0
3667,430.0,5.0,20.0,50.0,6.0,2.0,300.0
3668,300.0,20.0,8.0,30.0,2.0,2.0,300.0
3669,430.0,5.0,20.0,50.0,2.0,17.0,300.0
3670,250.0,5.0,8.0,30.0,2.0,2.0,300.0
3671,480.0,20.0,20.0,50.0,2.0,2.0,300.0
3672,400.0,20.0,20.0,30.0,2.0,2.0,300.0
3673,480.0,20.0,20.0,50.0,2.0,2.0,300.0
3674,400.0,20.0,20.0,30.0,2.0,2.0,300.0
3675,250.0,5.0,8.0,30.0,2.0,2.0,300.0
3676,480.0,20.0,20.0,50.0,2.0,17.0,300.0
3677,480.0,20.0,20.0,50.0,2.0,17.0,300.0
3678,480.0,20.0,20.0,50.0,6.0,2.0,300.0
3679,400.0,20.0,20.0,30.0,2.0,2.0,300.0
3680,330.0,5.0,8.0,50.0,2.0,17.0,300.0
3681,350.0,5.0,20.0,30.0,2.0,2.0,300.0
3682,430.0,5.0,20.0,50.0,2.0,2.0,300.0
3683,430.0,5.0,20.0,50.0,2.0,2.0,300.0
3684,400.0,20.0,20.0,30.0,6.0,2.0,300.0
3685,430.0,5.0,20.0,50.0,2.0,2.0,300.0
3686,480.0,20.0,20.0,50.0,6.0,2.0,300.0
3687,430.0,5.0,20.0,50.0,2.0,2.0,300.0
3688,480.0,20.0,20.0,50.0,2.0,2.0,300.0
3689,400.0,20.0,20.0,30.0,2.0,2.0,300.0
3690,430.0,5.0,20.0,50.0,2.0,17.0,300.0
3691,430.0,5.0,20.0,50.0,2.0,17.0,300.0
3692,350.0,5.0,20.0,30.0,2.0,2.0,300.0
3693,430.0,5.0,20.0,50.0,6.0,2.0,300.0
3694,430.0,5.0,20.0,50.0,2.0,17.0,300.0
3695,430.0,5.0,20.0,50.0,2.0,2.0,300.0
3696,430.0,5.0,20.0,50.0,6.0,2.0,300.0
3697,350.0,5.0,20.0,30.0,2.0,2.0,300.0
3698,480.0,20.0,20.0,50.0,2.0,17.0,300.0
3699,250.0,5.0,8.0,30.0,2.0,2.0,300.0
3700,480.0,20.0,20.0,50.0,2.0,17.0,300.0
3701,350.0,5.0,20.0,30.0,2.0,2.0,300.0
3702,480.0,20.0,20.0,50.0,2.0,17.0,300.0
3703,300.0,20.0,8.0,30.0,6.0,2.0,300.0
3704,350.0,5.0,20.0,30.0,2.0,2.0,300.0
3705,250.0,5.0,8.0,30.0,2.0,2.0,300.0
3706,480.0,20.0,20.0,50.0,2.0,2.0,300.0
3707,250.0,5.0,8.0,30.0,2.0,2.0,300.0
3708,430.0,5.0,20.0,50.0,2.0,17.0,300.0
3709,400.0,20.0,20.0,30.0,2.0,2.0,300.0
3710,250.0,5.0,8.0,30.0,2.0,2.0,300.0
3711,250.0,5.0,8.0,30.0,2.0,2.0,300.0
3712,400.0,20.0,20.0,30.0,2.0,2.0,300.0
3713,350.0,5.0,20.0,30.0,2.0,2.0,300.0
3714,480.0,20.0,20.0,50.0,2.0,2.0,300.0
3715,430.0,5.0,20.0,50.0,6.0,2.0,300.0
3716,400.0,20.0,20.0,30.0,2.0,2.0,300.0
3717,430.0,5.0,20.0,50.0,2.0,2.0,300.0
3718,480.0,20.0,20.0,50.0,2.0,2.0,300.0
3719,400.0,20.0,20.0,30.0,6.0,2.0,300.0
3720,430.0,5.0,20.0,50.0,6.0,2.0,300.0
3721,400.0,20.0,20.0,30.0,6.0,2.0,300.0
3722,350.0,5.0,20.0,30.0,2.0,2.0,300.0
3723,430.0,5.0,20.0,50.0,2.0,17.0,300.0
3724,480.0,20.0,20.0,50.0,2.0,2.0,300.0
3725,330.0,5.0,8.0,50.0,2.0,17.0,300.0
3726,480.0,20.0,20.0,50.0,6.0,17.0,300.0
3727,250.0,5.0,8.0,30.0,2.0,2.0,300.0
3728,350.0,5.0,20.0,30.0,2.0,2.0,300.0
3729,400.0,20.0,20.0,30.0,2.0,2.0,300.0
3730,350.0,5.0,20.0,30.0,2.0,2.0,300.0
3731,250.0,5.0,8.0,30.0,2.0,2.0,300.0
3732,430.0,5.0,20.0,50.0,6.0,2.0,300.0
3733,480.0,20.0,20.0,50.0,6.0,17.0,300.0
3734,480.0,20.0,20.0,50.0,2.0,2.0,300.0
3735,430.0,5.0,20.0,50.0,2.0,17.0,300.0
3736,330.0,5.0,8.0,50.0,6.0,17.0,300.0
3737,430.0,5.0,20.0,50.0,6.0,17.0,300.0
3738,430.0,5.0,20.0,50.0,2.0,17.0,300.0
3739,350.0,5.0,20.0,30.0,2.0,2.0,300.0
3740,480.0,20.0,20.0,50.0,2.0,2.0,300.0
3741,400.0,20.0,20.0,30.0,2.0,2.0,300.0
3742,480.0,20.0,20.0,50.0,2.0,17.0,300.0
3743,480.0,20.0,20.0,50.0,2.0,17.0,300.0
3744,480.0,20.0,20.0,50.0,2.0,17.0,300.0
3745,480.0,20.0,20.0,50.0,2.0,2.0,300.0
3746,400.0,20.0,20.0,30.0,2.0,2.0,300.0
3747,430.0,5.0,20.0,50.0,2.0,2.0,300.0
3748,480.0,20.0,20.0,50.0,2.0,2.0,300.0
3749,250.0,5.0,8.0,30.0,2.0,2.0,300.0
3750,250.0,5.0,8.0,30.0,2.0,2.0,300.0
3751,350.0,5.0,20.0,30.0,2.0,2.0,300.0
3752,480.0,20.0,20.0,50.0,2.0,2.0,300.0
3753,300.0,20.0,8.0,30.0,2.0,2.0,300.0
3754,430.0,5.0,20.0,50.0,2.0,2.0,300.0
3755,480.0,20.0,20.0,50.0,6.0,17.0,300.0
3756,480.0,20.0,20.0,50.0,2.0,17.0,300.0
3757,430.0,5.0,20.0,50.0,6.0,17.0,300.0
3758,380.0,20.0,8.0,50.0,2.0,2.0,300.0
3759,350.0,5.0,20.0,30.0,2.0,2.0,300.0
3760,350.0,5.0,20.0,30.0,2.0,2.0,300.0
3761,430.0,5.0,20.0,50.0,6.0,2.0,300.0
3762,400.0,20.0,20.0,30.0,2.0,2.0,300.0
3763,430.0,5.0,20.0,50.0,2.0,2.0,300.0
3764,480.0,20.0,20.0,50.0,6.0,2.0,300.0
3765,430.0,5.0,20.0,50.0,6.0,2.0,300.0
3766,430.0,5.0,20.0,50.0,2.0,17.0,300.0
3767,430.0,5.0,20.0,50.0,2.0,17.0,300.0
3768,350.0,5.0,20.0,30.0,6.0,2.0,300.0
3769,430.0,5.0,20.0,50.0,2.0,2.0,300.0
3770,430.0,5.0,20.0,50.0,2.0,17.0,300.0
3771,400.0,20.0,20.0,30.0,2.0,2.0,300.0
3772,480.0,20.0,20.0,50.0,2.0,17.0,300.0
3773,400.0,20.0,20.0,30.0,2.0,2.0,300.0
3774,430.0,5.0,20.0,50.0,2.0,17.0,300.0
3775,350.0,5.0,20.0,30.0,6.0,2.0,300.0
3776,430.0,5.0,20.0,50.0,2.0,17.0,300.0
3777,400.0,20.0,20.0,30.0,2.0,2.0,300.0
3778,480.0,20.0,20.0,50.0,6.0,17.0,300.0
3779,330.0,5.0,8.0,50.0,2.0,17.0,300.0
3780,480.0,20.0,20.0,50.0,6.0,17.0,300.0
3781,400.0,20.0,20.0,30.0,2.0,2.0,300.0
3782,400.0,20.0,20.0,30.0,2.0,2.0,300.0
3783,300.0,20.0,8.0,30.0,6.0,2.0,300.0
3784,480.0,20.0,20.0,50.0,2.0,17.0,300.0
3785,430.0,5.0,20.0,50.0,2.0,17.0,300.0
3786,330.0,5.0,8.0,50.0,2.0,17.0,300.0
3787,430.0,5.0,20.0,50.0,2.0,17.0,300.0
3788,350.0,5.0,20.0,30.0,2.0,2.0,300.0
3789,480.0,20.0,20.0,50.0,6.0,2.0,300.0
3790,350.0,5.0,20.0,30.0,2.0,2.0,300.0
3791,430.0,5.0,20.0,50.0,2.0,17.0,300.0
3792,330.0,5.0,8.0,50.0,2.0,17.0,300.0
3793,250.0,5.0,8.0,30.0,2.0,2.0,300.0
3794,430.0,5.0,20.0,50.0,2.0,17.0,300.0
3795,300.0,20.0,8.0,30.0,2.0,2.0,300.0
3796,350.0,5.0,20.0,30.0,2.0,2.0,300.0
3797,480.0,20.0,20.0,50.0,6.0,2.0,300.0
3798,350.0,5.0,20.0,30.0,2.0,2.0,300.0
3799,430.0,5.0,20.0,50.0,2.0,17.0,300.0
3800,480.0,20.0,20.0,50.0,2.0,2.0,300.0
3801,430.0,5.0,20.0,50.0,2.0,17.0,300.0
3802,430.0,5.0,20.0,50.0,6.0,17.0,300.0
3803,400.0,20.0,20.0,30.0,2.0,2.0,300.0
3804,400.0,20.0,20.0,30.0,2.0,2.0,300.0
3805,350.0,5.0,20.0,30.0,2.0,2.0,300.0
3806,480.0,20.0,20.0,50.0,2.0,17.0,300.0
3807,430.0,5.0,20.0,50.0,2.0,2.0,300.0
3808,480.0,20.0,20.0,50.0,6.0,17.0,300.0
3809,330.0,5.0,8.0,50.0,2.0,17.0,300.0
3810,400.0,20.0,20.0,30.0,2.0,2.0,300.0
3811,480.0,20.0,20.0,50.0,2.0,2.0,300.0
3812,480.0,20.0,20.0,50.0,2.0,17.0,300.0
3813,400.0,20.0,20.0,30.0,2.0,2.0,300.0
3814,480.0,20.0,20.0,50.0,2.0,17.0,300.0
3815,480.0,20.0,20.0,50.0,2.0,2.0,300.0
3816,480.0,20.0,20.0,50.0,2.0,17.0,300.0
3817,430.0,5.0,20.0,50.0,2.0,17.0,300.0
3818,480.0,20.0,20.0,50.0,2.0,2.0,300.0
3819,430.0,5.0,20.0,50.0,2.0,17.0,300.0
3820,480.0,20.0,20.0,50.0,6.0,2.0,300.0
3821,480.0,20.0,20.0,50.0,2.0,2.0,300.0
3822,400.0,20.0,20.0,30.0,2.0,2.0,300.0
3823,480.0,20.0,20.0,50.0,2.0,2.0,300.0
3824,350.0,5.0,20.0,30.0,2.0,2.0,300.0
3825,430.0,5.0,20.0,50.0,2.0,17.0,300.0
3826,480.0,20.0,20.0,50.0,6.0,17.0,300.0
3827,480.0,20.0,20.0,50.0,2.0,17.0,300.0
3828,330.0,5.0,8.0,50.0,2.0,17.0,300.0
3829,330.0,5.0,8.0,50.0,2.0,17.0,300.0
3830,400.0,20.0,20.0,30.0,6.0,2.0,300.0
3831,430.0,5.0,20.0,50.0,2.0,2.0,300.0
3832,480.0,20.0,20.0,50.0,2.0,2.0,300.0
3833,480.0,20.0,20.0,50.0,2.0,2.0,300.0
3834,330.0,5.0,8.0,50.0,2.0,2.0,300.0
3835,480.0,20.0,20.0,50.0,6.0,17.0,300.0
3836,430.0,5.0,20.0,50.0,2.0,17.0,300.0
3837,350.0,5.0,20.0,30.0,2.0,2.0,300.0
3838,350.0,5.0,20.0,30.0,6.0,2.0,300.0
3839,480.0,20.0,20.0,50.0,2.0,17.0,300.0
3840,350.0,5.0,20.0,30.0,2.0,2.0,300.0
3841,400.0,20.0,20.0,30.0,2.0,2.0,300.0
3842,480.0,20.0,20.0,50.0,6.0,17.0,300.0
3843,480.0,20.0,20.0,50.0,2.0,2.0,300.0
3844,430.0,5.0,20.0,50.0,6.0,17.0,300.0
3845,400.0,20.0,20.0,30.0,2.0,2.0,300.0
3846,400.0,20.0,20.0,30.0,2.0,2.0,300.0
3847,480.0,20.0,20.0,50.0,6.0,2.0,300.0
3848,430.0,5.0,20.0,50.0,2.0,17.0,300.0
3849,400.0,20.0,20.0,30.0,2.0,2.0,300.0
3850,480.0,20.0,20.0,50.0,2.0,2.0,300.0
3851,430.0,5.0,20.0,50.0,2.0,2.0,300.0
3852,430.0,5.0,20.0,50.0,6.0,2.0,300.0
3853,480.0,20.0,20.0,50.0,2.0,17.0,300.0
3854,430.0,5.0,20.0,50.0,2.0,17.0,300.0
3855,430.0,5.0,20.0,50.0,6.0,2.0,300.0
3856,430.0,5.0,20.0,50.0,2.0,17.0,300.0
3857,480.0,20.0,20.0,50.0,2.0,17.0,300.0
3858,430.0,5.0,20.0,50.0,2.0,2.0,300.0
3859,350.0,5.0,20.0,30.0,2.0,2.0,300.0
3860,400.0,20.0,20.0,30.0,2.0,2.0,300.0
3861,430.0,5.0,20.0,50.0,2.0,17.0,300.0
3862,300.0,20.0,8.0,30.0,2.0,2.0,300.0
3863,480.0,20.0,20.0,50.0,2.0,17.0,300.0
3864,480.0,20.0,20.0,50.0,2.0,2.0,300.0
3865,430.0,5.0,20.0,50.0,6.0,17.0,300.0
3866,430.0,5.0,20.0,50.0,2.0,17.0,300.0
3867,480.0,20.0,20.0,50.0,2.0,17.0,300.0
3868,400.0,20.0,20.0,30.0,2.0,2.0,300.0
3869,350.0,5.0,20.0,30.0,6.0,2.0,300.0
3870,430.0,5.0,20.0,50.0,2.0,2.0,300.0
3871,480.0,20.0,20.0,50.0,6.0,2.0,300.0
3872,430.0,5.0,20.0,50.0,2.0,17.0,300.0
3873,480.0,20.0,20.0,50.0,2.0,17.0,300.0
3874,430.0,5.0,20.0,50.0,2.0,17.0,300.0
3875,480.0,20.0,20.0,50.0,6.0,17.0,300.0
3876,480.0,20.0,20.0,50.0,2.0,17.0,300.0
3877,400.0,20.0,20.0,30.0,2.0,2.0,300.0
3878,430.0,5.0,20.0,50.0,2.0,2.0,300.0
3879,400.0,20.0,20.0,30.0,2.0,2.0,300.0
3880,430.0,5.0,20.0,50.0,6.0,2.0,300.0
3881,480.0,20.0,20.0,50.0,6.0,2.0,300.0
3882,350.0,5.0,20.0,30.0,6.0,2.0,300.0
3883,480.0,20.0,20.0,50.0,2.0,17.0,300.0
3884,400.0,20.0,20.0,30.0,2.0,2.0,300.0
3885,400.0,20.0,20.0,30.0,2.0,2.0,300.0
3886,350.0,5.0,20.0,30.0,2.0,2.0,300.0
3887,430.0,5.0,20.0,50.0,2.0,2.0,300.0
3888,400.0,20.0,20.0,30.0,2.0,2.0,300.0
3889,480.0,20.0,20.0,50.0,2.0,17.0,300.0
3890,400.0,20.0,20.0,30.0,2.0,2.0,300.0
3891,350.0,5.0,20.0,30.0,2.0,2.0,300.0
3892,380.0,20.0,8.0,50.0,2.0,17.0,300.0
3893,480.0,20.0,20.0,50.0,2.0,17.0,300.0
3894,480.0,20.0,20.0,50.0,2.0,17.0,300.0
3895,480.0,20.0,20.0,50.0,2.0,2.0,300.0
3896,350.0,5.0,20.0,30.0,2.0,2.0,300.0
3897,430.0,5.0,20.0,50.0,2.0,2.0,300.0
3898,400.0,20.0,20.0,30.0,6.0,2.0,300.0
3899,430.0,5.0,20.0,50.0,2.0,2.0,300.0
3900,480.0,20.0,20.0,50.0,2.0,2.0,300.0
3901,480.0,20.0,20.0,50.0,6.0,2.0,300.0
3902,300.0,20.0,8.0,30.0,2.0,2.0,300.0
3903,480.0,20.0,20.0,50.0,2.0,2.0,300.0
3904,400.0,20.0,20.0,30.0,2.0,2.0,300.0
3905,400.0,20.0,20.0,30.0,2.0,2.0,300.0
3906,430.0,5.0,20.0,50.0,2.0,17.0,300.0
3907,430.0,5.0,20.0,50.0,6.0,2.0,300.0
3908,430.0,5.0,20.0,50.0,2.0,17.0,300.0
3909,330.0,5.0,8.0,50.0,2.0,17.0,300.0
3910,430.0,5.0,20.0,50.0,2.0,17.0,300.0
3911,480.0,20.0,20.0,50.0,2.0,2.0,300.0
3912,480.0,20.0,20.0,50.0,2.0,17.0,300.0
3913,330.0,5.0,8.0,50.0,2.0,17.0,300.0
3914,480.0,20.0,20.0,50.0,2.0,17.0,300.0
3915,480.0,20.0,20.0,50.0,2.0,2.0,300.0
3916,400.0,20.0,20.0,30.0,2.0,2.0,300.0
3917,400.0,20.0,20.0,30.0,2.0,2.0,300.0
3918,400.0,20.0,20.0,30.0,2.0,2.0,300.0
3919,350.0,5.0,20.0,30.0,2.0,2.0,300.0
3920,400.0,20.0,20.0,30.0,2.0,2.0,300.0
3921,430.0,5.0,20.0,50.0,6.0,2.0,300.0
3922,350.0,5.0,20.0,30.0,2.0,2.0,300.0
3923,430.0,5.0,20.0,50.0,2.0,2.0,300.0
3924,480.0,20.0,20.0,50.0,2.0,2.0,300.0
3925,400.0,20.0,20.0,30.0,2.0,2.0,300.0
3926,400.0,20.0,20.0,30.0,6.0,2.0,300.0
3927,250.0,5.0,8.0,30.0,2.0,2.0,300.0
3928,250.0,5.0,8.0,30.0,2.0,2.0,300.0
3929,400.0,20.0,20.0,30.0,2.0,2.0,300.0
3930,250.0,5.0,8.0,30.0,2.0,2.0,300.0
3931,250.0,5.0,8.0,30.0,6.0,2.0,300.0
3932,300.0,20.0,8.0,30.0,2.0,2.0,300.0
3933,400.0,20.0,20.0,30.0,2.0,2.0,300.0
3934,330.0,5.0,8.0,50.0,2.0,2.0,300.0
3935,430.0,5.0,20.0,50.0,2.0,17.0,300.0
3936,250.0,5.0,8.0,30.0,2.0,2.0,300.0
3937,400.0,20.0,20.0,30.0,2.0,2.0,300.0
3938,430.0,5.0,20.0,50.0,2.0,2.0,300.0
3939,430.0,5.0,20.0,50.0,6.0,2.0,300.0
3940,430.0,5.0,20.0,50.0,2.0,2.0,300.0
3941,250.0,5.0,8.0,30.0,2.0,2.0,300.0
3942,250.0,5.0,8.0,30.0,2.0,2.0,300.0
3943,250.0,5.0,8.0,30.0,2.0,2.0,300.0
3944,400.0,20.0,20.0,30.0,6.0,2.0,300.0
3945,480.0,20.0,20.0,50.0,2.0,2.0,300.0
3946,480.0,20.0,20.0,50.0,6.0,2.0,300.0
3947,430.0,5.0,20.0,50.0,6.0,17.0,300.0
3948,430.0,5.0,20.0,50.0,2.0,17.0,300.0
3949,480.0,20.0,20.0,50.0,6.0,17.0,300.0
3950,430.0,5.0,20.0,50.0,2.0,17.0,300.0
3951,350.0,5.0,20.0,30.0,2.0,2.0,300.0
3952,330.0,5.0,8.0,50.0,2.0,2.0,300.0
3953,480.0,20.0,20.0,50.0,2.0,2.0,300.0
3954,480.0,20.0,20.0,50.0,2.0,17.0,300.0
3955,430.0,5.0,20.0,50.0,2.0,2.0,300.0
3956,350.0,5.0,20.0,30.0,2.0,2.0,300.0
3957,350.0,5.0,20.0,30.0,6.0,2.0,300.0
3958,480.0,20.0,20.0,50.0,2.0,2.0,300.0
3959,430.0,5.0,20.0,50.0,2.0,2.0,300.0
3960,400.0,20.0,20.0,30.0,2.0,2.0,300.0
3961,350.0,5.0,20.0,30.0,2.0,2.0,300.0
3962,350.0,5.0,20.0,30.0,2.0,2.0,300.0
3963,430.0,5.0,20.0,50.0,2.0,17.0,300.0
3964,430.0,5.0,20.0,50.0,2.0,2.0,300.0
3965,430.0,5.0,20.0,50.0,2.0,2.0,300.0
3966,480.0,20.0,20.0,50.0,6.0,2.0,300.0
3967,430.0,5.0,20.0,50.0,2.0,2.0,300.0
3968,430.0,5.0,20.0,50.0,2.0,17.0,300.0
3969,330.0,5.0,8.0,50.0,2.0,17.0,300.0
3970,330.0,5.0,8.0,50.0,2.0,17.0,300.0
3971,480.0,20.0,20.0,50.0,6.0,2.0,300.0
3972,400.0,20.0,20.0,30.0,2.0,2.0,300.0
3973,430.0,5.0,20.0,50.0,2.0,2.0,300.0
3974,350.0,5.0,20.0,30.0,2.0,2.0,300.0
3975,430.0,5.0,20.0,50.0,2.0,17.0,300.0
3976,480.0,20.0,20.0,50.0,2.0,17.0,300.0
3977,400.0,20.0,20.0,30.0,2.0,2.0,300.0
3978,400.0,20.0,20.0,30.0,2.0,2.0,300.0
3979,430.0,5.0,20.0,50.0,6.0,2.0,300.0
3980,400.0,20.0,20.0,30.0,2.0,2.0,300.0
3981,480.0,20.0,20.0,50.0,2.0,2.0,300.0
3982,350.0,5.0,20.0,30.0,6.0,2.0,300.0
3983,400.0,20.0,20.0,30.0,2.0,2.0,300.0
3984,430.0,5.0,20.0,50.0,2.0,2.0,300.0
3985,480.0,20.0,20.0,50.0,2.0,17.0,300.0
3986,430.0,5.0,20.0,50.0,2.0,17.0,300.0
3987,400.0,20.0,20.0,30.0,2.0,2.0,300.0
3988,350.0,5.0,20.0,30.0,2.0,2.0,300.0
3989,430.0,5.0,20.0,50.0,2.0,2.0,300.0
3990,330.0,5.0,8.0,50.0,2.0,17.0,300.0
3991,330.0,5.0,8.0,50.0,2.0,17.0,300.0
3992,250.0,5.0,8.0,30.0,2.0,2.0,300.0
3993,400.0,20.0,20.0,30.0,2.0,2.0,300.0
3994,430.0,5.0,20.0,50.0,2.0,2.0,300.0
3995,330.0,5.0,8.0,50.0,2.0,17.0,300.0
3996,330.0,5.0,8.0,50.0,2.0,17.0,300.0
3997,480.0,20.0,20.0,50.0,2.0,2.0,300.0
3998,350.0,5.0,20.0,30.0,2.0,2.0,300.0
3999,430.0,5.0,20.0,50.0,6.0,17.0,300.0
4000,430.0,5.0,20.0,50.0,6.0,2.0,300.0
4001,350.0,5.0,20.0,30.0,6.0,2.0,300.0
4002,350.0,5.0,20.0,30.0,2.0,2.0,300.0
4003,430.0,5.0,20.0,50.0,2.0,2.0,300.0
4004,250.0,5.0,8.0,30.0,2.0,2.0,300.0
4005,430.0,5.0,20.0,50.0,2.0,17.0,300.0
4006,350.0,5.0,20.0,30.0,6.0,2.0,300.0
4007,350.0,5.0,20.0,30.0,6.0,2.0,300.0
4008,400.0,20.0,20.0,30.0,6.0,2.0,300.0
4009,350.0,5.0,20.0,30.0,2.0,2.0,300.0
4010,430.0,5.0,20.0,50.0,2.0,2.0,300.0
4011,350.0,5.0,20.0,30.0,2.0,2.0,300.0
4012,480.0,20.0,20.0,50.0,2.0,2.0,300.0
4013,330.0,5.0,8.0,50.0,2.0,2.0,300.0
4014,480.0,20.0,20.0,50.0,2.0,2.0,300.0
4015,430.0,5.0,20.0,50.0,2.0,2.0,300.0
4016,430.0,5.0,20.0,50.0,6.0,2.0,300.0
4017,400.0,20.0,20.0,30.0,2.0,2.0,300.0
4018,480.0,20.0,20.0,50.0,6.0,2.0,300.0
4019,430.0,5.0,20.0,50.0,2.0,17.0,300.0
4020,330.0,5.0,8.0,50.0,6.0,17.0,300.0
4021,250.0,5.0,8.0,30.0,2.0,2.0,300.0
4022,250.0,5.0,8.0,30.0,2.0,2.0,300.0
4023,400.0,20.0,20.0,30.0,2.0,2.0,300.0
4024,400.0,20.0,20.0,30.0,2.0,2.0,300.0
4025,400.0,20.0,20.0,30.0,2.0,2.0,300.0
4026,430.0,5.0,20.0,50.0,2.0,2.0,300.0
4027,350.0,5.0,20.0,30.0,2.0,2.0,300.0
4028,430.0,5.0,20.0,50.0,2.0,17.0,300.0
4029,380.0,20.0,8.0,50.0,6.0,17.0,300.0
4030,400.0,20.0,20.0,30.0,6.0,2.0,300.0
4031,480.0,20.0,20.0,50.0,6.0,2.0,300.0
4032,480.0,20.0,20.0,50.0,6.0,17.0,300.0
4033,480.0,20.0,20.0,50.0,2.0,17.0,300.0
4034,430.0,5.0,20.0,50.0,2.0,17.0,300.0
4035,300.0,20.0,8.0,30.0,6.0,2.0,300.0
4036,480.0,20.0,20.0,50.0,6.0,2.0,300.0
4037,350.0,5.0,20.0,30.0,2.0,2.0,300.0
4038,250.0,5.0,8.0,30.0,2.0,2.0,300.0
4039,350.0,5.0,20.0,30.0,6.0,2.0,300.0
4040,350.0,5.0,20.0,30.0,2.0,2.0,300.0
4041,250.0,5.0,8.0,30.0,2.0,2.0,300.0
4042,400.0,20.0,20.0,30.0,2.0,2.0,300.0
4043,480.0,20.0,20.0,50.0,6.0,2.0,300.0
4044,250.0,5.0,8.0,30.0,2.0,2.0,300.0
4045,480.0,20.0,20.0,50.0,2.0,2.0,300.0
4046,350.0,5.0,20.0,30.0,2.0,2.0,300.0
4047,250.0,5.0,8.0,30.0,2.0,2.0,300.0
4048,250.0,5.0,8.0,30.0,2.0,2.0,300.0
4049,250.0,5.0,8.0,30.0,6.0,2.0,300.0
4050,430.0,5.0,20.0,50.0,2.0,17.0,300.0
4051,400.0,20.0,20.0,30.0,2.0,2.0,300.0
4052,430.0,5.0,20.0,50.0,6.0,2.0,300.0
4053,480.0,20.0,20.0,50.0,2.0,2.0,300.0
4054,250.0,5.0,8.0,30.0,2.0,2.0,300.0
4055,400.0,20.0,20.0,30.0,2.0,2.0,300.0
4056,480.0,20.0,20.0,50.0,2.0,17.0,300.0
4057,480.0,20.0,20.0,50.0,2.0,17.0,300.0
4058,480.0,20.0,20.0,50.0,2.0,17.0,300.0
4059,480.0,20.0,20.0,50.0,6.0,2.0,300.0
4060,400.0,20.0,20.0,30.0,2.0,2.0,300.0
4061,430.0,5.0,20.0,50.0,2.0,17.0,300.0
4062,250.0,5.0,8.0,30.0,2.0,2.0,300.0
4063,430.0,5.0,20.0,50.0,2.0,17.0,300.0
4064,480.0,20.0,20.0,50.0,2.0,2.0,300.0
4065,430.0,5.0,20.0,50.0,2.0,2.0,300.0
4066,430.0,5.0,20.0,50.0,2.0,2.0,300.0
4067,350.0,5.0,20.0,30.0,2.0,2.0,300.0
4068,430.0,5.0,20.0,50.0,2.0,2.0,300.0
4069,330.0,5.0,8.0,50.0,6.0,17.0,300.0
4070,400.0,20.0,20.0,30.0,2.0,2.0,300.0
4071,350.0,5.0,20.0,30.0,2.0,2.0,300.0
4072,250.0,5.0,8.0,30.0,2.0,2.0,300.0
4073,480.0,20.0,20.0,50.0,6.0,2.0,300.0
4074,480.0,20.0,20.0,50.0,6.0,17.0,300.0
4075,330.0,5.0,8.0,50.0,2.0,17.0,300.0
4076,250.0,5.0,8.0,30.0,2.0,2.0,300.0
4077,430.0,5.0,20.0,50.0,2.0,2.0,300.0
4078,250.0,5.0,8.0,30.0,2.0,2.0,300.0
4079,250.0,5.0,8.0,30.0,2.0,2.0,300.0
4080,400.0,20.0,20.0,30.0,2.0,2.0,300.0
4081,250.0,5.0,8.0,30.0,2.0,2.0,300.0
4082,430.0,5.0,20.0,50.0,2.0,17.0,300.0
4083,350.0,5.0,20.0,30.0,6.0,2.0,300.0
4084,430.0,5.0,20.0,50.0,2.0,17.0,300.0
4085,400.0,20.0,20.0,30.0,2.0,2.0,300.0
4086,250.0,5.0,8.0,30.0,2.0,2.0,300.0
4087,400.0,20.0,20.0,30.0,2.0,2.0,300.0
4088,400.0,20.0,20.0,30.0,2.0,2.0,300.0
4089,430.0,5.0,20.0,50.0,6.0,17.0,300.0
4090,480.0,20.0,20.0,50.0,6.0,2.0,300.0
4091,430.0,5.0,20.0,50.0,2.0,17.0,300.0
4092,480.0,20.0,20.0,50.0,2.0,2.0,300.0
4093,430.0,5.0,20.0,50.0,2.0,2.0,300.0
4094,250.0,5.0,8.0,30.0,2.0,2.0,300.0
4095,430.0,5.0,20.0,50.0,2.0,2.0,300.0
4096,480.0,20.0,20.0,50.0,2.0,17.0,300.0
4097,400.0,20.0,20.0,30.0,2.0,2.0,300.0
4098,250.0,5.0,8.0,30.0,2.0,2.0,300.0
4099,480.0,20.0,20.0,50.0,2.0,2.0,300.0
4100,250.0,5.0,8.0,30.0,2.0,2.0,300.0
4101,330.0,5.0,8.0,50.0,2.0,2.0,300.0
4102,350.0,5.0,20.0,30.0,2.0,2.0,300.0
4103,400.0,20.0,20.0,30.0,6.0,2.0,300.0
4104,430.0,5.0,20.0,50.0,6.0,2.0,300.0
4105,430.0,5.0,20.0,50.0,2.0,17.0,300.0
4106,250.0,5.0,8.0,30.0,2.0,2.0,300.0
4107,250.0,5.0,8.0,30.0,2.0,2.0,300.0
4108,400.0,20.0,20.0,30.0,2.0,2.0,300.0
4109,400.0,20.0,20.0,30.0,2.0,2.0,300.0
4110,480.0,20.0,20.0,50.0,2.0,2.0,300.0
4111,350.0,5.0,20.0,30.0,2.0,2.0,300.0
4112,480.0,20.0,20.0,50.0,2.0,2.0,300.0
4113,480.0,20.0,20.0,50.0,2.0,17.0,300.0
4114,350.0,5.0,20.0,30.0,2.0,2.0,300.0
4115,430.0,5.0,20.0,50.0,2.0,2.0,300.0
4116,480.0,20.0,20.0,50.0,2.0,2.0,300.0
4117,430.0,5.0,20.0,50.0,2.0,17.0,300.0
4118,430.0,5.0,20.0,50.0,6.0,17.0,300.0
4119,250.0,5.0,8.0,30.0,2.0,2.0,300.0
4120,480.0,20.0,20.0,50.0,2.0,2.0,300.0
4121,480.0,20.0,20.0,50.0,2.0,17.0,300.0
4122,480.0,20.0,20.0,50.0,2.0,17.0,300.0
4123,350.0,5.0,20.0,30.0,2.0,2.0,300.0
4124,250.0,5.0,8.0,30.0,2.0,2.0,300.0
4125,250.0,5.0,8.0,30.0,2.0,2.0,300.0
4126,480.0,20.0,20.0,50.0,2.0,2.0,300.0
4127,250.0,5.0,8.0,30.0,2.0,2.0,300.0
4128,400.0,20.0,20.0,30.0,6.0,2.0,300.0
4129,400.0,20.0,20.0,30.0,2.0,2.0,300.0
4130,350.0,5.0,20.0,30.0,2.0,2.0,300.0
4131,430.0,5.0,20.0,50.0,2.0,2.0,300.0
4132,430.0,5.0,20.0,50.0,6.0,17.0,300.0
4133,250.0,5.0,8.0,30.0,2.0,2.0,300.0
4134,250.0,5.0,8.0,30.0,2.0,2.0,300.0
4135,300.0,20.0,8.0,30.0,2.0,2.0,300.0
4136,480.0,20.0,20.0,50.0,6.0,17.0,300.0
4137,430.0,5.0,20.0,50.0,2.0,2.0,300.0
4138,430.0,5.0,20.0,50.0,2.0,2.0,300.0
4139,250.0,5.0,8.0,30.0,2.0,2.0,300.0
4140,430.0,5.0,20.0,50.0,2.0,17.0,300.0
4141,480.0,20.0,20.0,50.0,6.0,2.0,300.0
4142,250.0,5.0,8.0,30.0,2.0,2.0,300.0
4143,480.0,20.0,20.0,50.0,2.0,2.0,300.0
4144,430.0,5.0,20.0,50.0,2.0,2.0,300.0
4145,250.0,5.0,8.0,30.0,2.0,2.0,300.0
4146,350.0,5.0,20.0,30.0,2.0,2.0,300.0
4147,250.0,5.0,8.0,30.0,2.0,2.0,300.0
4148,250.0,5.0,8.0,30.0,2.0,2.0,300.0
4149,430.0,5.0,20.0,50.0,2.0,2.0,300.0
4150,430.0,5.0,20.0,50.0,6.0,2.0,300.0
4151,400.0,20.0,20.0,30.0,2.0,2.0,300.0
4152,480.0,20.0,20.0,50.0,2.0,17.0,300.0
4153,430.0,5.0,20.0,50.0,2.0,17.0,300.0
4154,400.0,20.0,20.0,30.0,2.0,2.0,300.0
4155,380.0,20.0,8.0,50.0,2.0,2.0,300.0
4156,480.0,20.0,20.0,50.0,2.0,2.0,300.0
4157,430.0,5.0,20.0,50.0,2.0,17.0,300.0
4158,430.0,5.0,20.0,50.0,2.0,17.0,300.0
4159,250.0,5.0,8.0,30.0,6.0,2.0,300.0
4160,400.0,20.0,20.0,30.0,2.0,2.0,300.0
4161,430.0,5.0,20.0,50.0,6.0,2.0,300.0
4162,480.0,20.0,20.0,50.0,2.0,17.0,300.0
4163,330.0,5.0,8.0,50.0,6.0,2.0,300.0
4164,250.0,5.0,8.0,30.0,2.0,2.0,300.0
4165,400.0,20.0,20.0,30.0,2.0,2.0,300.0
4166,350.0,5.0,20.0,30.0,2.0,2.0,300.0
4167,250.0,5.0,8.0,30.0,2.0,2.0,300.0
4168,480.0,20.0,20.0,50.0,2.0,2.0,300.0
4169,250.0,5.0,8.0,30.0,2.0,2.0,300.0
4170,430.0,5.0,20.0,50.0,2.0,17.0,300.0
4171,250.0,5.0,8.0,30.0,2.0,2.0,300.0
4172,250.0,5.0,8.0,30.0,2.0,2.0,300.0
4173,430.0,5.0,20.0,50.0,2.0,17.0,300.0
4174,250.0,5.0,8.0,30.0,2.0,2.0,300.0
4175,430.0,5.0,20.0,50.0,2.0,2.0,300.0
4176,400.0,20.0,20.0,30.0,2.0,2.0,300.0
4177,400.0,20.0,20.0,30.0,2.0,2.0,300.0
4178,430.0,5.0,20.0,50.0,2.0,17.0,300.0
4179,480.0,20.0,20.0,50.0,2.0,17.0,300.0
4180,400.0,20.0,20.0,30.0,6.0,2.0,300.0
4181,480.0,20.0,20.0,50.0,2.0,2.0,300.0
4182,480.0,20.0,20.0,50.0,6.0,17.0,300.0
4183,480.0,20.0,20.0,50.0,2.0,2.0,300.0
4184,400.0,20.0,20.0,30.0,2.0,2.0,300.0
4185,350.0,5.0,20.0,30.0,6.0,2.0,300.0
4186,430.0,5.0,20.0,50.0,2.0,2.0,300.0
4187,380.0,20.0,8.0,50.0,2.0,2.0,300.0
4188,250.0,5.0,8.0,30.0,2.0,2.0,300.0
4189,350.0,5.0,20.0,30.0,2.0,2.0,300.0
4190,400.0,20.0,20.0,30.0,2.0,2.0,300.0
4191,480.0,20.0,20.0,50.0,2.0,17.0,300.0
4192,250.0,5.0,8.0,30.0,2.0,2.0,300.0
4193,430.0,5.0,20.0,50.0,2.0,2.0,300.0
4194,400.0,20.0,20.0,30.0,2.0,2.0,300.0
4195,250.0,5.0,8.0,30.0,2.0,2.0,300.0
4196,250.0,5.0,8.0,30.0,2.0,2.0,300.0
4197,480.0,20.0,20.0,50.0,2.0,2.0,300.0
4198,330.0,5.0,8.0,50.0,6.0,17.0,300.0
4199,480.0,20.0,20.0,50.0,6.0,2.0,300.0
4200,430.0,5.0,20.0,50.0,6.0,2.0,300.0
4201,480.0,20.0,20.0,50.0,2.0,17.0,300.0
4202,430.0,5.0,20.0,50.0,2.0,2.0,300.0
4203,480.0,20.0,20.0,50.0,2.0,2.0,300.0
4204,400.0,20.0,20.0,30.0,2.0,2.0,300.0
4205,430.0,5.0,20.0,50.0,6.0,17.0,300.0
4206,480.0,20.0,20.0,50.0,6.0,2.0,300.0
4207,430.0,5.0,20.0,50.0,2.0,2.0,300.0
4208,400.0,20.0,20.0,30.0,2.0,2.0,300.0
4209,400.0,20.0,20.0,30.0,2.0,2.0,300.0
4210,430.0,5.0,20.0,50.0,2.0,17.0,300.0
4211,480.0,20.0,20.0,50.0,2.0,2.0,300.0
4212,430.0,5.0,20.0,50.0,2.0,17.0,300.0
4213,400.0,20.0,20.0,30.0,6.0,2.0,300.0
4214,430.0,5.0,20.0,50.0,2.0,17.0,300.0
4215,350.0,5.0,20.0,30.0,6.0,2.0,300.0
4216,350.0,5.0,20.0,30.0,2.0,2.0,300.0
4217,480.0,20.0,20.0,50.0,2.0,2.0,300.0
4218,400.0,20.0,20.0,30.0,2.0,2.0,300.0
4219,430.0,5.0,20.0,50.0,2.0,2.0,300.0
4220,430.0,5.0,20.0,50.0,2.0,17.0,300.0
4221,250.0,5.0,8.0,30.0,2.0,2.0,300.0
4222,480.0,20.0,20.0,50.0,2.0,2.0,300.0
4223,480.0,20.0,20.0,50.0,2.0,17.0,300.0
4224,350.0,5.0,20.0,30.0,2.0,2.0,300.0
4225,430.0,5.0,20.0,50.0,2.0,17.0,300.0
4226,480.0,20.0,20.0,50.0,2.0,2.0,300.0
4227,400.0,20.0,20.0,30.0,2.0,2.0,300.0
4228,480.0,20.0,20.0,50.0,2.0,2.0,300.0
4229,430.0,5.0,20.0,50.0,6.0,17.0,300.0
4230,350.0,5.0,20.0,30.0,6.0,2.0,300.0
4231,430.0,5.0,20.0,50.0,6.0,17.0,300.0
4232,430.0,5.0,20.0,50.0,2.0,2.0,300.0
4233,250.0,5.0,8.0,30.0,2.0,2.0,300.0
4234,480.0,20.0,20.0,50.0,2.0,2.0,300.0
4235,430.0,5.0,20.0,50.0,2.0,17.0,300.0
4236,480.0,20.0,20.0,50.0,2.0,17.0,300.0
4237,480.0,20.0,20.0,50.0,2.0,17.0,300.0
4238,350.0,5.0,20.0,30.0,2.0,2.0,300.0
4239,400.0,20.0,20.0,30.0,2.0,2.0,300.0
4240,250.0,5.0,8.0,30.0,2.0,2.0,300.0
4241,430.0,5.0,20.0,50.0,2.0,17.0,300.0
4242,430.0,5.0,20.0,50.0,2.0,2.0,300.0
4243,430.0,5.0,20.0,50.0,2.0,17.0,300.0
4244,350.0,5.0,20.0,30.0,6.0,2.0,300.0
4245,430.0,5.0,20.0,50.0,6.0,2.0,300.0
4246,480.0,20.0,20.0,50.0,2.0,17.0,300.0
4247,430.0,5.0,20.0,50.0,2.0,2.0,300.0
4248,430.0,5.0,20.0,50.0,2.0,17.0,300.0
4249,430.0,5.0,20.0,50.0,2.0,17.0,300.0
4250,430.0,5.0,20.0,50.0,2.0,17.0,300.0
4251,250.0,5.0,8.0,30.0,2.0,2.0,300.0
4252,430.0,5.0,20.0,50.0,2.0,2.0,300.0
4253,350.0,5.0,20.0,30.0,2.0,2.0,300.0
4254,430.0,5.0,20.0,50.0,2.0,2.0,300.0
4255,430.0,5.0,20.0,50.0,6.0,17.0,300.0
4256,300.0,20.0,8.0,30.0,2.0,2.0,300.0
4257,350.0,5.0,20.0,30.0,2.0,2.0,300.0
4258,330.0,5.0,8.0,50.0,2.0,2.0,300.0
4259,350.0,5.0,20.0,30.0,2.0,2.0,300.0
4260,400.0,20.0,20.0,30.0,2.0,2.0,300.0
4261,250.0,5.0,8.0,30.0,2.0,2.0,300.0
4262,480.0,20.0,20.0,50.0,2.0,2.0,300.0
4263,480.0,20.0,20.0,50.0,2.0,2.0,300.0
4264,400.0,20.0,20.0,30.0,2.0,2.0,300.0
4265,250.0,5.0,8.0,30.0,2.0,2.0,300.0
4266,330.0,5.0,8.0,50.0,2.0,17.0,300.0
4267,430.0,5.0,20.0,50.0,2.0,2.0,300.0
4268,330.0,5.0,8.0,50.0,2.0,17.0,300.0
4269,430.0,5.0,20.0,50.0,6.0,17.0,300.0
4270,250.0,5.0,8.0,30.0,6.0,2.0,300.0
4271,400.0,20.0,20.0,30.0,2.0,2.0,300.0
4272,350.0,5.0,20.0,30.0,2.0,2.0,300.0
4273,480.0,20.0,20.0,50.0,2.0,2.0,300.0
4274,480.0,20.0,20.0,50.0,2.0,17.0,300.0
4275,480.0,20.0,20.0,50.0,6.0,2.0,300.0
4276,480.0,20.0,20.0,50.0,2.0,17.0,300.0
4277,430.0,5.0,20.0,50.0,6.0,2.0,300.0
4278,430.0,5.0,20.0,50.0,2.0,17.0,300.0
4279,430.0,5.0,20.0,50.0,2.0,2.0,300.0
4280,400.0,20.0,20.0,30.0,2.0,2.0,300.0
4281,430.0,5.0,20.0,50.0,2.0,2.0,300.0
4282,430.0,5.0,20.0,50.0,2.0,2.0,300.0
4283,430.0,5.0,20.0,50.0,2.0,2.0,300.0
4284,400.0,20.0,20.0,30.0,2.0,2.0,300.0
4285,350.0,5.0,20.0,30.0,2.0,2.0,300.0
4286,400.0,20.0,20.0,30.0,2.0,2.0,300.0
4287,430.0,5.0,20.0,50.0,2.0,2.0,300.0
4288,430.0,5.0,20.0,50.0,2.0,17.0,300.0
4289,380.0,20.0,8.0,50.0,2.0,17.0,300.0
4290,430.0,5.0,20.0,50.0,2.0,17.0,300.0
4291,430.0,5.0,20.0,50.0,6.0,2.0,300.0
4292,430.0,5.0,20.0,50.0,2.0,17.0,300.0
4293,480.0,20.0,20.0,50.0,2.0,17.0,300.0
4294,430.0,5.0,20.0,50.0,2.0,17.0,300.0
4295,430.0,5.0,20.0,50.0,6.0,17.0,300.0
4296,350.0,5.0,20.0,30.0,2.0,2.0,300.0
4297,350.0,5.0,20.0,30.0,6.0,2.0,300.0
4298,480.0,20.0,20.0,50.0,2.0,17.0,300.0
4299,350.0,5.0,20.0,30.0,2.0,2.0,300.0
4300,330.0,5.0,8.0,50.0,2.0,2.0,300.0
4301,350.0,5.0,20.0,30.0,6.0,2.0,300.0
4302,430.0,5.0,20.0,50.0,2.0,2.0,300.0
4303,350.0,5.0,20.0,30.0,2.0,2.0,300.0
4304,400.0,20.0,20.0,30.0,2.0,2.0,300.0
4305,250.0,5.0,8.0,30.0,2.0,2.0,300.0
4306,400.0,20.0,20.0,30.0,2.0,2.0,300.0
4307,430.0,5.0,20.0,50.0,6.0,2.0,300.0
4308,430.0,5.0,20.0,50.0,2.0,17.0,300.0
4309,430.0,5.0,20.0,50.0,2.0,2.0,300.0
4310,400.0,20.0,20.0,30.0,2.0,2.0,300.0
4311,400.0,20.0,20.0,30.0,2.0,2.0,300.0
4312,480.0,20.0,20.0,50.0,2.0,17.0,300.0
4313,430.0,5.0,20.0,50.0,6.0,17.0,300.0
4314,430.0,5.0,20.0,50.0,2.0,17.0,300.0
4315,350.0,5.0,20.0,30.0,2.0,2.0,300.0
4316,350.0,5.0,20.0,30.0,2.0,2.0,300.0
4317,480.0,20.0,20.0,50.0,2.0,2.0,300.0
4318,430.0,5.0,20.0,50.0,6.0,17.0,300.0
4319,350.0,5.0,20.0,30.0,2.0,2.0,300.0
4320,430.0,5.0,20.0,50.0,2.0,2.0,300.0
4321,480.0,20.0,20.0,50.0,2.0,17.0,300.0
4322,400.0,20.0,20.0,30.0,6.0,2.0,300.0
4323,350.0,5.0,20.0,30.0,6.0,2.0,300.0
4324,350.0,5.0,20.0,30.0,2.0,2.0,300.0
4325,350.0,5.0,20.0,30.0,6.0,2.0,300.0
4326,250.0,5.0,8.0,30.0,2.0,2.0,300.0
4327,250.0,5.0,8.0,30.0,2.0,2.0,300.0
4328,400.0,20.0,20.0,30.0,2.0,2.0,300.0
4329,250.0,5.0,8.0,30.0,2.0,2.0,300.0
4330,430.0,5.0,20.0,50.0,6.0,17.0,300.0
4331,430.0,5.0,20.0,50.0,2.0,2.0,300.0
4332,480.0,20.0,20.0,50.0,2.0,2.0,300.0
4333,300.0,20.0,8.0,30.0,6.0,2.0,300.0
4334,400.0,20.0,20.0,30.0,2.0,2.0,300.0
4335,430.0,5.0,20.0,50.0,2.0,2.0,300.0
4336,330.0,5.0,8.0,50.0,2.0,2.0,300.0
4337,350.0,5.0,20.0,30.0,2.0,2.0,300.0
4338,430.0,5.0,20.0,50.0,6.0,17.0,300.0
4339,430.0,5.0,20.0,50.0,2.0,2.0,300.0
4340,430.0,5.0,20.0,50.0,2.0,17.0,300.0
4341,400.0,20.0,20.0,30.0,2.0,2.0,300.0
4342,400.0,20.0,20.0,30.0,2.0,2.0,300.0
4343,480.0,20.0,20.0,50.0,6.0,17.0,300.0
4344,480.0,20.0,20.0,50.0,2.0,2.0,300.0
4345,350.0,5.0,20.0,30.0,2.0,2.0,300.0
4346,430.0,5.0,20.0,50.0,6.0,17.0,300.0
4347,400.0,20.0,20.0,30.0,2.0,2.0,300.0
4348,350.0,5.0,20.0,30.0,2.0,2.0,300.0
4349,430.0,5.0,20.0,50.0,2.0,2.0,300.0
4350,480.0,20.0,20.0,50.0,2.0,2.0,300.0
4351,400.0,20.0,20.0,30.0,2.0,2.0,300.0
4352,350.0,5.0,20.0,30.0,2.0,2.0,300.0
4353,350.0,5.0,20.0,30.0,2.0,2.0,300.0
4354,400.0,20.0,20.0,30.0,2.0,2.0,300.0
4355,480.0,20.0,20.0,50.0,2.0,2.0,300.0
4356,480.0,20.0,20.0,50.0,2.0,2.0,300.0
4357,330.0,5.0,8.0,50.0,2.0,17.0,300.0
4358,380.0,20.0,8.0,50.0,2.0,2.0,300.0
4359,430.0,5.0,20.0,50.0,2.0,17.0,300.0
4360,480.0,20.0,20.0,50.0,2.0,17.0,300.0
4361,400.0,20.0,20.0,30.0,2.0,2.0,300.0
4362,430.0,5.0,20.0,50.0,6.0,17.0,300.0
4363,350.0,5.0,20.0,30.0,2.0,2.0,300.0
4364,350.0,5.0,20.0,30.0,2.0,2.0,300.0
4365,380.0,20.0,8.0,50.0,2.0,2.0,300.0
4366,480.0,20.0,20.0,50.0,2.0,17.0,300.0
4367,350.0,5.0,20.0,30.0,2.0,2.0,300.0
4368,380.0,20.0,8.0,50.0,6.0,17.0,300.0
4369,400.0,20.0,20.0,30.0,2.0,2.0,300.0
4370,480.0,20.0,20.0,50.0,2.0,17.0,300.0
4371,430.0,5.0,20.0,50.0,6.0,17.0,300.0
4372,250.0,5.0,8.0,30.0,2.0,2.0,300.0
4373,480.0,20.0,20.0,50.0,6.0,2.0,300.0
4374,400.0,20.0,20.0,30.0,2.0,2.0,300.0
4375,400.0,20.0,20.0,30.0,2.0,2.0,300.0
4376,350.0,5.0,20.0,30.0,2.0,2.0,300.0
4377,330.0,5.0,8.0,50.0,2.0,2.0,300.0
4378,480.0,20.0,20.0,50.0,2.0,2.0,300.0
4379,400.0,20.0,20.0,30.0,6.0,2.0,300.0
4380,400.0,20.0,20.0,30.0,2.0,2.0,300.0
4381,430.0,5.0,20.0,50.0,2.0,17.0,300.0
4382,300.0,20.0,8.0,30.0,6.0,2.0,300.0
4383,430.0,5.0,20.0,50.0,2.0,17.0,300.0
4384,400.0,20.0,20.0,30.0,2.0,2.0,300.0
4385,400.0,20.0,20.0,30.0,2.0,2.0,300.0
4386,350.0,5.0,20.0,30.0,2.0,2.0,300.0
4387,380.0,20.0,8.0,50.0,6.0,2.0,300.0
4388,480.0,20.0,20.0,50.0,2.0,17.0,300.0
4389,350.0,5.0,20.0,30.0,6.0,2.0,300.0
4390,480.0,20.0,20.0,50.0,2.0,17.0,300.0
4391,480.0,20.0,20.0,50.0,6.0,2.0,300.0
4392,400.0,20.0,20.0,30.0,2.0,2.0,300.0
4393,330.0,5.0,8.0,50.0,2.0,17.0,300.0
4394,400.0,20.0,20.0,30.0,6.0,2.0,300.0
4395,350.0,5.0,20.0,30.0,2.0,2.0,300.0
4396,350.0,5.0,20.0,30.0,6.0,2.0,300.0
4397,430.0,5.0,20.0,50.0,2.0,17.0,300.0
4398,430.0,5.0,20.0,50.0,2.0,2.0,300.0
4399,350.0,5.0,20.0,30.0,2.0,2.0,300.0
4400,430.0,5.0,20.0,50.0,2.0,17.0,300.0
4401,400.0,20.0,20.0,30.0,6.0,2.0,300.0
4402,350.0,5.0,20.0,30.0,6.0,2.0,300.0
4403,350.0,5.0,20.0,30.0,6.0,2.0,300.0
4404,430.0,5.0,20.0,50.0,2.0,17.0,300.0
4405,400.0,20.0,20.0,30.0,2.0,2.0,300.0
4406,480.0,20.0,20.0,50.0,2.0,17.0,300.0
4407,330.0,5.0,8.0,50.0,2.0,17.0,300.0
4408,480.0,20.0,20.0,50.0,2.0,17.0,300.0
4409,430.0,5.0,20.0,50.0,2.0,2.0,300.0
4410,430.0,5.0,20.0,50.0,2.0,2.0,300.0
4411,400.0,20.0,20.0,30.0,6.0,2.0,300.0
4412,400.0,20.0,20.0,30.0,2.0,2.0,300.0
4413,400.0,20.0,20.0,30.0,2.0,2.0,300.0
4414,400.0,20.0,20.0,30.0,2.0,2.0,300.0
4415,350.0,5.0,20.0,30.0,2.0,2.0,300.0
4416,430.0,5.0,20.0,50.0,6.0,2.0,300.0
4417,480.0,20.0,20.0,50.0,2.0,2.0,300.0
4418,480.0,20.0,20.0,50.0,2.0,2.0,300.0
4419,400.0,20.0,20.0,30.0,2.0,2.0,300.0
4420,350.0,5.0,20.0,30.0,2.0,2.0,300.0
4421,400.0,20.0,20.0,30.0,2.0,2.0,300.0
4422,480.0,20.0,20.0,50.0,2.0,17.0,300.0
4423,350.0,5.0,20.0,30.0,2.0,2.0,300.0
4424,480.0,20.0,20.0,50.0,2.0,2.0,300.0
4425,430.0,5.0,20.0,50.0,2.0,17.0,300.0
4426,350.0,5.0,20.0,30.0,2.0,2.0,300.0
4427,250.0,5.0,8.0,30.0,2.0,2.0,300.0
4428,400.0,20.0,20.0,30.0,2.0,2.0,300.0
4429,350.0,5.0,20.0,30.0,2.0,2.0,300.0
4430,430.0,5.0,20.0,50.0,2.0,2.0,300.0
4431,400.0,20.0,20.0,30.0,2.0,2.0,300.0
4432,480.0,20.0,20.0,50.0,6.0,17.0,300.0
4433,250.0,5.0,8.0,30.0,2.0,2.0,300.0
4434,480.0,20.0,20.0,50.0,2.0,17.0,300.0
4435,480.0,20.0,20.0,50.0,2.0,2.0,300.0
4436,430.0,5.0,20.0,50.0,2.0,17.0,300.0
4437,430.0,5.0,20.0,50.0,2.0,2.0,300.0
4438,480.0,20.0,20.0,50.0,2.0,2.0,300.0
4439,400.0,20.0,20.0,30.0,6.0,2.0,300.0
4440,430.0,5.0,20.0,50.0,6.0,2.0,300.0
4441,480.0,20.0,20.0,50.0,2.0,17.0,300.0
4442,350.0,5.0,20.0,30.0,6.0,2.0,300.0
4443,480.0,20.0,20.0,50.0,2.0,17.0,300.0
4444,400.0,20.0,20.0,30.0,6.0,2.0,300.0
4445,400.0,20.0,20.0,30.0,2.0,2.0,300.0
4446,300.0,20.0,8.0,30.0,2.0,2.0,300.0
4447,480.0,20.0,20.0,50.0,2.0,2.0,300.0
4448,350.0,5.0,20.0,30.0,2.0,2.0,300.0
4449,430.0,5.0,20.0,50.0,2.0,17.0,300.0
4450,480.0,20.0,20.0,50.0,2.0,17.0,300.0
4451,430.0,5.0,20.0,50.0,2.0,2.0,300.0
4452,250.0,5.0,8.0,30.0,2.0,2.0,300.0
4453,380.0,20.0,8.0,50.0,2.0,17.0,300.0
4454,250.0,5.0,8.0,30.0,2.0,2.0,300.0
4455,430.0,5.0,20.0,50.0,2.0,2.0,300.0
4456,250.0,5.0,8.0,30.0,2.0,2.0,300.0
4457,350.0,5.0,20.0,30.0,2.0,2.0,300.0
4458,400.0,20.0,20.0,30.0,2.0,2.0,300.0
4459,430.0,5.0,20.0,50.0,2.0,17.0,300.0
4460,330.0,5.0,8.0,50.0,2.0,17.0,300.0
4461,480.0,20.0,20.0,50.0,6.0,17.0,300.0
4462,480.0,20.0,20.0,50.0,2.0,17.0,300.0
4463,430.0,5.0,20.0,50.0,2.0,2.0,300.0
4464,480.0,20.0,20.0,50.0,2.0,2.0,300.0
4465,300.0,20.0,8.0,30.0,2.0,2.0,300.0
4466,400.0,20.0,20.0,30.0,2.0,2.0,300.0
4467,480.0,20.0,20.0,50.0,2.0,17.0,300.0
4468,430.0,5.0,20.0,50.0,2.0,17.0,300.0
4469,430.0,5.0,20.0,50.0,2.0,17.0,300.0
4470,250.0,5.0,8.0,30.0,6.0,2.0,300.0
4471,480.0,20.0,20.0,50.0,6.0,2.0,300.0
4472,350.0,5.0,20.0,30.0,6.0,2.0,300.0
4473,350.0,5.0,20.0,30.0,2.0,2.0,300.0
4474,400.0,20.0,20.0,30.0,2.0,2.0,300.0
4475,330.0,5.0,8.0,50.0,2.0,17.0,300.0
4476,400.0,20.0,20.0,30.0,2.0,2.0,300.0
4477,480.0,20.0,20.0,50.0,2.0,17.0,300.0
4478,350.0,5.0,20.0,30.0,6.0,2.0,300.0
4479,430.0,5.0,20.0,50.0,6.0,2.0,300.0
4480,480.0,20.0,20.0,50.0,2.0,17.0,300.0
4481,480.0,20.0,20.0,50.0,2.0,2.0,300.0
4482,350.0,5.0,20.0,30.0,2.0,2.0,300.0
4483,400.0,20.0,20.0,30.0,2.0,2.0,300.0
4484,350.0,5.0,20.0,30.0,2.0,2.0,300.0
4485,400.0,20.0,20.0,30.0,2.0,2.0,300.0
4486,480.0,20.0,20.0,50.0,2.0,2.0,300.0
4487,400.0,20.0,20.0,30.0,2.0,2.0,300.0
4488,380.0,20.0,8.0,50.0,2.0,17.0,300.0
4489,480.0,20.0,20.0,50.0,2.0,2.0,300.0
4490,400.0,20.0,20.0,30.0,2.0,2.0,300.0
4491,350.0,5.0,20.0,30.0,2.0,2.0,300.0
4492,300.0,20.0,8.0,30.0,2.0,2.0,300.0
4493,430.0,5.0,20.0,50.0,2.0,17.0,300.0
4494,480.0,20.0,20.0,50.0,6.0,2.0,300.0
4495,400.0,20.0,20.0,30.0,2.0,2.0,300.0
4496,350.0,5.0,20.0,30.0,6.0,2.0,300.0
4497,430.0,5.0,20.0,50.0,2.0,17.0,300.0
4498,400.0,20.0,20.0,30.0,6.0,2.0,300.0
4499,400.0,20.0,20.0,30.0,2.0,2.0,300.0
4500,430.0,5.0,20.0,50.0,2.0,17.0,300.0
4501,480.0,20.0,20.0,50.0,2.0,17.0,300.0
4502,400.0,20.0,20.0,30.0,2.0,2.0,300.0
4503,250.0,5.0,8.0,30.0,2.0,2.0,300.0
4504,300.0,20.0,8.0,30.0,2.0,2.0,300.0
4505,250.0,5.0,8.0,30.0,2.0,2.0,300.0
4506,350.0,5.0,20.0,30.0,2.0,2.0,300.0
4507,480.0,20.0,20.0,50.0,2.0,17.0,300.0
4508,430.0,5.0,20.0,50.0,6.0,17.0,300.0
4509,400.0,20.0,20.0,30.0,2.0,2.0,300.0
4510,480.0,20.0,20.0,50.0,2.0,17.0,300.0
4511,480.0,20.0,20.0,50.0,6.0,17.0,300.0
4512,250.0,5.0,8.0,30.0,2.0,2.0,300.0
4513,430.0,5.0,20.0,50.0,2.0,2.0,300.0
4514,400.0,20.0,20.0,30.0,2.0,2.0,300.0
4515,400.0,20.0,20.0,30.0,2.0,2.0,300.0
4516,480.0,20.0,20.0,50.0,2.0,17.0,300.0
4517,430.0,5.0,20.0,50.0,6.0,2.0,300.0
4518,480.0,20.0,20.0,50.0,2.0,2.0,300.0
4519,400.0,20.0,20.0,30.0,2.0,2.0,300.0
4520,480.0,20.0,20.0,50.0,2.0,2.0,300.0
4521,400.0,20.0,20.0,30.0,6.0,2.0,300.0
4522,250.0,5.0,8.0,30.0,2.0,2.0,300.0
4523,250.0,5.0,8.0,30.0,2.0,2.0,300.0
4524,250.0,5.0,8.0,30.0,2.0,2.0,300.0
4525,350.0,5.0,20.0,30.0,2.0,2.0,300.0
4526,250.0,5.0,8.0,30.0,2.0,2.0,300.0
4527,400.0,20.0,20.0,30.0,2.0,2.0,300.0
4528,350.0,5.0,20.0,30.0,2.0,2.0,300.0
4529,330.0,5.0,8.0,50.0,2.0,17.0,300.0
4530,480.0,20.0,20.0,50.0,2.0,17.0,300.0
4531,480.0,20.0,20.0,50.0,2.0,17.0,300.0
4532,330.0,5.0,8.0,50.0,2.0,2.0,300.0
4533,250.0,5.0,8.0,30.0,2.0,2.0,300.0
4534,480.0,20.0,20.0,50.0,2.0,2.0,300.0
4535,430.0,5.0,20.0,50.0,2.0,2.0,300.0
4536,400.0,20.0,20.0,30.0,2.0,2.0,300.0
4537,480.0,20.0,20.0,50.0,2.0,2.0,300.0
4538,380.0,20.0,8.0,50.0,6.0,2.0,300.0
4539,430.0,5.0,20.0,50.0,2.0,2.0,300.0
4540,430.0,5.0,20.0,50.0,2.0,17.0,300.0
4541,400.0,20.0,20.0,30.0,2.0,2.0,300.0
4542,400.0,20.0,20.0,30.0,2.0,2.0,300.0
4543,480.0,20.0,20.0,50.0,2.0,17.0,300.0
4544,480.0,20.0,20.0,50.0,2.0,2.0,300.0
4545,430.0,5.0,20.0,50.0,2.0,2.0,300.0
4546,300.0,20.0,8.0,30.0,2.0,2.0,300.0
4547,430.0,5.0,20.0,50.0,2.0,17.0,300.0
4548,430.0,5.0,20.0,50.0,2.0,2.0,300.0
4549,480.0,20.0,20.0,50.0,2.0,17.0,300.0
4550,330.0,5.0,8.0,50.0,2.0,2.0,300.0
4551,480.0,20.0,20.0,50.0,2.0,2.0,300.0
4552,480.0,20.0,20.0,50.0,2.0,2.0,300.0
4553,480.0,20.0,20.0,50.0,6.0,17.0,300.0
4554,300.0,20.0,8.0,30.0,2.0,2.0,300.0
4555,400.0,20.0,20.0,30.0,2.0,2.0,300.0
4556,480.0,20.0,20.0,50.0,6.0,2.0,300.0
4557,400.0,20.0,20.0,30.0,2.0,2.0,300.0
4558,430.0,5.0,20.0,50.0,2.0,17.0,300.0
4559,480.0,20.0,20.0,50.0,6.0,2.0,300.0
4560,480.0,20.0,20.0,50.0,2.0,17.0,300.0
4561,400.0,20.0,20.0,30.0,2.0,2.0,300.0
4562,480.0,20.0,20.0,50.0,2.0,17.0,300.0
4563,400.0,20.0,20.0,30.0,2.0,2.0,300.0
4564,400.0,20.0,20.0,30.0,2.0,2.0,300.0
4565,400.0,20.0,20.0,30.0,2.0,2.0,300.0
4566,480.0,20.0,20.0,50.0,2.0,2.0,300.0
4567,430.0,5.0,20.0,50.0,6.0,17.0,300.0
4568,480.0,20.0,20.0,50.0,6.0,17.0,300.0
4569,400.0,20.0,20.0,30.0,2.0,2.0,300.0
4570,300.0,20.0,8.0,30.0,2.0,2.0,300.0
4571,400.0,20.0,20.0,30.0,2.0,2.0,300.0
4572,480.0,20.0,20.0,50.0,2.0,17.0,300.0
4573,480.0,20.0,20.0,50.0,6.0,17.0,300.0
4574,380.0,20.0,8.0,50.0,6.0,17.0,300.0
4575,250.0,5.0,8.0,30.0,2.0,2.0,300.0
4576,430.0,5.0,20.0,50.0,2.0,17.0,300.0
4577,480.0,20.0,20.0,50.0,2.0,2.0,300.0
4578,300.0,20.0,8.0,30.0,6.0,2.0,300.0
4579,330.0,5.0,8.0,50.0,2.0,17.0,300.0
4580,480.0,20.0,20.0,50.0,2.0,2.0,300.0
4581,400.0,20.0,20.0,30.0,2.0,2.0,300.0
4582,480.0,20.0,20.0,50.0,2.0,2.0,300.0
4583,480.0,20.0,20.0,50.0,6.0,17.0,300.0
4584,400.0,20.0,20.0,30.0,2.0,2.0,300.0
4585,400.0,20.0,20.0,30.0,2.0,2.0,300.0
4586,400.0,20.0,20.0,30.0,2.0,2.0,300.0
4587,250.0,5.0,8.0,30.0,2.0,2.0,300.0
4588,480.0,20.0,20.0,50.0,2.0,17.0,300.0
4589,400.0,20.0,20.0,30.0,2.0,2.0,300.0
4590,430.0,5.0,20.0,50.0,6.0,2.0,300.0
4591,400.0,20.0,20.0,30.0,2.0,2.0,300.0
4592,250.0,5.0,8.0,30.0,2.0,2.0,300.0
4593,480.0,20.0,20.0,50.0,2.0,17.0,300.0
4594,400.0,20.0,20.0,30.0,2.0,2.0,300.0
4595,300.0,20.0,8.0,30.0,2.0,2.0,300.0
4596,480.0,20.0,20.0,50.0,6.0,2.0,300.0
4597,430.0,5.0,20.0,50.0,2.0,2.0,300.0
4598,480.0,20.0,20.0,50.0,2.0,17.0,300.0
4599,400.0,20.0,20.0,30.0,6.0,2.0,300.0
4600,350.0,5.0,20.0,30.0,6.0,2.0,300.0
4601,430.0,5.0,20.0,50.0,2.0,2.0,300.0
4602,250.0,5.0,8.0,30.0,2.0,2.0,300.0
4603,250.0,5.0,8.0,30.0,2.0,2.0,300.0
4604,250.0,5.0,8.0,30.0,2.0,2.0,300.0
4605,330.0,5.0,8.0,50.0,2.0,17.0,300.0
4606,400.0,20.0,20.0,30.0,2.0,2.0,300.0
4607,250.0,5.0,8.0,30.0,2.0,2.0,300.0
4608,400.0,20.0,20.0,30.0,2.0,2.0,300.0
4609,480.0,20.0,20.0,50.0,6.0,2.0,300.0
4610,480.0,20.0,20.0,50.0,2.0,2.0,300.0
4611,480.0,20.0,20.0,50.0,2.0,2.0,300.0
4612,400.0,20.0,20.0,30.0,2.0,2.0,300.0
4613,430.0,5.0,20.0,50.0,2.0,2.0,300.0
4614,400.0,20.0,20.0,30.0,2.0,2.0,300.0
4615,250.0,5.0,8.0,30.0,2.0,2.0,300.0
4616,330.0,5.0,8.0,50.0,2.0,17.0,300.0
4617,430.0,5.0,20.0,50.0,2.0,17.0,300.0
4618,430.0,5.0,20.0,50.0,2.0,17.0,300.0
4619,480.0,20.0,20.0,50.0,6.0,17.0,300.0
4620,380.0,20.0,8.0,50.0,2.0,17.0,300.0
4621,250.0,5.0,8.0,30.0,2.0,2.0,300.0
4622,250.0,5.0,8.0,30.0,2.0,2.0,300.0
4623,430.0,5.0,20.0,50.0,2.0,17.0,300.0
4624,480.0,20.0,20.0,50.0,2.0,2.0,300.0
4625,350.0,5.0,20.0,30.0,2.0,2.0,300.0
4626,430.0,5.0,20.0,50.0,2.0,2.0,300.0
4627,430.0,5.0,20.0,50.0,2.0,2.0,300.0
4628,250.0,5.0,8.0,30.0,2.0,2.0,300.0
4629,250.0,5.0,8.0,30.0,2.0,2.0,300.0
4630,430.0,5.0,20.0,50.0,2.0,2.0,300.0
4631,480.0,20.0,20.0,50.0,2.0,17.0,300.0
4632,400.0,20.0,20.0,30.0,6.0,2.0,300.0
4633,480.0,20.0,20.0,50.0,2.0,17.0,300.0
4634,430.0,5.0,20.0,50.0,6.0,2.0,300.0
4635,400.0,20.0,20.0,30.0,2.0,2.0,300.0
4636,250.0,5.0,8.0,30.0,2.0,2.0,300.0
4637,350.0,5.0,20.0,30.0,2.0,2.0,300.0
4638,250.0,5.0,8.0,30.0,2.0,2.0,300.0
4639,400.0,20.0,20.0,30.0,2.0,2.0,300.0
4640,350.0,5.0,20.0,30.0,2.0,2.0,300.0
4641,430.0,5.0,20.0,50.0,6.0,17.0,300.0
4642,430.0,5.0,20.0,50.0,2.0,17.0,300.0
4643,350.0,5.0,20.0,30.0,2.0,2.0,300.0
4644,350.0,5.0,20.0,30.0,2.0,2.0,300.0
4645,250.0,5.0,8.0,30.0,2.0,2.0,300.0
4646,480.0,20.0,20.0,50.0,2.0,2.0,300.0
4647,480.0,20.0,20.0,50.0,6.0,2.0,300.0
4648,480.0,20.0,20.0,50.0,6.0,2.0,300.0
4649,400.0,20.0,20.0,30.0,2.0,2.0,300.0
4650,430.0,5.0,20.0,50.0,2.0,17.0,300.0
4651,480.0,20.0,20.0,50.0,2.0,17.0,300.0
4652,480.0,20.0,20.0,50.0,2.0,17.0,300.0
4653,430.0,5.0,20.0,50.0,2.0,17.0,300.0
4654,350.0,5.0,20.0,30.0,6.0,2.0,300.0
4655,250.0,5.0,8.0,30.0,2.0,2.0,300.0
4656,350.0,5.0,20.0,30.0,2.0,2.0,300.0
4657,430.0,5.0,20.0,50.0,2.0,2.0,300.0
4658,430.0,5.0,20.0,50.0,2.0,17.0,300.0
4659,400.0,20.0,20.0,30.0,6.0,2.0,300.0
4660,250.0,5.0,8.0,30.0,2.0,2.0,300.0
4661,430.0,5.0,20.0,50.0,2.0,2.0,300.0
4662,430.0,5.0,20.0,50.0,6.0,17.0,300.0
4663,430.0,5.0,20.0,50.0,6.0,2.0,300.0
4664,250.0,5.0,8.0,30.0,2.0,2.0,300.0
4665,430.0,5.0,20.0,50.0,6.0,17.0,300.0
4666,400.0,20.0,20.0,30.0,2.0,2.0,300.0
4667,250.0,5.0,8.0,30.0,2.0,2.0,300.0
4668,430.0,5.0,20.0,50.0,2.0,2.0,300.0
4669,480.0,20.0,20.0,50.0,6.0,2.0,300.0
4670,480.0,20.0,20.0,50.0,6.0,2.0,300.0
4671,330.0,5.0,8.0,50.0,6.0,17.0,300.0
4672,430.0,5.0,20.0,50.0,2.0,2.0,300.0
4673,250.0,5.0,8.0,30.0,2.0,2.0,300.0
4674,380.0,20.0,8.0,50.0,2.0,2.0,300.0
4675,430.0,5.0,20.0,50.0,6.0,2.0,300.0
4676,380.0,20.0,8.0,50.0,2.0,2.0,300.0
4677,480.0,20.0,20.0,50.0,2.0,2.0,300.0
4678,430.0,5.0,20.0,50.0,2.0,17.0,300.0
4679,250.0,5.0,8.0,30.0,2.0,2.0,300.0
4680,400.0,20.0,20.0,30.0,6.0,2.0,300.0
4681,430.0,5.0,20.0,50.0,6.0,17.0,300.0
4682,330.0,5.0,8.0,50.0,2.0,17.0,300.0
4683,430.0,5.0,20.0,50.0,2.0,2.0,300.0
4684,400.0,20.0,20.0,30.0,2.0,2.0,300.0
4685,250.0,5.0,8.0,30.0,2.0,2.0,300.0
4686,480.0,20.0,20.0,50.0,2.0,17.0,300.0
4687,480.0,20.0,20.0,50.0,2.0,17.0,300.0
4688,250.0,5.0,8.0,30.0,2.0,2.0,300.0
4689,480.0,20.0,20.0,50.0,2.0,2.0,300.0
4690,480.0,20.0,20.0,50.0,2.0,17.0,300.0
4691,480.0,20.0,20.0,50.0,6.0,2.0,300.0
4692,380.0,20.0,8.0,50.0,2.0,17.0,300.0
4693,400.0,20.0,20.0,30.0,6.0,2.0,300.0
4694,480.0,20.0,20.0,50.0,6.0,2.0,300.0
4695,250.0,5.0,8.0,30.0,2.0,2.0,300.0
4696,330.0,5.0,8.0,50.0,2.0,17.0,300.0
4697,430.0,5.0,20.0,50.0,2.0,2.0,300.0
4698,300.0,20.0,8.0,30.0,2.0,2.0,300.0
4699,350.0,5.0,20.0,30.0,2.0,2.0,300.0
4700,430.0,5.0,20.0,50.0,6.0,2.0,300.0
4701,330.0,5.0,8.0,50.0,2.0,17.0,300.0
4702,250.0,5.0,8.0,30.0,2.0,2.0,300.0
4703,250.0,5.0,8.0,30.0,2.0,2.0,300.0
4704,430.0,5.0,20.0,50.0,2.0,2.0,300.0
4705,430.0,5.0,20.0,50.0,6.0,17.0,300.0
4706,250.0,5.0,8.0,30.0,2.0,2.0,300.0
4707,250.0,5.0,8.0,30.0,2.0,2.0,300.0
4708,400.0,20.0,20.0,30.0,6.0,2.0,300.0
4709,250.0,5.0,8.0,30.0,2.0,2.0,300.0
4710,350.0,5.0,20.0,30.0,2.0,2.0,300.0
4711,350.0,5.0,20.0,30.0,2.0,2.0,300.0
4712,250.0,5.0,8.0,30.0,2.0,2.0,300.0
4713,480.0,20.0,20.0,50.0,6.0,17.0,300.0
4714,480.0,20.0,20.0,50.0,2.0,17.0,300.0
4715,480.0,20.0,20.0,50.0,2.0,2.0,300.0
4716,430.0,5.0,20.0,50.0,2.0,2.0,300.0
4717,480.0,20.0,20.0,50.0,2.0,17.0,300.0
4718,430.0,5.0,20.0,50.0,2.0,17.0,300.0
4719,400.0,20.0,20.0,30.0,6.0,2.0,300.0
4720,250.0,5.0,8.0,30.0,2.0,2.0,300.0
4721,250.0,5.0,8.0,30.0,2.0,2.0,300.0
4722,480.0,20.0,20.0,50.0,2.0,2.0,300.0
4723,350.0,5.0,20.0,30.0,6.0,2.0,300.0
4724,430.0,5.0,20.0,50.0,2.0,2.0,300.0
4725,400.0,20.0,20.0,30.0,2.0,2.0,300.0
4726,430.0,5.0,20.0,50.0,2.0,17.0,300.0
4727,350.0,5.0,20.0,30.0,6.0,2.0,300.0
4728,480.0,20.0,20.0,50.0,6.0,17.0,300.0
4729,430.0,5.0,20.0,50.0,2.0,2.0,300.0
4730,400.0,20.0,20.0,30.0,2.0,2.0,300.0
4731,480.0,20.0,20.0,50.0,6.0,2.0,300.0
4732,250.0,5.0,8.0,30.0,2.0,2.0,300.0
4733,430.0,5.0,20.0,50.0,2.0,2.0,300.0
4734,250.0,5.0,8.0,30.0,2.0,2.0,300.0
4735,400.0,20.0,20.0,30.0,6.0,2.0,300.0
4736,480.0,20.0,20.0,50.0,2.0,2.0,300.0
4737,400.0,20.0,20.0,30.0,6.0,2.0,300.0
4738,430.0,5.0,20.0,50.0,2.0,17.0,300.0
4739,480.0,20.0,20.0,50.0,2.0,17.0,300.0
4740,480.0,20.0,20.0,50.0,2.0,2.0,300.0
4741,430.0,5.0,20.0,50.0,2.0,17.0,300.0
4742,250.0,5.0,8.0,30.0,2.0,2.0,300.0
4743,480.0,20.0,20.0,50.0,2.0,2.0,300.0
4744,350.0,5.0,20.0,30.0,2.0,2.0,300.0
4745,480.0,20.0,20.0,50.0,2.0,2.0,300.0
4746,250.0,5.0,8.0,30.0,2.0,2.0,300.0
4747,350.0,5.0,20.0,30.0,2.0,2.0,300.0
4748,380.0,20.0,8.0,50.0,2.0,17.0,300.0
4749,400.0,20.0,20.0,30.0,2.0,2.0,300.0
4750,350.0,5.0,20.0,30.0,2.0,2.0,300.0
4751,350.0,5.0,20.0,30.0,2.0,2.0,300.0
4752,430.0,5.0,20.0,50.0,6.0,2.0,300.0
4753,400.0,20.0,20.0,30.0,2.0,2.0,300.0
4754,480.0,20.0,20.0,50.0,6.0,2.0,300.0
4755,480.0,20.0,20.0,50.0,6.0,17.0,300.0
4756,250.0,5.0,8.0,30.0,2.0,2.0,300.0
4757,430.0,5.0,20.0,50.0,2.0,2.0,300.0
4758,350.0,5.0,20.0,30.0,2.0,2.0,300.0
4759,250.0,5.0,8.0,30.0,2.0,2.0,300.0
4760,250.0,5.0,8.0,30.0,2.0,2.0,300.0
4761,480.0,20.0,20.0,50.0,2.0,17.0,300.0
4762,250.0,5.0,8.0,30.0,2.0,2.0,300.0
4763,480.0,20.0,20.0,50.0,2.0,2.0,300.0
4764,430.0,5.0,20.0,50.0,2.0,17.0,300.0
4765,300.0,20.0,8.0,30.0,2.0,2.0,300.0
4766,480.0,20.0,20.0,50.0,2.0,2.0,300.0
4767,400.0,20.0,20.0,30.0,2.0,2.0,300.0
4768,480.0,20.0,20.0,50.0,2.0,17.0,300.0
4769,430.0,5.0,20.0,50.0,2.0,17.0,300.0
4770,430.0,5.0,20.0,50.0,6.0,2.0,300.0
4771,400.0,20.0,20.0,30.0,2.0,2.0,300.0
4772,430.0,5.0,20.0,50.0,6.0,2.0,300.0
4773,350.0,5.0,20.0,30.0,6.0,2.0,300.0
4774,430.0,5.0,20.0,50.0,2.0,17.0,300.0
4775,480.0,20.0,20.0,50.0,6.0,17.0,300.0
4776,430.0,5.0,20.0,50.0,6.0,2.0,300.0
4777,250.0,5.0,8.0,30.0,2.0,2.0,300.0
4778,330.0,5.0,8.0,50.0,2.0,17.0,300.0
4779,400.0,20.0,20.0,30.0,2.0,2.0,300.0
4780,350.0,5.0,20.0,30.0,2.0,2.0,300.0
4781,330.0,5.0,8.0,50.0,2.0,17.0,300.0
4782,480.0,20.0,20.0,50.0,2.0,2.0,300.0
4783,430.0,5.0,20.0,50.0,2.0,2.0,300.0
4784,400.0,20.0,20.0,30.0,2.0,2.0,300.0
4785,250.0,5.0,8.0,30.0,2.0,2.0,300.0
4786,400.0,20.0,20.0,30.0,2.0,2.0,300.0
4787,430.0,5.0,20.0,50.0,2.0,2.0,300.0
4788,330.0,5.0,8.0,50.0,2.0,17.0,300.0
4789,430.0,5.0,20.0,50.0,2.0,17.0,300.0
4790,430.0,5.0,20.0,50.0,2.0,2.0,300.0
4791,300.0,20.0,8.0,30.0,2.0,2.0,300.0
4792,480.0,20.0,20.0,50.0,2.0,2.0,300.0
4793,250.0,5.0,8.0,30.0,2.0,2.0,300.0
4794,350.0,5.0,20.0,30.0,6.0,2.0,300.0
4795,430.0,5.0,20.0,50.0,6.0,2.0,300.0
4796,350.0,5.0,20.0,30.0,2.0,2.0,300.0
4797,250.0,5.0,8.0,30.0,2.0,2.0,300.0
4798,480.0,20.0,20.0,50.0,6.0,17.0,300.0
4799,400.0,20.0,20.0,30.0,2.0,2.0,300.0
4800,480.0,20.0,20.0,50.0,2.0,2.0,300.0
4801,430.0,5.0,20.0,50.0,2.0,2.0,300.0
4802,480.0,20.0,20.0,50.0,2.0,2.0,300.0
4803,250.0,5.0,8.0,30.0,2.0,2.0,300.0
4804,400.0,20.0,20.0,30.0,2.0,2.0,300.0
4805,400.0,20.0,20.0,30.0,2.0,2.0,300.0
4806,350.0,5.0,20.0,30.0,2.0,2.0,300.0
4807,400.0,20.0,20.0,30.0,2.0,2.0,300.0
4808,400.0,20.0,20.0,30.0,6.0,2.0,300.0
4809,480.0,20.0,20.0,50.0,2.0,2.0,300.0
4810,480.0,20.0,20.0,50.0,2.0,17.0,300.0
4811,430.0,5.0,20.0,50.0,2.0,2.0,300.0
4812,480.0,20.0,20.0,50.0,2.0,2.0,300.0
4813,350.0,5.0,20.0,30.0,2.0,2.0,300.0
4814,330.0,5.0,8.0,50.0,2.0,17.0,300.0
4815,430.0,5.0,20.0,50.0,6.0,2.0,300.0
4816,430.0,5.0,20.0,50.0,2.0,17.0,300.0
4817,400.0,20.0,20.0,30.0,6.0,2.0,300.0
4818,480.0,20.0,20.0,50.0,6.0,2.0,300.0
4819,430.0,5.0,20.0,50.0,2.0,2.0,300.0
4820,350.0,5.0,20.0,30.0,2.0,2.0,300.0
4821,350.0,5.0,20.0,30.0,6.0,2.0,300.0
4822,350.0,5.0,20.0,30.0,2.0,2.0,300.0
4823,330.0,5.0,8.0,50.0,2.0,17.0,300.0
4824,400.0,20.0,20.0,30.0,2.0,2.0,300.0
4825,250.0,5.0,8.0,30.0,2.0,2.0,300.0
4826,400.0,20.0,20.0,30.0,2.0,2.0,300.0
4827,380.0,20.0,8.0,50.0,2.0,17.0,300.0
4828,350.0,5.0,20.0,30.0,2.0,2.0,300.0
4829,430.0,5.0,20.0,50.0,6.0,2.0,300.0
4830,430.0,5.0,20.0,50.0,2.0,17.0,300.0
4831,480.0,20.0,20.0,50.0,2.0,2.0,300.0
4832,480.0,20.0,20.0,50.0,6.0,17.0,300.0
4833,250.0,5.0,8.0,30.0,2.0,2.0,300.0
4834,350.0,5.0,20.0,30.0,2.0,2.0,300.0
4835,250.0,5.0,8.0,30.0,6.0,2.0,300.0
4836,480.0,20.0,20.0,50.0,2.0,2.0,300.0
4837,430.0,5.0,20.0,50.0,2.0,2.0,300.0
4838,430.0,5.0,20.0,50.0,2.0,2.0,300.0
4839,250.0,5.0,8.0,30.0,2.0,2.0,300.0
4840,400.0,20.0,20.0,30.0,2.0,2.0,300.0
4841,300.0,20.0,8.0,30.0,2.0,2.0,300.0
4842,350.0,5.0,20.0,30.0,2.0,2.0,300.0
4843,380.0,20.0,8.0,50.0,2.0,17.0,300.0
4844,250.0,5.0,8.0,30.0,2.0,2.0,300.0
4845,400.0,20.0,20.0,30.0,2.0,2.0,300.0
4846,480.0,20.0,20.0,50.0,6.0,2.0,300.0
4847,430.0,5.0,20.0,50.0,6.0,2.0,300.0
4848,350.0,5.0,20.0,30.0,2.0,2.0,300.0
4849,250.0,5.0,8.0,30.0,2.0,2.0,300.0
4850,480.0,20.0,20.0,50.0,2.0,2.0,300.0
4851,300.0,20.0,8.0,30.0,2.0,2.0,300.0
4852,430.0,5.0,20.0,50.0,2.0,17.0,300.0
4853,350.0,5.0,20.0,30.0,2.0,2.0,300.0
4854,430.0,5.0,20.0,50.0,2.0,17.0,300.0
4855,430.0,5.0,20.0,50.0,2.0,2.0,300.0
4856,400.0,20.0,20.0,30.0,6.0,2.0,300.0
4857,430.0,5.0,20.0,50.0,2.0,17.0,300.0
4858,480.0,20.0,20.0,50.0,2.0,17.0,300.0
4859,350.0,5.0,20.0,30.0,2.0,2.0,300.0
4860,350.0,5.0,20.0,30.0,2.0,2.0,300.0
4861,300.0,20.0,8.0,30.0,2.0,2.0,300.0
4862,430.0,5.0,20.0,50.0,6.0,17.0,300.0
4863,480.0,20.0,20.0,50.0,2.0,17.0,300.0
4864,400.0,20.0,20.0,30.0,2.0,2.0,300.0
4865,380.0,20.0,8.0,50.0,2.0,17.0,300.0
4866,250.0,5.0,8.0,30.0,6.0,2.0,300.0
4867,430.0,5.0,20.0,50.0,2.0,2.0,300.0
4868,430.0,5.0,20.0,50.0,2.0,2.0,300.0
4869,480.0,20.0,20.0,50.0,6.0,2.0,300.0
4870,480.0,20.0,20.0,50.0,2.0,2.0,300.0
4871,400.0,20.0,20.0,30.0,2.0,2.0,300.0
4872,480.0,20.0,20.0,50.0,2.0,17.0,300.0
4873,430.0,5.0,20.0,50.0,2.0,17.0,300.0
4874,430.0,5.0,20.0,50.0,2.0,17.0,300.0
4875,400.0,20.0,20.0,30.0,6.0,2.0,300.0
4876,430.0,5.0,20.0,50.0,2.0,2.0,300.0
4877,480.0,20.0,20.0,50.0,2.0,2.0,300.0
4878,250.0,5.0,8.0,30.0,2.0,2.0,300.0
4879,400.0,20.0,20.0,30.0,2.0,2.0,300.0
4880,350.0,5.0,20.0,30.0,2.0,2.0,300.0
4881,430.0,5.0,20.0,50.0,6.0,17.0,300.0
4882,480.0,20.0,20.0,50.0,6.0,2.0,300.0
4883,480.0,20.0,20.0,50.0,2.0,17.0,300.0
4884,430.0,5.0,20.0,50.0,2.0,2.0,300.0
4885,480.0,20.0,20.0,50.0,6.0,17.0,300.0
4886,400.0,20.0,20.0,30.0,6.0,2.0,300.0
4887,430.0,5.0,20.0,50.0,2.0,2.0,300.0
4888,480.0,20.0,20.0,50.0,2.0,17.0,300.0
4889,400.0,20.0,20.0,30.0,2.0,2.0,300.0
4890,400.0,20.0,20.0,30.0,6.0,2.0,300.0
4891,350.0,5.0,20.0,30.0,6.0,2.0,300.0
4892,480.0,20.0,20.0,50.0,2.0,17.0,300.0
4893,430.0,5.0,20.0,50.0,6.0,2.0,300.0
4894,430.0,5.0,20.0,50.0,2.0,17.0,300.0
4895,400.0,20.0,20.0,30.0,2.0,2.0,300.0
4896,350.0,5.0,20.0,30.0,6.0,2.0,300.0
4897,400.0,20.0,20.0,30.0,2.0,2.0,300.0
4898,350.0,5.0,20.0,30.0,2.0,2.0,300.0
4899,480.0,20.0,20.0,50.0,2.0,17.0,300.0
4900,350.0,5.0,20.0,30.0,2.0,2.0,300.0
4901,430.0,5.0,20.0,50.0,2.0,2.0,300.0
4902,380.0,20.0,8.0,50.0,2.0,2.0,300.0
4903,430.0,5.0,20.0,50.0,2.0,17.0,300.0
4904,480.0,20.0,20.0,50.0,2.0,2.0,300.0
4905,400.0,20.0,20.0,30.0,2.0,2.0,300.0
4906,400.0,20.0,20.0,30.0,2.0,2.0,300.0
4907,430.0,5.0,20.0,50.0,2.0,17.0,300.0
4908,330.0,5.0,8.0,50.0,2.0,17.0,300.0
4909,350.0,5.0,20.0,30.0,2.0,2.0,300.0
4910,380.0,20.0,8.0,50.0,6.0,17.0,300.0
4911,430.0,5.0,20.0,50.0,2.0,2.0,300.0
4912,250.0,5.0,8.0,30.0,2.0,2.0,300.0
4913,430.0,5.0,20.0,50.0,2.0,2.0,300.0
4914,330.0,5.0,8.0,50.0,2.0,2.0,300.0
4915,430.0,5.0,20.0,50.0,6.0,2.0,300.0
4916,430.0,5.0,20.0,50.0,2.0,2.0,300.0
4917,480.0,20.0,20.0,50.0,6.0,2.0,300.0
4918,350.0,5.0,20.0,30.0,2.0,2.0,300.0
4919,480.0,20.0,20.0,50.0,2.0,17.0,300.0
4920,430.0,5.0,20.0,50.0,2.0,2.0,300.0
4921,400.0,20.0,20.0,30.0,2.0,2.0,300.0
4922,330.0,5.0,8.0,50.0,2.0,17.0,300.0
4923,400.0,20.0,20.0,30.0,6.0,2.0,300.0
4924,350.0,5.0,20.0,30.0,2.0,2.0,300.0
4925,480.0,20.0,20.0,50.0,2.0,2.0,300.0
4926,430.0,5.0,20.0,50.0,2.0,2.0,300.0
4927,480.0,20.0,20.0,50.0,2.0,2.0,300.0
4928,400.0,20.0,20.0,30.0,2.0,2.0,300.0
4929,430.0,5.0,20.0,50.0,6.0,2.0,300.0
4930,300.0,20.0,8.0,30.0,2.0,2.0,300.0
4931,480.0,20.0,20.0,50.0,2.0,17.0,300.0
4932,380.0,20.0,8.0,50.0,6.0,2.0,300.0
4933,350.0,5.0,20.0,30.0,2.0,2.0,300.0
4934,430.0,5.0,20.0,50.0,2.0,2.0,300.0
4935,480.0,20.0,20.0,50.0,2.0,17.0,300.0
4936,250.0,5.0,8.0,30.0,6.0,2.0,300.0
4937,430.0,5.0,20.0,50.0,2.0,17.0,300.0
4938,400.0,20.0,20.0,30.0,2.0,2.0,300.0
4939,400.0,20.0,20.0,30.0,2.0,2.0,300.0
4940,400.0,20.0,20.0,30.0,6.0,2.0,300.0
4941,430.0,5.0,20.0,50.0,6.0,17.0,300.0
4942,300.0,20.0,8.0,30.0,2.0,2.0,300.0
4943,430.0,5.0,20.0,50.0,6.0,17.0,300.0
4944,400.0,20.0,20.0,30.0,6.0,2.0,300.0
4945,430.0,5.0,20.0,50.0,6.0,17.0,300.0
4946,480.0,20.0,20.0,50.0,2.0,2.0,300.0
4947,480.0,20.0,20.0,50.0,2.0,17.0,300.0
4948,480.0,20.0,20.0,50.0,2.0,17.0,300.0
4949,250.0,5.0,8.0,30.0,2.0,2.0,300.0
4950,430.0,5.0,20.0,50.0,2.0,2.0,300.0
4951,300.0,20.0,8.0,30.0,2.0,2.0,300.0
4952,480.0,20.0,20.0,50.0,6.0,17.0,300.0
4953,430.0,5.0,20.0,50.0,6.0,2.0,300.0
4954,430.0,5.0,20.0,50.0,2.0,2.0,300.0
4955,430.0,5.0,20.0,50.0,2.0,2.0,300.0
4956,430.0,5.0,20.0,50.0,2.0,17.0,300.0
4957,330.0,5.0,8.0,50.0,2.0,17.0,300.0
4958,350.0,5.0,20.0,30.0,2.0,2.0,300.0
4959,480.0,20.0,20.0,50.0,2.0,2.0,300.0
4960,430.0,5.0,20.0,50.0,6.0,2.0,300.0
4961,330.0,5.0,8.0,50.0,2.0,17.0,300.0
4962,350.0,5.0,20.0,30.0,2.0,2.0,300.0
4963,430.0,5.0,20.0,50.0,2.0,2.0,300.0
4964,400.0,20.0,20.0,30.0,6.0,2.0,300.0
4965,430.0,5.0,20.0,50.0,2.0,2.0,300.0
4966,350.0,5.0,20.0,30.0,2.0,2.0,300.0
4967,350.0,5.0,20.0,30.0,2.0,2.0,300.0
4968,400.0,20.0,20.0,30.0,2.0,2.0,300.0
4969,250.0,5.0,8.0,30.0,2.0,2.0,300.0
4970,430.0,5.0,20.0,50.0,2.0,17.0,300.0
4971,480.0,20.0,20.0,50.0,6.0,17.0,300.0
4972,480.0,20.0,20.0,50.0,6.0,2.0,300.0
4973,400.0,20.0,20.0,30.0,2.0,2.0,300.0
4974,430.0,5.0,20.0,50.0,6.0,2.0,300.0
4975,480.0,20.0,20.0,50.0,2.0,17.0,300.0
4976,480.0,20.0,20.0,50.0,6.0,2.0,300.0
4977,480.0,20.0,20.0,50.0,6.0,2.0,300.0
4978,400.0,20.0,20.0,30.0,2.0,2.0,300.0
4979,400.0,20.0,20.0,30.0,2.0,2.0,300.0
4980,250.0,5.0,8.0,30.0,2.0,2.0,300.0
4981,350.0,5.0,20.0,30.0,2.0,2.0,300.0
4982,250.0,5.0,8.0,30.0,2.0,2.0,300.0
4983,480.0,20.0,20.0,50.0,6.0,17.0,300.0
4984,330.0,5.0,8.0,50.0,2.0,17.0,300.0
4985,250.0,5.0,8.0,30.0,2.0,2.0,300.0
4986,350.0,5.0,20.0,30.0,2.0,2.0,300.0
4987,350.0,5.0,20.0,30.0,2.0,2.0,300.0
4988,480.0,20.0,20.0,50.0,2.0,2.0,300.0
4989,480.0,20.0,20.0,50.0,6.0,17.0,300.0
4990,400.0,20.0,20.0,30.0,2.0,2.0,300.0
4991,350.0,5.0,20.0,30.0,2.0,2.0,300.0
4992,380.0,20.0,8.0,50.0,6.0,2.0,300.0
4993,400.0,20.0,20.0,30.0,2.0,2.0,300.0
4994,350.0,5.0,20.0,30.0,2.0,2.0,300.0
4995,400.0,20.0,20.0,30.0,2.0,2.0,300.0
4996,400.0,20.0,20.0,30.0,2.0,2.0,300.0
4997,480.0,20.0,20.0,50.0,2.0,2.0,300.0
4998,300.0,20.0,8.0,30.0,2.0,2.0,300.0
4999,400.0,20.0,20.0,30.0,2.0,2.0,300.0
5000,250.0,5.0,8.0,30.0,2.0,2.0,300.0
5001,400.0,20.0,20.0,30.0,2.0,2.0,300.0
5002,430.0,5.0,20.0,50.0,2.0,2.0,300.0
5003,430.0,5.0,20.0,50.0,6.0,17.0,300.0
5004,430.0,5.0,20.0,50.0,2.0,2.0,300.0
5005,380.0,20.0,8.0,50.0,2.0,17.0,300.0
5006,400.0,20.0,20.0,30.0,2.0,2.0,300.0
5007,480.0,20.0,20.0,50.0,6.0,17.0,300.0
5008,400.0,20.0,20.0,30.0,2.0,2.0,300.0
5009,480.0,20.0,20.0,50.0,2.0,17.0,300.0
5010,400.0,20.0,20.0,30.0,2.0,2.0,300.0
5011,430.0,5.0,20.0,50.0,2.0,2.0,300.0
5012,430.0,5.0,20.0,50.0,2.0,2.0,300.0
5013,330.0,5.0,8.0,50.0,6.0,17.0,300.0
5014,250.0,5.0,8.0,30.0,2.0,2.0,300.0
5015,300.0,20.0,8.0,30.0,2.0,2.0,300.0
5016,480.0,20.0,20.0,50.0,6.0,17.0,300.0
5017,430.0,5.0,20.0,50.0,2.0,17.0,300.0
5018,330.0,5.0,8.0,50.0,6.0,2.0,300.0
5019,400.0,20.0,20.0,30.0,2.0,2.0,300.0
5020,250.0,5.0,8.0,30.0,2.0,2.0,300.0
5021,480.0,20.0,20.0,50.0,6.0,17.0,300.0
5022,400.0,20.0,20.0,30.0,2.0,2.0,300.0
5023,400.0,20.0,20.0,30.0,2.0,2.0,300.0
5024,330.0,5.0,8.0,50.0,2.0,2.0,300.0
5025,400.0,20.0,20.0,30.0,2.0,2.0,300.0
5026,350.0,5.0,20.0,30.0,2.0,2.0,300.0
5027,250.0,5.0,8.0,30.0,2.0,2.0,300.0
5028,350.0,5.0,20.0,30.0,2.0,2.0,300.0
5029,400.0,20.0,20.0,30.0,2.0,2.0,300.0
5030,430.0,5.0,20.0,50.0,2.0,2.0,300.0
5031,350.0,5.0,20.0,30.0,2.0,2.0,300.0
5032,430.0,5.0,20.0,50.0,2.0,2.0,300.0
5033,480.0,20.0,20.0,50.0,2.0,17.0,300.0
5034,350.0,5.0,20.0,30.0,2.0,2.0,300.0
5035,480.0,20.0,20.0,50.0,2.0,2.0,300.0
5036,430.0,5.0,20.0,50.0,2.0,2.0,300.0
5037,330.0,5.0,8.0,50.0,2.0,17.0,300.0
5038,400.0,20.0,20.0,30.0,6.0,2.0,300.0
5039,430.0,5.0,20.0,50.0,2.0,2.0,300.0
5040,430.0,5.0,20.0,50.0,6.0,2.0,300.0
5041,480.0,20.0,20.0,50.0,2.0,2.0,300.0
5042,480.0,20.0,20.0,50.0,6.0,2.0,300.0
5043,400.0,20.0,20.0,30.0,2.0,2.0,300.0
5044,250.0,5.0,8.0,30.0,2.0,2.0,300.0
5045,330.0,5.0,8.0,50.0,2.0,17.0,300.0
5046,480.0,20.0,20.0,50.0,2.0,17.0,300.0
5047,430.0,5.0,20.0,50.0,2.0,2.0,300.0
5048,430.0,5.0,20.0,50.0,6.0,17.0,300.0
5049,430.0,5.0,20.0,50.0,2.0,2.0,300.0
5050,400.0,20.0,20.0,30.0,2.0,2.0,300.0
5051,330.0,5.0,8.0,50.0,6.0,2.0,300.0
5052,430.0,5.0,20.0,50.0,6.0,2.0,300.0
5053,430.0,5.0,20.0,50.0,2.0,17.0,300.0
5054,430.0,5.0,20.0,50.0,2.0,17.0,300.0
5055,400.0,20.0,20.0,30.0,2.0,2.0,300.0
5056,480.0,20.0,20.0,50.0,2.0,17.0,300.0
5057,250.0,5.0,8.0,30.0,2.0,2.0,300.0
5058,480.0,20.0,20.0,50.0,2.0,2.0,300.0
5059,430.0,5.0,20.0,50.0,6.0,17.0,300.0
5060,400.0,20.0,20.0,30.0,2.0,2.0,300.0
5061,400.0,20.0,20.0,30.0,2.0,2.0,300.0
5062,430.0,5.0,20.0,50.0,2.0,2.0,300.0
5063,350.0,5.0,20.0,30.0,2.0,2.0,300.0
5064,380.0,20.0,8.0,50.0,2.0,2.0,300.0
5065,250.0,5.0,8.0,30.0,2.0,2.0,300.0
5066,400.0,20.0,20.0,30.0,6.0,2.0,300.0
5067,250.0,5.0,8.0,30.0,2.0,2.0,300.0
5068,430.0,5.0,20.0,50.0,2.0,17.0,300.0
5069,330.0,5.0,8.0,50.0,2.0,17.0,300.0
5070,480.0,20.0,20.0,50.0,2.0,17.0,300.0
5071,350.0,5.0,20.0,30.0,2.0,2.0,300.0
5072,430.0,5.0,20.0,50.0,6.0,17.0,300.0
5073,480.0,20.0,20.0,50.0,2.0,2.0,300.0
5074,430.0,5.0,20.0,50.0,2.0,17.0,300.0
5075,400.0,20.0,20.0,30.0,6.0,2.0,300.0
5076,250.0,5.0,8.0,30.0,2.0,2.0,300.0
5077,400.0,20.0,20.0,30.0,2.0,2.0,300.0
5078,430.0,5.0,20.0,50.0,6.0,2.0,300.0
5079,350.0,5.0,20.0,30.0,6.0,2.0,300.0
5080,430.0,5.0,20.0,50.0,2.0,17.0,300.0
5081,400.0,20.0,20.0,30.0,2.0,2.0,300.0
5082,430.0,5.0,20.0,50.0,2.0,17.0,300.0
5083,430.0,5.0,20.0,50.0,2.0,2.0,300.0
5084,480.0,20.0,20.0,50.0,2.0,17.0,300.0
5085,350.0,5.0,20.0,30.0,2.0,2.0,300.0
5086,480.0,20.0,20.0,50.0,2.0,2.0,300.0
5087,400.0,20.0,20.0,30.0,2.0,2.0,300.0
5088,430.0,5.0,20.0,50.0,6.0,17.0,300.0
5089,430.0,5.0,20.0,50.0,2.0,17.0,300.0
5090,350.0,5.0,20.0,30.0,2.0,2.0,300.0
5091,430.0,5.0,20.0,50.0,2.0,2.0,300.0
5092,350.0,5.0,20.0,30.0,2.0,2.0,300.0
5093,250.0,5.0,8.0,30.0,2.0,2.0,300.0
5094,250.0,5.0,8.0,30.0,2.0,2.0,300.0
5095,430.0,5.0,20.0,50.0,2.0,2.0,300.0
5096,250.0,5.0,8.0,30.0,2.0,2.0,300.0
5097,430.0,5.0,20.0,50.0,6.0,17.0,300.0
5098,480.0,20.0,20.0,50.0,2.0,17.0,300.0
5099,350.0,5.0,20.0,30.0,2.0,2.0,300.0
5100,250.0,5.0,8.0,30.0,2.0,2.0,300.0
5101,430.0,5.0,20.0,50.0,2.0,2.0,300.0
5102,350.0,5.0,20.0,30.0,2.0,2.0,300.0
5103,430.0,5.0,20.0,50.0,2.0,2.0,300.0
5104,480.0,20.0,20.0,50.0,2.0,2.0,300.0
5105,480.0,20.0,20.0,50.0,2.0,17.0,300.0
5106,400.0,20.0,20.0,30.0,2.0,2.0,300.0
5107,350.0,5.0,20.0,30.0,6.0,2.0,300.0
5108,480.0,20.0,20.0,50.0,2.0,2.0,300.0
5109,300.0,20.0,8.0,30.0,6.0,2.0,300.0
5110,430.0,5.0,20.0,50.0,2.0,2.0,300.0
5111,300.0,20.0,8.0,30.0,6.0,2.0,300.0
5112,400.0,20.0,20.0,30.0,2.0,2.0,300.0
5113,430.0,5.0,20.0,50.0,2.0,2.0,300.0
5114,430.0,5.0,20.0,50.0,2.0,2.0,300.0
5115,350.0,5.0,20.0,30.0,6.0,2.0,300.0
5116,480.0,20.0,20.0,50.0,2.0,2.0,300.0
5117,400.0,20.0,20.0,30.0,2.0,2.0,300.0
5118,250.0,5.0,8.0,30.0,2.0,2.0,300.0
5119,250.0,5.0,8.0,30.0,2.0,2.0,300.0
5120,480.0,20.0,20.0,50.0,2.0,17.0,300.0
5121,480.0,20.0,20.0,50.0,2.0,2.0,300.0
5122,350.0,5.0,20.0,30.0,2.0,2.0,300.0
5123,400.0,20.0,20.0,30.0,6.0,2.0,300.0
5124,430.0,5.0,20.0,50.0,2.0,17.0,300.0
5125,480.0,20.0,20.0,50.0,2.0,17.0,300.0
5126,250.0,5.0,8.0,30.0,6.0,2.0,300.0
5127,430.0,5.0,20.0,50.0,2.0,17.0,300.0
5128,250.0,5.0,8.0,30.0,2.0,2.0,300.0
5129,480.0,20.0,20.0,50.0,2.0,2.0,300.0
5130,430.0,5.0,20.0,50.0,2.0,2.0,300.0
5131,250.0,5.0,8.0,30.0,6.0,2.0,300.0
5132,480.0,20.0,20.0,50.0,6.0,2.0,300.0
5133,430.0,5.0,20.0,50.0,2.0,2.0,300.0
5134,430.0,5.0,20.0,50.0,6.0,2.0,300.0
5135,350.0,5.0,20.0,30.0,6.0,2.0,300.0
5136,250.0,5.0,8.0,30.0,2.0,2.0,300.0
5137,380.0,20.0,8.0,50.0,2.0,2.0,300.0
5138,400.0,20.0,20.0,30.0,6.0,2.0,300.0
5139,350.0,5.0,20.0,30.0,2.0,2.0,300.0
5140,480.0,20.0,20.0,50.0,2.0,2.0,300.0
5141,250.0,5.0,8.0,30.0,2.0,2.0,300.0
5142,480.0,20.0,20.0,50.0,2.0,17.0,300.0
5143,350.0,5.0,20.0,30.0,2.0,2.0,300.0
5144,330.0,5.0,8.0,50.0,2.0,2.0,300.0
5145,430.0,5.0,20.0,50.0,2.0,2.0,300.0
5146,400.0,20.0,20.0,30.0,2.0,2.0,300.0
5147,480.0,20.0,20.0,50.0,2.0,17.0,300.0
5148,330.0,5.0,8.0,50.0,6.0,17.0,300.0
5149,400.0,20.0,20.0,30.0,6.0,2.0,300.0
5150,400.0,20.0,20.0,30.0,2.0,2.0,300.0
5151,350.0,5.0,20.0,30.0,2.0,2.0,300.0
5152,480.0,20.0,20.0,50.0,2.0,17.0,300.0
5153,430.0,5.0,20.0,50.0,2.0,2.0,300.0
5154,480.0,20.0,20.0,50.0,6.0,2.0,300.0
5155,400.0,20.0,20.0,30.0,2.0,2.0,300.0
5156,480.0,20.0,20.0,50.0,6.0,17.0,300.0
5157,480.0,20.0,20.0,50.0,2.0,17.0,300.0
5158,400.0,20.0,20.0,30.0,6.0,2.0,300.0
5159,400.0,20.0,20.0,30.0,2.0,2.0,300.0
5160,480.0,20.0,20.0,50.0,2.0,2.0,300.0
5161,350.0,5.0,20.0,30.0,2.0,2.0,300.0
5162,430.0,5.0,20.0,50.0,2.0,2.0,300.0
5163,250.0,5.0,8.0,30.0,2.0,2.0,300.0
5164,480.0,20.0,20.0,50.0,2.0,2.0,300.0
5165,250.0,5.0,8.0,30.0,2.0,2.0,300.0
5166,480.0,20.0,20.0,50.0,2.0,2.0,300.0
5167,250.0,5.0,8.0,30.0,2.0,2.0,300.0
5168,350.0,5.0,20.0,30.0,2.0,2.0,300.0
5169,380.0,20.0,8.0,50.0,2.0,17.0,300.0
5170,430.0,5.0,20.0,50.0,2.0,2.0,300.0
5171,430.0,5.0,20.0,50.0,2.0,17.0,300.0
5172,250.0,5.0,8.0,30.0,2.0,2.0,300.0
5173,480.0,20.0,20.0,50.0,2.0,2.0,300.0
5174,400.0,20.0,20.0,30.0,2.0,2.0,300.0
5175,430.0,5.0,20.0,50.0,6.0,2.0,300.0
5176,350.0,5.0,20.0,30.0,2.0,2.0,300.0
5177,400.0,20.0,20.0,30.0,2.0,2.0,300.0
5178,480.0,20.0,20.0,50.0,6.0,17.0,300.0
5179,430.0,5.0,20.0,50.0,2.0,2.0,300.0
5180,480.0,20.0,20.0,50.0,2.0,2.0,300.0
5181,250.0,5.0,8.0,30.0,2.0,2.0,300.0
5182,400.0,20.0,20.0,30.0,2.0,2.0,300.0
5183,400.0,20.0,20.0,30.0,2.0,2.0,300.0
5184,430.0,5.0,20.0,50.0,2.0,17.0,300.0
5185,430.0,5.0,20.0,50.0,2.0,2.0,300.0
5186,430.0,5.0,20.0,50.0,2.0,17.0,300.0
5187,400.0,20.0,20.0,30.0,2.0,2.0,300.0
5188,400.0,20.0,20.0,30.0,6.0,2.0,300.0
5189,400.0,20.0,20.0,30.0,2.0,2.0,300.0
5190,350.0,5.0,20.0,30.0,2.0,2.0,300.0
5191,330.0,5.0,8.0,50.0,2.0,2.0,300.0
5192,250.0,5.0,8.0,30.0,2.0,2.0,300.0
5193,430.0,5.0,20.0,50.0,6.0,2.0,300.0
5194,250.0,5.0,8.0,30.0,2.0,2.0,300.0
5195,480.0,20.0,20.0,50.0,2.0,17.0,300.0
5196,430.0,5.0,20.0,50.0,6.0,17.0,300.0
5197,480.0,20.0,20.0,50.0,2.0,17.0,300.0
5198,400.0,20.0,20.0,30.0,2.0,2.0,300.0
5199,250.0,5.0,8.0,30.0,2.0,2.0,300.0
5200,250.0,5.0,8.0,30.0,2.0,2.0,300.0
5201,250.0,5.0,8.0,30.0,2.0,2.0,300.0
5202,430.0,5.0,20.0,50.0,2.0,17.0,300.0
5203,480.0,20.0,20.0,50.0,2.0,17.0,300.0
5204,250.0,5.0,8.0,30.0,2.0,2.0,300.0
5205,250.0,5.0,8.0,30.0,2.0,2.0,300.0
5206,350.0,5.0,20.0,30.0,2.0,2.0,300.0
5207,350.0,5.0,20.0,30.0,6.0,2.0,300.0
5208,480.0,20.0,20.0,50.0,6.0,2.0,300.0
5209,250.0,5.0,8.0,30.0,2.0,2.0,300.0
5210,480.0,20.0,20.0,50.0,2.0,2.0,300.0
5211,480.0,20.0,20.0,50.0,2.0,2.0,300.0
5212,380.0,20.0,8.0,50.0,2.0,2.0,300.0
5213,350.0,5.0,20.0,30.0,2.0,2.0,300.0
5214,300.0,20.0,8.0,30.0,2.0,2.0,300.0
5215,480.0,20.0,20.0,50.0,6.0,17.0,300.0
5216,400.0,20.0,20.0,30.0,2.0,2.0,300.0
5217,350.0,5.0,20.0,30.0,2.0,2.0,300.0
5218,400.0,20.0,20.0,30.0,2.0,2.0,300.0
5219,350.0,5.0,20.0,30.0,2.0,2.0,300.0
5220,250.0,5.0,8.0,30.0,2.0,2.0,300.0
5221,480.0,20.0,20.0,50.0,2.0,17.0,300.0
5222,480.0,20.0,20.0,50.0,6.0,17.0,300.0
5223,480.0,20.0,20.0,50.0,6.0,2.0,300.0
5224,430.0,5.0,20.0,50.0,6.0,2.0,300.0
5225,430.0,5.0,20.0,50.0,6.0,2.0,300.0
5226,250.0,5.0,8.0,30.0,6.0,2.0,300.0
5227,250.0,5.0,8.0,30.0,2.0,2.0,300.0
5228,480.0,20.0,20.0,50.0,2.0,17.0,300.0
5229,250.0,5.0,8.0,30.0,2.0,2.0,300.0
5230,250.0,5.0,8.0,30.0,2.0,2.0,300.0
5231,250.0,5.0,8.0,30.0,2.0,2.0,300.0
5232,480.0,20.0,20.0,50.0,6.0,17.0,300.0
5233,350.0,5.0,20.0,30.0,2.0,2.0,300.0
5234,400.0,20.0,20.0,30.0,2.0,2.0,300.0
5235,430.0,5.0,20.0,50.0,2.0,2.0,300.0
5236,350.0,5.0,20.0,30.0,2.0,2.0,300.0
5237,430.0,5.0,20.0,50.0,2.0,2.0,300.0
5238,480.0,20.0,20.0,50.0,6.0,2.0,300.0
5239,250.0,5.0,8.0,30.0,2.0,2.0,300.0
5240,330.0,5.0,8.0,50.0,6.0,17.0,300.0
5241,250.0,5.0,8.0,30.0,2.0,2.0,300.0
5242,480.0,20.0,20.0,50.0,2.0,2.0,300.0
5243,250.0,5.0,8.0,30.0,2.0,2.0,300.0
5244,430.0,5.0,20.0,50.0,2.0,2.0,300.0
5245,250.0,5.0,8.0,30.0,2.0,2.0,300.0
5246,350.0,5.0,20.0,30.0,2.0,2.0,300.0
5247,300.0,20.0,8.0,30.0,2.0,2.0,300.0
5248,250.0,5.0,8.0,30.0,2.0,2.0,300.0
5249,250.0,5.0,8.0,30.0,2.0,2.0,300.0
5250,480.0,20.0,20.0,50.0,2.0,2.0,300.0
5251,250.0,5.0,8.0,30.0,2.0,2.0,300.0
5252,430.0,5.0,20.0,50.0,2.0,2.0,300.0
5253,480.0,20.0,20.0,50.0,2.0,2.0,300.0
5254,250.0,5.0,8.0,30.0,6.0,2.0,300.0
5255,380.0,20.0,8.0,50.0,2.0,17.0,300.0
5256,430.0,5.0,20.0,50.0,2.0,17.0,300.0
5257,300.0,20.0,8.0,30.0,2.0,2.0,300.0
5258,480.0,20.0,20.0,50.0,2.0,17.0,300.0
5259,480.0,20.0,20.0,50.0,2.0,17.0,300.0
5260,350.0,5.0,20.0,30.0,2.0,2.0,300.0
5261,430.0,5.0,20.0,50.0,2.0,17.0,300.0
5262,250.0,5.0,8.0,30.0,2.0,2.0,300.0
5263,250.0,5.0,8.0,30.0,2.0,2.0,300.0
5264,400.0,20.0,20.0,30.0,2.0,2.0,300.0
5265,480.0,20.0,20.0,50.0,6.0,2.0,300.0
5266,430.0,5.0,20.0,50.0,2.0,17.0,300.0
5267,300.0,20.0,8.0,30.0,6.0,2.0,300.0
5268,480.0,20.0,20.0,50.0,2.0,2.0,300.0
5269,400.0,20.0,20.0,30.0,2.0,2.0,300.0
5270,430.0,5.0,20.0,50.0,2.0,17.0,300.0
5271,480.0,20.0,20.0,50.0,2.0,2.0,300.0
5272,400.0,20.0,20.0,30.0,2.0,2.0,300.0
5273,400.0,20.0,20.0,30.0,2.0,2.0,300.0
5274,250.0,5.0,8.0,30.0,2.0,2.0,300.0
5275,400.0,20.0,20.0,30.0,2.0,2.0,300.0
5276,380.0,20.0,8.0,50.0,2.0,2.0,300.0
5277,430.0,5.0,20.0,50.0,2.0,2.0,300.0
5278,430.0,5.0,20.0,50.0,2.0,2.0,300.0
5279,330.0,5.0,8.0,50.0,2.0,2.0,300.0
5280,430.0,5.0,20.0,50.0,2.0,2.0,300.0
5281,400.0,20.0,20.0,30.0,2.0,2.0,300.0
5282,430.0,5.0,20.0,50.0,6.0,2.0,300.0
5283,430.0,5.0,20.0,50.0,2.0,17.0,300.0
5284,250.0,5.0,8.0,30.0,2.0,2.0,300.0
5285,430.0,5.0,20.0,50.0,2.0,17.0,300.0
5286,430.0,5.0,20.0,50.0,2.0,17.0,300.0
5287,400.0,20.0,20.0,30.0,6.0,2.0,300.0
5288,400.0,20.0,20.0,30.0,6.0,2.0,300.0
5289,250.0,5.0,8.0,30.0,2.0,2.0,300.0
5290,430.0,5.0,20.0,50.0,2.0,2.0,300.0
5291,350.0,5.0,20.0,30.0,2.0,2.0,300.0
5292,250.0,5.0,8.0,30.0,2.0,2.0,300.0
5293,480.0,20.0,20.0,50.0,2.0,2.0,300.0
5294,480.0,20.0,20.0,50.0,2.0,2.0,300.0
5295,380.0,20.0,8.0,50.0,2.0,17.0,300.0
5296,480.0,20.0,20.0,50.0,6.0,17.0,300.0
5297,250.0,5.0,8.0,30.0,2.0,2.0,300.0
5298,400.0,20.0,20.0,30.0,2.0,2.0,300.0
5299,330.0,5.0,8.0,50.0,2.0,17.0,300.0
5300,350.0,5.0,20.0,30.0,2.0,2.0,300.0
5301,250.0,5.0,8.0,30.0,2.0,2.0,300.0
5302,350.0,5.0,20.0,30.0,2.0,2.0,300.0
5303,430.0,5.0,20.0,50.0,2.0,17.0,300.0
5304,430.0,5.0,20.0,50.0,2.0,17.0,300.0
5305,400.0,20.0,20.0,30.0,6.0,2.0,300.0
5306,480.0,20.0,20.0,50.0,2.0,17.0,300.0
5307,350.0,5.0,20.0,30.0,6.0,2.0,300.0
5308,400.0,20.0,20.0,30.0,6.0,2.0,300.0
5309,330.0,5.0,8.0,50.0,2.0,2.0,300.0
5310,480.0,20.0,20.0,50.0,6.0,2.0,300.0
5311,350.0,5.0,20.0,30.0,2.0,2.0,300.0
5312,430.0,5.0,20.0,50.0,6.0,2.0,300.0
5313,480.0,20.0,20.0,50.0,6.0,2.0,300.0
5314,480.0,20.0,20.0,50.0,2.0,2.0,300.0
5315,430.0,5.0,20.0,50.0,2.0,2.0,300.0
5316,480.0,20.0,20.0,50.0,2.0,2.0,300.0
5317,350.0,5.0,20.0,30.0,2.0,2.0,300.0
5318,250.0,5.0,8.0,30.0,2.0,2.0,300.0
5319,480.0,20.0,20.0,50.0,2.0,2.0,300.0
5320,430.0,5.0,20.0,50.0,6.0,2.0,300.0
5321,430.0,5.0,20.0,50.0,2.0,17.0,300.0
5322,400.0,20.0,20.0,30.0,2.0,2.0,300.0
5323,430.0,5.0,20.0,50.0,2.0,2.0,300.0
5324,430.0,5.0,20.0,50.0,2.0,2.0,300.0
5325,430.0,5.0,20.0,50.0,6.0,2.0,300.0
5326,480.0,20.0,20.0,50.0,2.0,2.0,300.0
5327,430.0,5.0,20.0,50.0,2.0,2.0,300.0
5328,350.0,5.0,20.0,30.0,2.0,2.0,300.0
5329,330.0,5.0,8.0,50.0,6.0,17.0,300.0
5330,400.0,20.0,20.0,30.0,6.0,2.0,300.0
5331,350.0,5.0,20.0,30.0,2.0,2.0,300.0
5332,250.0,5.0,8.0,30.0,2.0,2.0,300.0
5333,430.0,5.0,20.0,50.0,2.0,17.0,300.0
5334,350.0,5.0,20.0,30.0,6.0,2.0,300.0
5335,350.0,5.0,20.0,30.0,2.0,2.0,300.0
5336,430.0,5.0,20.0,50.0,6.0,17.0,300.0
5337,350.0,5.0,20.0,30.0,2.0,2.0,300.0
5338,480.0,20.0,20.0,50.0,6.0,2.0,300.0
5339,400.0,20.0,20.0,30.0,2.0,2.0,300.0
5340,350.0,5.0,20.0,30.0,2.0,2.0,300.0
5341,400.0,20.0,20.0,30.0,2.0,2.0,300.0
5342,300.0,20.0,8.0,30.0,2.0,2.0,300.0
5343,480.0,20.0,20.0,50.0,2.0,17.0,300.0
5344,350.0,5.0,20.0,30.0,2.0,2.0,300.0
5345,350.0,5.0,20.0,30.0,2.0,2.0,300.0
5346,330.0,5.0,8.0,50.0,2.0,2.0,300.0
5347,480.0,20.0,20.0,50.0,6.0,17.0,300.0
5348,350.0,5.0,20.0,30.0,2.0,2.0,300.0
5349,400.0,20.0,20.0,30.0,2.0,2.0,300.0
5350,480.0,20.0,20.0,50.0,2.0,2.0,300.0
5351,400.0,20.0,20.0,30.0,2.0,2.0,300.0
5352,430.0,5.0,20.0,50.0,6.0,2.0,300.0
5353,480.0,20.0,20.0,50.0,2.0,2.0,300.0
5354,430.0,5.0,20.0,50.0,2.0,2.0,300.0
5355,430.0,5.0,20.0,50.0,2.0,2.0,300.0
5356,250.0,5.0,8.0,30.0,2.0,2.0,300.0
5357,400.0,20.0,20.0,30.0,2.0,2.0,300.0
5358,250.0,5.0,8.0,30.0,2.0,2.0,300.0
5359,400.0,20.0,20.0,30.0,2.0,2.0,300.0
5360,430.0,5.0,20.0,50.0,2.0,17.0,300.0
5361,430.0,5.0,20.0,50.0,2.0,17.0,300.0
5362,480.0,20.0,20.0,50.0,2.0,17.0,300.0
5363,430.0,5.0,20.0,50.0,2.0,17.0,300.0
5364,350.0,5.0,20.0,30.0,2.0,2.0,300.0
5365,430.0,5.0,20.0,50.0,6.0,2.0,300.0
5366,430.0,5.0,20.0,50.0,6.0,2.0,300.0
5367,480.0,20.0,20.0,50.0,2.0,17.0,300.0
5368,350.0,5.0,20.0,30.0,2.0,2.0,300.0
5369,480.0,20.0,20.0,50.0,2.0,17.0,300.0
5370,480.0,20.0,20.0,50.0,2.0,17.0,300.0
5371,480.0,20.0,20.0,50.0,2.0,17.0,300.0
5372,480.0,20.0,20.0,50.0,6.0,2.0,300.0
5373,400.0,20.0,20.0,30.0,2.0,2.0,300.0
5374,400.0,20.0,20.0,30.0,2.0,2.0,300.0
5375,430.0,5.0,20.0,50.0,2.0,2.0,300.0
5376,430.0,5.0,20.0,50.0,2.0,2.0,300.0
5377,430.0,5.0,20.0,50.0,2.0,2.0,300.0
5378,430.0,5.0,20.0,50.0,2.0,2.0,300.0
5379,350.0,5.0,20.0,30.0,6.0,2.0,300.0
5380,430.0,5.0,20.0,50.0,6.0,2.0,300.0
5381,400.0,20.0,20.0,30.0,6.0,2.0,300.0
5382,430.0,5.0,20.0,50.0,6.0,2.0,300.0
5383,250.0,5.0,8.0,30.0,2.0,2.0,300.0
5384,430.0,5.0,20.0,50.0,2.0,2.0,300.0
5385,400.0,20.0,20.0,30.0,2.0,2.0,300.0
5386,480.0,20.0,20.0,50.0,2.0,17.0,300.0
5387,250.0,5.0,8.0,30.0,2.0,2.0,300.0
5388,350.0,5.0,20.0,30.0,2.0,2.0,300.0
5389,430.0,5.0,20.0,50.0,2.0,2.0,300.0
5390,430.0,5.0,20.0,50.0,2.0,17.0,300.0
5391,430.0,5.0,20.0,50.0,6.0,2.0,300.0
5392,480.0,20.0,20.0,50.0,2.0,2.0,300.0
5393,350.0,5.0,20.0,30.0,2.0,2.0,300.0
5394,400.0,20.0,20.0,30.0,2.0,2.0,300.0
5395,430.0,5.0,20.0,50.0,2.0,17.0,300.0
5396,250.0,5.0,8.0,30.0,2.0,2.0,300.0
5397,430.0,5.0,20.0,50.0,2.0,17.0,300.0
5398,400.0,20.0,20.0,30.0,2.0,2.0,300.0
5399,480.0,20.0,20.0,50.0,6.0,17.0,300.0
5400,350.0,5.0,20.0,30.0,6.0,2.0,300.0
5401,400.0,20.0,20.0,30.0,6.0,2.0,300.0
5402,300.0,20.0,8.0,30.0,2.0,2.0,300.0
5403,480.0,20.0,20.0,50.0,2.0,17.0,300.0
5404,480.0,20.0,20.0,50.0,2.0,2.0,300.0
5405,480.0,20.0,20.0,50.0,2.0,2.0,300.0
5406,300.0,20.0,8.0,30.0,6.0,2.0,300.0
5407,480.0,20.0,20.0,50.0,2.0,2.0,300.0
5408,250.0,5.0,8.0,30.0,2.0,2.0,300.0
5409,430.0,5.0,20.0,50.0,2.0,2.0,300.0
5410,430.0,5.0,20.0,50.0,2.0,2.0,300.0
5411,400.0,20.0,20.0,30.0,2.0,2.0,300.0
5412,400.0,20.0,20.0,30.0,6.0,2.0,300.0
5413,400.0,20.0,20.0,30.0,2.0,2.0,300.0
5414,430.0,5.0,20.0,50.0,2.0,2.0,300.0
5415,400.0,20.0,20.0,30.0,2.0,2.0,300.0
5416,300.0,20.0,8.0,30.0,2.0,2.0,300.0
5417,400.0,20.0,20.0,30.0,2.0,2.0,300.0
5418,350.0,5.0,20.0,30.0,2.0,2.0,300.0
5419,480.0,20.0,20.0,50.0,2.0,2.0,300.0
5420,430.0,5.0,20.0,50.0,2.0,2.0,300.0
5421,330.0,5.0,8.0,50.0,2.0,2.0,300.0
5422,400.0,20.0,20.0,30.0,2.0,2.0,300.0
5423,430.0,5.0,20.0,50.0,2.0,2.0,300.0
5424,350.0,5.0,20.0,30.0,2.0,2.0,300.0
5425,350.0,5.0,20.0,30.0,2.0,2.0,300.0
5426,430.0,5.0,20.0,50.0,6.0,2.0,300.0
5427,380.0,20.0,8.0,50.0,6.0,17.0,300.0
5428,250.0,5.0,8.0,30.0,2.0,2.0,300.0
5429,480.0,20.0,20.0,50.0,2.0,2.0,300.0
5430,430.0,5.0,20.0,50.0,6.0,2.0,300.0
5431,430.0,5.0,20.0,50.0,2.0,2.0,300.0
5432,350.0,5.0,20.0,30.0,2.0,2.0,300.0
5433,430.0,5.0,20.0,50.0,2.0,2.0,300.0
5434,480.0,20.0,20.0,50.0,6.0,2.0,300.0
5435,350.0,5.0,20.0,30.0,6.0,2.0,300.0
5436,400.0,20.0,20.0,30.0,2.0,2.0,300.0
5437,400.0,20.0,20.0,30.0,2.0,2.0,300.0
5438,480.0,20.0,20.0,50.0,6.0,2.0,300.0
5439,330.0,5.0,8.0,50.0,2.0,17.0,300.0
5440,330.0,5.0,8.0,50.0,2.0,2.0,300.0
5441,400.0,20.0,20.0,30.0,2.0,2.0,300.0
5442,480.0,20.0,20.0,50.0,6.0,17.0,300.0
5443,350.0,5.0,20.0,30.0,6.0,2.0,300.0
5444,300.0,20.0,8.0,30.0,2.0,2.0,300.0
5445,250.0,5.0,8.0,30.0,2.0,2.0,300.0
5446,250.0,5.0,8.0,30.0,6.0,2.0,300.0
5447,330.0,5.0,8.0,50.0,2.0,17.0,300.0
5448,350.0,5.0,20.0,30.0,2.0,2.0,300.0
5449,480.0,20.0,20.0,50.0,6.0,17.0,300.0
5450,350.0,5.0,20.0,30.0,2.0,2.0,300.0
5451,430.0,5.0,20.0,50.0,6.0,17.0,300.0
5452,350.0,5.0,20.0,30.0,2.0,2.0,300.0
5453,480.0,20.0,20.0,50.0,2.0,2.0,300.0
5454,430.0,5.0,20.0,50.0,2.0,2.0,300.0
5455,400.0,20.0,20.0,30.0,6.0,2.0,300.0
5456,480.0,20.0,20.0,50.0,2.0,2.0,300.0
5457,350.0,5.0,20.0,30.0,2.0,2.0,300.0
5458,400.0,20.0,20.0,30.0,2.0,2.0,300.0
5459,480.0,20.0,20.0,50.0,2.0,2.0,300.0
5460,480.0,20.0,20.0,50.0,2.0,17.0,300.0
5461,400.0,20.0,20.0,30.0,6.0,2.0,300.0
5462,480.0,20.0,20.0,50.0,2.0,2.0,300.0
5463,300.0,20.0,8.0,30.0,2.0,2.0,300.0
5464,480.0,20.0,20.0,50.0,6.0,2.0,300.0
5465,330.0,5.0,8.0,50.0,2.0,17.0,300.0
5466,480.0,20.0,20.0,50.0,6.0,2.0,300.0
5467,250.0,5.0,8.0,30.0,2.0,2.0,300.0
5468,430.0,5.0,20.0,50.0,2.0,2.0,300.0
5469,250.0,5.0,8.0,30.0,6.0,2.0,300.0
5470,480.0,20.0,20.0,50.0,2.0,17.0,300.0
5471,350.0,5.0,20.0,30.0,2.0,2.0,300.0
5472,480.0,20.0,20.0,50.0,6.0,2.0,300.0
5473,350.0,5.0,20.0,30.0,2.0,2.0,300.0
5474,250.0,5.0,8.0,30.0,2.0,2.0,300.0
5475,400.0,20.0,20.0,30.0,2.0,2.0,300.0
5476,400.0,20.0,20.0,30.0,2.0,2.0,300.0
5477,400.0,20.0,20.0,30.0,2.0,2.0,300.0
5478,430.0,5.0,20.0,50.0,6.0,2.0,300.0
5479,400.0,20.0,20.0,30.0,6.0,2.0,300.0
5480,430.0,5.0,20.0,50.0,2.0,2.0,300.0
5481,430.0,5.0,20.0,50.0,2.0,2.0,300.0
5482,400.0,20.0,20.0,30.0,6.0,2.0,300.0
5483,250.0,5.0,8.0,30.0,2.0,2.0,300.0
5484,430.0,5.0,20.0,50.0,2.0,17.0,300.0
5485,400.0,20.0,20.0,30.0,2.0,2.0,300.0
5486,400.0,20.0,20.0,30.0,2.0,2.0,300.0
5487,350.0,5.0,20.0,30.0,2.0,2.0,300.0
5488,350.0,5.0,20.0,30.0,6.0,2.0,300.0
5489,480.0,20.0,20.0,50.0,2.0,2.0,300.0
5490,400.0,20.0,20.0,30.0,2.0,2.0,300.0
5491,350.0,5.0,20.0,30.0,6.0,2.0,300.0
5492,350.0,5.0,20.0,30.0,6.0,2.0,300.0
5493,400.0,20.0,20.0,30.0,2.0,2.0,300.0
5494,480.0,20.0,20.0,50.0,2.0,2.0,300.0
5495,400.0,20.0,20.0,30.0,6.0,2.0,300.0
5496,430.0,5.0,20.0,50.0,2.0,2.0,300.0
5497,430.0,5.0,20.0,50.0,2.0,2.0,300.0
5498,430.0,5.0,20.0,50.0,6.0,17.0,300.0
5499,430.0,5.0,20.0,50.0,2.0,2.0,300.0
5500,480.0,20.0,20.0,50.0,2.0,17.0,300.0
5501,480.0,20.0,20.0,50.0,6.0,2.0,300.0
5502,430.0,5.0,20.0,50.0,2.0,2.0,300.0
5503,430.0,5.0,20.0,50.0,2.0,2.0,300.0
5504,330.0,5.0,8.0,50.0,2.0,17.0,300.0
5505,400.0,20.0,20.0,30.0,2.0,2.0,300.0
5506,430.0,5.0,20.0,50.0,2.0,17.0,300.0
5507,430.0,5.0,20.0,50.0,6.0,17.0,300.0
5508,430.0,5.0,20.0,50.0,2.0,17.0,300.0
5509,250.0,5.0,8.0,30.0,2.0,2.0,300.0
5510,330.0,5.0,8.0,50.0,2.0,2.0,300.0
5511,400.0,20.0,20.0,30.0,2.0,2.0,300.0
5512,430.0,5.0,20.0,50.0,2.0,17.0,300.0
5513,400.0,20.0,20.0,30.0,2.0,2.0,300.0
5514,430.0,5.0,20.0,50.0,2.0,2.0,300.0
5515,400.0,20.0,20.0,30.0,2.0,2.0,300.0
5516,300.0,20.0,8.0,30.0,6.0,2.0,300.0
5517,250.0,5.0,8.0,30.0,2.0,2.0,300.0
5518,400.0,20.0,20.0,30.0,6.0,2.0,300.0
5519,350.0,5.0,20.0,30.0,2.0,2.0,300.0
5520,430.0,5.0,20.0,50.0,2.0,2.0,300.0
5521,350.0,5.0,20.0,30.0,6.0,2.0,300.0
5522,380.0,20.0,8.0,50.0,2.0,2.0,300.0
5523,430.0,5.0,20.0,50.0,6.0,2.0,300.0
5524,380.0,20.0,8.0,50.0,2.0,17.0,300.0
5525,430.0,5.0,20.0,50.0,2.0,2.0,300.0
5526,400.0,20.0,20.0,30.0,2.0,2.0,300.0
5527,480.0,20.0,20.0,50.0,6.0,17.0,300.0
5528,350.0,5.0,20.0,30.0,2.0,2.0,300.0
5529,430.0,5.0,20.0,50.0,6.0,2.0,300.0
5530,430.0,5.0,20.0,50.0,2.0,17.0,300.0
5531,430.0,5.0,20.0,50.0,6.0,17.0,300.0
5532,480.0,20.0,20.0,50.0,2.0,2.0,300.0
5533,430.0,5.0,20.0,50.0,2.0,17.0,300.0
5534,480.0,20.0,20.0,50.0,2.0,17.0,300.0
5535,480.0,20.0,20.0,50.0,2.0,2.0,300.0
5536,430.0,5.0,20.0,50.0,2.0,2.0,300.0
5537,250.0,5.0,8.0,30.0,2.0,2.0,300.0
5538,430.0,5.0,20.0,50.0,2.0,2.0,300.0
5539,380.0,20.0,8.0,50.0,6.0,17.0,300.0
5540,480.0,20.0,20.0,50.0,2.0,2.0,300.0
5541,400.0,20.0,20.0,30.0,2.0,2.0,300.0
5542,330.0,5.0,8.0,50.0,2.0,17.0,300.0
5543,430.0,5.0,20.0,50.0,6.0,2.0,300.0
5544,480.0,20.0,20.0,50.0,2.0,17.0,300.0
5545,400.0,20.0,20.0,30.0,2.0,2.0,300.0
5546,400.0,20.0,20.0,30.0,2.0,2.0,300.0
5547,430.0,5.0,20.0,50.0,6.0,17.0,300.0
5548,250.0,5.0,8.0,30.0,2.0,2.0,300.0
5549,400.0,20.0,20.0,30.0,2.0,2.0,300.0
5550,250.0,5.0,8.0,30.0,2.0,2.0,300.0
5551,350.0,5.0,20.0,30.0,6.0,2.0,300.0
5552,350.0,5.0,20.0,30.0,2.0,2.0,300.0
5553,350.0,5.0,20.0,30.0,6.0,2.0,300.0
5554,480.0,20.0,20.0,50.0,2.0,2.0,300.0
5555,430.0,5.0,20.0,50.0,6.0,17.0,300.0
5556,350.0,5.0,20.0,30.0,2.0,2.0,300.0
5557,430.0,5.0,20.0,50.0,2.0,17.0,300.0
5558,300.0,20.0,8.0,30.0,2.0,2.0,300.0
5559,350.0,5.0,20.0,30.0,2.0,2.0,300.0
5560,400.0,20.0,20.0,30.0,2.0,2.0,300.0
5561,480.0,20.0,20.0,50.0,6.0,2.0,300.0
5562,250.0,5.0,8.0,30.0,2.0,2.0,300.0
5563,250.0,5.0,8.0,30.0,2.0,2.0,300.0
5564,430.0,5.0,20.0,50.0,2.0,17.0,300.0
5565,480.0,20.0,20.0,50.0,2.0,2.0,300.0
5566,250.0,5.0,8.0,30.0,2.0,2.0,300.0
5567,480.0,20.0,20.0,50.0,2.0,17.0,300.0
5568,400.0,20.0,20.0,30.0,2.0,2.0,300.0
5569,480.0,20.0,20.0,50.0,6.0,17.0,300.0
5570,400.0,20.0,20.0,30.0,2.0,2.0,300.0
5571,430.0,5.0,20.0,50.0,2.0,2.0,300.0
5572,350.0,5.0,20.0,30.0,2.0,2.0,300.0
5573,430.0,5.0,20.0,50.0,2.0,2.0,300.0
5574,480.0,20.0,20.0,50.0,2.0,17.0,300.0
5575,430.0,5.0,20.0,50.0,2.0,2.0,300.0
5576,330.0,5.0,8.0,50.0,2.0,2.0,300.0
5577,430.0,5.0,20.0,50.0,2.0,17.0,300.0
5578,400.0,20.0,20.0,30.0,2.0,2.0,300.0
5579,250.0,5.0,8.0,30.0,2.0,2.0,300.0
5580,400.0,20.0,20.0,30.0,2.0,2.0,300.0
5581,430.0,5.0,20.0,50.0,2.0,2.0,300.0
5582,480.0,20.0,20.0,50.0,6.0,17.0,300.0
5583,480.0,20.0,20.0,50.0,2.0,17.0,300.0
5584,350.0,5.0,20.0,30.0,2.0,2.0,300.0
5585,350.0,5.0,20.0,30.0,2.0,2.0,300.0
5586,430.0,5.0,20.0,50.0,2.0,2.0,300.0
5587,250.0,5.0,8.0,30.0,2.0,2.0,300.0
5588,480.0,20.0,20.0,50.0,2.0,17.0,300.0
5589,380.0,20.0,8.0,50.0,2.0,2.0,300.0
5590,400.0,20.0,20.0,30.0,2.0,2.0,300.0
5591,250.0,5.0,8.0,30.0,2.0,2.0,300.0
5592,480.0,20.0,20.0,50.0,2.0,2.0,300.0
5593,400.0,20.0,20.0,30.0,2.0,2.0,300.0
5594,330.0,5.0,8.0,50.0,2.0,17.0,300.0
5595,480.0,20.0,20.0,50.0,6.0,2.0,300.0
5596,350.0,5.0,20.0,30.0,2.0,2.0,300.0
5597,350.0,5.0,20.0,30.0,2.0,2.0,300.0
5598,250.0,5.0,8.0,30.0,2.0,2.0,300.0
5599,350.0,5.0,20.0,30.0,2.0,2.0,300.0
5600,480.0,20.0,20.0,50.0,6.0,2.0,300.0
5601,430.0,5.0,20.0,50.0,2.0,2.0,300.0
5602,480.0,20.0,20.0,50.0,6.0,2.0,300.0
5603,350.0,5.0,20.0,30.0,2.0,2.0,300.0
5604,430.0,5.0,20.0,50.0,2.0,2.0,300.0
5605,250.0,5.0,8.0,30.0,2.0,2.0,300.0
5606,350.0,5.0,20.0,30.0,6.0,2.0,300.0
5607,480.0,20.0,20.0,50.0,6.0,2.0,300.0
5608,480.0,20.0,20.0,50.0,6.0,2.0,300.0
5609,430.0,5.0,20.0,50.0,2.0,17.0,300.0
5610,480.0,20.0,20.0,50.0,2.0,17.0,300.0
5611,480.0,20.0,20.0,50.0,2.0,2.0,300.0
5612,400.0,20.0,20.0,30.0,2.0,2.0,300.0
5613,400.0,20.0,20.0,30.0,2.0,2.0,300.0
5614,250.0,5.0,8.0,30.0,2.0,2.0,300.0
5615,300.0,20.0,8.0,30.0,2.0,2.0,300.0
5616,300.0,20.0,8.0,30.0,2.0,2.0,300.0
5617,400.0,20.0,20.0,30.0,2.0,2.0,300.0
5618,430.0,5.0,20.0,50.0,2.0,2.0,300.0
5619,480.0,20.0,20.0,50.0,6.0,2.0,300.0
5620,430.0,5.0,20.0,50.0,2.0,2.0,300.0
5621,330.0,5.0,8.0,50.0,2.0,17.0,300.0
5622,400.0,20.0,20.0,30.0,2.0,2.0,300.0
5623,480.0,20.0,20.0,50.0,6.0,17.0,300.0
5624,400.0,20.0,20.0,30.0,2.0,2.0,300.0
5625,430.0,5.0,20.0,50.0,6.0,2.0,300.0
5626,400.0,20.0,20.0,30.0,2.0,2.0,300.0
5627,400.0,20.0,20.0,30.0,2.0,2.0,300.0
5628,480.0,20.0,20.0,50.0,2.0,2.0,300.0
5629,350.0,5.0,20.0,30.0,2.0,2.0,300.0
5630,430.0,5.0,20.0,50.0,2.0,2.0,300.0
5631,400.0,20.0,20.0,30.0,2.0,2.0,300.0
5632,430.0,5.0,20.0,50.0,2.0,2.0,300.0
5633,330.0,5.0,8.0,50.0,2.0,17.0,300.0
5634,430.0,5.0,20.0,50.0,2.0,2.0,300.0
5635,430.0,5.0,20.0,50.0,2.0,2.0,300.0
5636,330.0,5.0,8.0,50.0,2.0,17.0,300.0
5637,430.0,5.0,20.0,50.0,6.0,2.0,300.0
5638,430.0,5.0,20.0,50.0,6.0,17.0,300.0
5639,380.0,20.0,8.0,50.0,2.0,17.0,300.0
5640,400.0,20.0,20.0,30.0,6.0,2.0,300.0
5641,400.0,20.0,20.0,30.0,2.0,2.0,300.0
5642,400.0,20.0,20.0,30.0,2.0,2.0,300.0
5643,480.0,20.0,20.0,50.0,2.0,17.0,300.0
5644,430.0,5.0,20.0,50.0,2.0,17.0,300.0
5645,480.0,20.0,20.0,50.0,2.0,17.0,300.0
5646,430.0,5.0,20.0,50.0,2.0,2.0,300.0
5647,350.0,5.0,20.0,30.0,6.0,2.0,300.0
5648,430.0,5.0,20.0,50.0,2.0,17.0,300.0
5649,480.0,20.0,20.0,50.0,2.0,2.0,300.0
5650,350.0,5.0,20.0,30.0,6.0,2.0,300.0
5651,380.0,20.0,8.0,50.0,6.0,2.0,300.0
5652,250.0,5.0,8.0,30.0,2.0,2.0,300.0
5653,480.0,20.0,20.0,50.0,2.0,2.0,300.0
5654,400.0,20.0,20.0,30.0,2.0,2.0,300.0
5655,350.0,5.0,20.0,30.0,6.0,2.0,300.0
5656,350.0,5.0,20.0,30.0,2.0,2.0,300.0
5657,400.0,20.0,20.0,30.0,2.0,2.0,300.0
5658,480.0,20.0,20.0,50.0,2.0,17.0,300.0
5659,430.0,5.0,20.0,50.0,2.0,2.0,300.0
5660,480.0,20.0,20.0,50.0,2.0,2.0,300.0
5661,430.0,5.0,20.0,50.0,2.0,17.0,300.0
5662,430.0,5.0,20.0,50.0,2.0,2.0,300.0
5663,430.0,5.0,20.0,50.0,2.0,17.0,300.0
5664,480.0,20.0,20.0,50.0,2.0,17.0,300.0
5665,480.0,20.0,20.0,50.0,2.0,17.0,300.0
5666,430.0,5.0,20.0,50.0,2.0,17.0,300.0
5667,430.0,5.0,20.0,50.0,2.0,2.0,300.0
5668,330.0,5.0,8.0,50.0,6.0,17.0,300.0
5669,250.0,5.0,8.0,30.0,2.0,2.0,300.0
5670,300.0,20.0,8.0,30.0,2.0,2.0,300.0
5671,350.0,5.0,20.0,30.0,2.0,2.0,300.0
5672,430.0,5.0,20.0,50.0,6.0,2.0,300.0
5673,400.0,20.0,20.0,30.0,2.0,2.0,300.0
5674,430.0,5.0,20.0,50.0,2.0,17.0,300.0
5675,480.0,20.0,20.0,50.0,6.0,2.0,300.0
5676,430.0,5.0,20.0,50.0,2.0,17.0,300.0
5677,480.0,20.0,20.0,50.0,2.0,17.0,300.0
5678,480.0,20.0,20.0,50.0,6.0,2.0,300.0
5679,400.0,20.0,20.0,30.0,2.0,2.0,300.0
5680,330.0,5.0,8.0,50.0,2.0,2.0,300.0
5681,330.0,5.0,8.0,50.0,2.0,2.0,300.0
5682,250.0,5.0,8.0,30.0,6.0,2.0,300.0
5683,350.0,5.0,20.0,30.0,6.0,2.0,300.0
5684,250.0,5.0,8.0,30.0,2.0,2.0,300.0
5685,400.0,20.0,20.0,30.0,2.0,2.0,300.0
5686,350.0,5.0,20.0,30.0,6.0,2.0,300.0
5687,400.0,20.0,20.0,30.0,2.0,2.0,300.0
5688,480.0,20.0,20.0,50.0,6.0,2.0,300.0
5689,430.0,5.0,20.0,50.0,2.0,2.0,300.0
5690,480.0,20.0,20.0,50.0,6.0,17.0,300.0
5691,300.0,20.0,8.0,30.0,2.0,2.0,300.0
5692,250.0,5.0,8.0,30.0,2.0,2.0,300.0
5693,250.0,5.0,8.0,30.0,2.0,2.0,300.0
5694,430.0,5.0,20.0,50.0,2.0,2.0,300.0
5695,480.0,20.0,20.0,50.0,6.0,2.0,300.0
5696,400.0,20.0,20.0,30.0,2.0,2.0,300.0
5697,430.0,5.0,20.0,50.0,2.0,2.0,300.0
5698,250.0,5.0,8.0,30.0,2.0,2.0,300.0
5699,480.0,20.0,20.0,50.0,2.0,17.0,300.0
5700,430.0,5.0,20.0,50.0,2.0,2.0,300.0
5701,400.0,20.0,20.0,30.0,2.0,2.0,300.0
5702,430.0,5.0,20.0,50.0,2.0,2.0,300.0
5703,250.0,5.0,8.0,30.0,2.0,2.0,300.0
5704,430.0,5.0,20.0,50.0,6.0,2.0,300.0
5705,400.0,20.0,20.0,30.0,2.0,2.0,300.0
5706,350.0,5.0,20.0,30.0,2.0,2.0,300.0
5707,400.0,20.0,20.0,30.0,2.0,2.0,300.0
5708,350.0,5.0,20.0,30.0,2.0,2.0,300.0
5709,380.0,20.0,8.0,50.0,2.0,2.0,300.0
5710,350.0,5.0,20.0,30.0,2.0,2.0,300.0
5711,400.0,20.0,20.0,30.0,2.0,2.0,300.0
5712,480.0,20.0,20.0,50.0,6.0,2.0,300.0
5713,480.0,20.0,20.0,50.0,6.0,2.0,300.0
5714,400.0,20.0,20.0,30.0,2.0,2.0,300.0
5715,480.0,20.0,20.0,50.0,6.0,2.0,300.0
5716,430.0,5.0,20.0,50.0,6.0,2.0,300.0
5717,400.0,20.0,20.0,30.0,6.0,2.0,300.0
5718,480.0,20.0,20.0,50.0,2.0,17.0,300.0
5719,250.0,5.0,8.0,30.0,2.0,2.0,300.0
5720,350.0,5.0,20.0,30.0,6.0,2.0,300.0
5721,400.0,20.0,20.0,30.0,2.0,2.0,300.0
5722,480.0,20.0,20.0,50.0,2.0,17.0,300.0
5723,350.0,5.0,20.0,30.0,2.0,2.0,300.0
5724,400.0,20.0,20.0,30.0,2.0,2.0,300.0
5725,250.0,5.0,8.0,30.0,2.0,2.0,300.0
5726,480.0,20.0,20.0,50.0,2.0,2.0,300.0
5727,430.0,5.0,20.0,50.0,2.0,2.0,300.0
5728,330.0,5.0,8.0,50.0,2.0,17.0,300.0
5729,250.0,5.0,8.0,30.0,2.0,2.0,300.0
5730,430.0,5.0,20.0,50.0,2.0,2.0,300.0
5731,250.0,5.0,8.0,30.0,2.0,2.0,300.0
5732,250.0,5.0,8.0,30.0,2.0,2.0,300.0
5733,250.0,5.0,8.0,30.0,2.0,2.0,300.0
5734,480.0,20.0,20.0,50.0,2.0,2.0,300.0
5735,400.0,20.0,20.0,30.0,2.0,2.0,300.0
5736,250.0,5.0,8.0,30.0,2.0,2.0,300.0
5737,330.0,5.0,8.0,50.0,2.0,2.0,300.0
5738,400.0,20.0,20.0,30.0,2.0,2.0,300.0
5739,250.0,5.0,8.0,30.0,2.0,2.0,300.0
5740,350.0,5.0,20.0,30.0,6.0,2.0,300.0
5741,350.0,5.0,20.0,30.0,2.0,2.0,300.0
5742,350.0,5.0,20.0,30.0,2.0,2.0,300.0
5743,250.0,5.0,8.0,30.0,2.0,2.0,300.0
5744,250.0,5.0,8.0,30.0,2.0,2.0,300.0
5745,300.0,20.0,8.0,30.0,2.0,2.0,300.0
5746,400.0,20.0,20.0,30.0,2.0,2.0,300.0
5747,430.0,5.0,20.0,50.0,2.0,17.0,300.0
5748,430.0,5.0,20.0,50.0,2.0,2.0,300.0
5749,480.0,20.0,20.0,50.0,2.0,2.0,300.0
5750,480.0,20.0,20.0,50.0,2.0,17.0,300.0
5751,480.0,20.0,20.0,50.0,2.0,17.0,300.0
5752,480.0,20.0,20.0,50.0,2.0,2.0,300.0
5753,430.0,5.0,20.0,50.0,2.0,17.0,300.0
5754,400.0,20.0,20.0,30.0,2.0,2.0,300.0
5755,250.0,5.0,8.0,30.0,2.0,2.0,300.0
5756,430.0,5.0,20.0,50.0,2.0,2.0,300.0
5757,480.0,20.0,20.0,50.0,2.0,2.0,300.0
5758,430.0,5.0,20.0,50.0,2.0,17.0,300.0
5759,350.0,5.0,20.0,30.0,2.0,2.0,300.0
5760,430.0,5.0,20.0,50.0,6.0,2.0,300.0
5761,250.0,5.0,8.0,30.0,2.0,2.0,300.0
5762,480.0,20.0,20.0,50.0,2.0,2.0,300.0
5763,250.0,5.0,8.0,30.0,2.0,2.0,300.0
5764,480.0,20.0,20.0,50.0,2.0,2.0,300.0
5765,400.0,20.0,20.0,30.0,2.0,2.0,300.0
5766,250.0,5.0,8.0,30.0,2.0,2.0,300.0
5767,480.0,20.0,20.0,50.0,6.0,17.0,300.0
5768,430.0,5.0,20.0,50.0,2.0,2.0,300.0
5769,330.0,5.0,8.0,50.0,2.0,2.0,300.0
5770,430.0,5.0,20.0,50.0,6.0,17.0,300.0
5771,250.0,5.0,8.0,30.0,2.0,2.0,300.0
5772,250.0,5.0,8.0,30.0,2.0,2.0,300.0
5773,400.0,20.0,20.0,30.0,6.0,2.0,300.0
5774,250.0,5.0,8.0,30.0,2.0,2.0,300.0
5775,250.0,5.0,8.0,30.0,2.0,2.0,300.0
5776,400.0,20.0,20.0,30.0,6.0,2.0,300.0
5777,430.0,5.0,20.0,50.0,2.0,17.0,300.0
5778,350.0,5.0,20.0,30.0,2.0,2.0,300.0
5779,480.0,20.0,20.0,50.0,6.0,17.0,300.0
5780,430.0,5.0,20.0,50.0,2.0,17.0,300.0
5781,380.0,20.0,8.0,50.0,2.0,2.0,300.0
5782,250.0,5.0,8.0,30.0,2.0,2.0,300.0
5783,430.0,5.0,20.0,50.0,2.0,17.0,300.0
5784,400.0,20.0,20.0,30.0,6.0,2.0,300.0
5785,400.0,20.0,20.0,30.0,2.0,2.0,300.0
5786,250.0,5.0,8.0,30.0,2.0,2.0,300.0
5787,250.0,5.0,8.0,30.0,2.0,2.0,300.0
5788,480.0,20.0,20.0,50.0,6.0,2.0,300.0
5789,400.0,20.0,20.0,30.0,6.0,2.0,300.0
5790,430.0,5.0,20.0,50.0,2.0,17.0,300.0
5791,430.0,5.0,20.0,50.0,2.0,2.0,300.0
5792,250.0,5.0,8.0,30.0,2.0,2.0,300.0
5793,250.0,5.0,8.0,30.0,2.0,2.0,300.0
5794,480.0,20.0,20.0,50.0,2.0,2.0,300.0
5795,250.0,5.0,8.0,30.0,2.0,2.0,300.0
5796,400.0,20.0,20.0,30.0,2.0,2.0,300.0
5797,400.0,20.0,20.0,30.0,2.0,2.0,300.0
5798,250.0,5.0,8.0,30.0,2.0,2.0,300.0
5799,430.0,5.0,20.0,50.0,2.0,17.0,300.0
5800,430.0,5.0,20.0,50.0,2.0,2.0,300.0
5801,400.0,20.0,20.0,30.0,2.0,2.0,300.0
5802,350.0,5.0,20.0,30.0,2.0,2.0,300.0
5803,480.0,20.0,20.0,50.0,2.0,17.0,300.0
5804,250.0,5.0,8.0,30.0,2.0,2.0,300.0
5805,400.0,20.0,20.0,30.0,2.0,2.0,300.0
5806,330.0,5.0,8.0,50.0,2.0,17.0,300.0
5807,250.0,5.0,8.0,30.0,2.0,2.0,300.0
5808,330.0,5.0,8.0,50.0,6.0,2.0,300.0
5809,250.0,5.0,8.0,30.0,2.0,2.0,300.0
5810,300.0,20.0,8.0,30.0,2.0,2.0,300.0
5811,480.0,20.0,20.0,50.0,6.0,2.0,300.0
5812,430.0,5.0,20.0,50.0,2.0,17.0,300.0
5813,480.0,20.0,20.0,50.0,2.0,2.0,300.0
5814,350.0,5.0,20.0,30.0,2.0,2.0,300.0
5815,250.0,5.0,8.0,30.0,2.0,2.0,300.0
5816,480.0,20.0,20.0,50.0,2.0,17.0,300.0
5817,480.0,20.0,20.0,50.0,6.0,17.0,300.0
5818,250.0,5.0,8.0,30.0,2.0,2.0,300.0
5819,250.0,5.0,8.0,30.0,2.0,2.0,300.0
5820,480.0,20.0,20.0,50.0,6.0,17.0,300.0
5821,350.0,5.0,20.0,30.0,2.0,2.0,300.0
5822,480.0,20.0,20.0,50.0,2.0,17.0,300.0
5823,480.0,20.0,20.0,50.0,2.0,2.0,300.0
5824,430.0,5.0,20.0,50.0,6.0,2.0,300.0
5825,480.0,20.0,20.0,50.0,2.0,17.0,300.0
5826,400.0,20.0,20.0,30.0,2.0,2.0,300.0
5827,330.0,5.0,8.0,50.0,6.0,2.0,300.0
5828,300.0,20.0,8.0,30.0,6.0,2.0,300.0
5829,250.0,5.0,8.0,30.0,2.0,2.0,300.0
5830,430.0,5.0,20.0,50.0,2.0,2.0,300.0
5831,480.0,20.0,20.0,50.0,2.0,2.0,300.0
5832,400.0,20.0,20.0,30.0,2.0,2.0,300.0
5833,430.0,5.0,20.0,50.0,2.0,2.0,300.0
5834,430.0,5.0,20.0,50.0,2.0,2.0,300.0
5835,400.0,20.0,20.0,30.0,2.0,2.0,300.0
5836,400.0,20.0,20.0,30.0,2.0,2.0,300.0
5837,250.0,5.0,8.0,30.0,2.0,2.0,300.0
5838,430.0,5.0,20.0,50.0,2.0,17.0,300.0
5839,400.0,20.0,20.0,30.0,2.0,2.0,300.0
5840,480.0,20.0,20.0,50.0,6.0,2.0,300.0
5841,480.0,20.0,20.0,50.0,2.0,2.0,300.0
5842,350.0,5.0,20.0,30.0,6.0,2.0,300.0
5843,300.0,20.0,8.0,30.0,2.0,2.0,300.0
5844,250.0,5.0,8.0,30.0,2.0,2.0,300.0
5845,430.0,5.0,20.0,50.0,2.0,2.0,300.0
5846,430.0,5.0,20.0,50.0,2.0,17.0,300.0
5847,350.0,5.0,20.0,30.0,6.0,2.0,300.0
5848,380.0,20.0,8.0,50.0,2.0,17.0,300.0
5849,430.0,5.0,20.0,50.0,2.0,2.0,300.0
5850,400.0,20.0,20.0,30.0,2.0,2.0,300.0
5851,250.0,5.0,8.0,30.0,2.0,2.0,300.0
5852,430.0,5.0,20.0,50.0,2.0,17.0,300.0
5853,430.0,5.0,20.0,50.0,2.0,2.0,300.0
5854,400.0,20.0,20.0,30.0,6.0,2.0,300.0
5855,430.0,5.0,20.0,50.0,6.0,2.0,300.0
5856,250.0,5.0,8.0,30.0,2.0,2.0,300.0
5857,480.0,20.0,20.0,50.0,2.0,17.0,300.0
5858,400.0,20.0,20.0,30.0,6.0,2.0,300.0
5859,480.0,20.0,20.0,50.0,6.0,2.0,300.0
5860,400.0,20.0,20.0,30.0,2.0,2.0,300.0
5861,430.0,5.0,20.0,50.0,2.0,2.0,300.0
5862,330.0,5.0,8.0,50.0,6.0,17.0,300.0
5863,480.0,20.0,20.0,50.0,6.0,17.0,300.0
5864,480.0,20.0,20.0,50.0,2.0,17.0,300.0
5865,250.0,5.0,8.0,30.0,2.0,2.0,300.0
5866,430.0,5.0,20.0,50.0,2.0,2.0,300.0
5867,250.0,5.0,8.0,30.0,2.0,2.0,300.0
5868,250.0,5.0,8.0,30.0,2.0,2.0,300.0
5869,250.0,5.0,8.0,30.0,2.0,2.0,300.0
5870,350.0,5.0,20.0,30.0,2.0,2.0,300.0
5871,350.0,5.0,20.0,30.0,2.0,2.0,300.0
5872,430.0,5.0,20.0,50.0,2.0,17.0,300.0
5873,430.0,5.0,20.0,50.0,2.0,2.0,300.0
5874,300.0,20.0,8.0,30.0,2.0,2.0,300.0
5875,350.0,5.0,20.0,30.0,2.0,2.0,300.0
5876,250.0,5.0,8.0,30.0,2.0,2.0,300.0
5877,250.0,5.0,8.0,30.0,2.0,2.0,300.0
5878,480.0,20.0,20.0,50.0,2.0,17.0,300.0
5879,400.0,20.0,20.0,30.0,2.0,2.0,300.0
5880,430.0,5.0,20.0,50.0,2.0,17.0,300.0
5881,250.0,5.0,8.0,30.0,2.0,2.0,300.0
5882,400.0,20.0,20.0,30.0,2.0,2.0,300.0
5883,430.0,5.0,20.0,50.0,2.0,17.0,300.0
5884,480.0,20.0,20.0,50.0,2.0,17.0,300.0
5885,350.0,5.0,20.0,30.0,6.0,2.0,300.0
5886,250.0,5.0,8.0,30.0,2.0,2.0,300.0
5887,330.0,5.0,8.0,50.0,2.0,2.0,300.0
5888,430.0,5.0,20.0,50.0,2.0,17.0,300.0
5889,250.0,5.0,8.0,30.0,2.0,2.0,300.0
5890,350.0,5.0,20.0,30.0,2.0,2.0,300.0
5891,400.0,20.0,20.0,30.0,2.0,2.0,300.0
5892,350.0,5.0,20.0,30.0,2.0,2.0,300.0
5893,350.0,5.0,20.0,30.0,2.0,2.0,300.0
5894,430.0,5.0,20.0,50.0,2.0,17.0,300.0
5895,430.0,5.0,20.0,50.0,2.0,2.0,300.0
5896,430.0,5.0,20.0,50.0,2.0,17.0,300.0
5897,380.0,20.0,8.0,50.0,6.0,17.0,300.0
5898,480.0,20.0,20.0,50.0,6.0,2.0,300.0
5899,480.0,20.0,20.0,50.0,2.0,17.0,300.0
5900,350.0,5.0,20.0,30.0,2.0,2.0,300.0
5901,480.0,20.0,20.0,50.0,6.0,2.0,300.0
5902,350.0,5.0,20.0,30.0,6.0,2.0,300.0
5903,350.0,5.0,20.0,30.0,2.0,2.0,300.0
5904,480.0,20.0,20.0,50.0,2.0,17.0,300.0
5905,400.0,20.0,20.0,30.0,2.0,2.0,300.0
5906,430.0,5.0,20.0,50.0,6.0,2.0,300.0
5907,430.0,5.0,20.0,50.0,6.0,2.0,300.0
5908,430.0,5.0,20.0,50.0,2.0,2.0,300.0
5909,430.0,5.0,20.0,50.0,2.0,17.0,300.0
5910,430.0,5.0,20.0,50.0,2.0,2.0,300.0
5911,400.0,20.0,20.0,30.0,6.0,2.0,300.0
5912,400.0,20.0,20.0,30.0,6.0,2.0,300.0
5913,400.0,20.0,20.0,30.0,2.0,2.0,300.0
5914,480.0,20.0,20.0,50.0,2.0,2.0,300.0
5915,480.0,20.0,20.0,50.0,2.0,17.0,300.0
5916,480.0,20.0,20.0,50.0,6.0,2.0,300.0
5917,430.0,5.0,20.0,50.0,2.0,2.0,300.0
5918,400.0,20.0,20.0,30.0,2.0,2.0,300.0
5919,400.0,20.0,20.0,30.0,2.0,2.0,300.0
5920,250.0,5.0,8.0,30.0,2.0,2.0,300.0
5921,350.0,5.0,20.0,30.0,2.0,2.0,300.0
5922,400.0,20.0,20.0,30.0,2.0,2.0,300.0
5923,300.0,20.0,8.0,30.0,2.0,2.0,300.0
5924,350.0,5.0,20.0,30.0,2.0,2.0,300.0
5925,430.0,5.0,20.0,50.0,2.0,17.0,300.0
5926,350.0,5.0,20.0,30.0,2.0,2.0,300.0
5927,430.0,5.0,20.0,50.0,2.0,2.0,300.0
5928,480.0,20.0,20.0,50.0,2.0,2.0,300.0
5929,480.0,20.0,20.0,50.0,2.0,17.0,300.0
5930,480.0,20.0,20.0,50.0,2.0,2.0,300.0
5931,480.0,20.0,20.0,50.0,2.0,2.0,300.0
5932,430.0,5.0,20.0,50.0,2.0,2.0,300.0
5933,400.0,20.0,20.0,30.0,2.0,2.0,300.0
5934,430.0,5.0,20.0,50.0,2.0,2.0,300.0
5935,400.0,20.0,20.0,30.0,6.0,2.0,300.0
5936,430.0,5.0,20.0,50.0,2.0,17.0,300.0
5937,480.0,20.0,20.0,50.0,6.0,2.0,300.0
5938,350.0,5.0,20.0,30.0,2.0,2.0,300.0
5939,480.0,20.0,20.0,50.0,2.0,2.0,300.0
5940,400.0,20.0,20.0,30.0,2.0,2.0,300.0
5941,380.0,20.0,8.0,50.0,6.0,2.0,300.0
5942,430.0,5.0,20.0,50.0,2.0,2.0,300.0
5943,350.0,5.0,20.0,30.0,6.0,2.0,300.0
5944,400.0,20.0,20.0,30.0,2.0,2.0,300.0
5945,330.0,5.0,8.0,50.0,2.0,2.0,300.0
5946,480.0,20.0,20.0,50.0,6.0,17.0,300.0
5947,330.0,5.0,8.0,50.0,2.0,17.0,300.0
5948,480.0,20.0,20.0,50.0,2.0,17.0,300.0
5949,250.0,5.0,8.0,30.0,2.0,2.0,300.0
5950,400.0,20.0,20.0,30.0,2.0,2.0,300.0
5951,480.0,20.0,20.0,50.0,6.0,2.0,300.0
5952,400.0,20.0,20.0,30.0,2.0,2.0,300.0
5953,480.0,20.0,20.0,50.0,2.0,2.0,300.0
5954,430.0,5.0,20.0,50.0,2.0,2.0,300.0
5955,430.0,5.0,20.0,50.0,6.0,2.0,300.0
5956,430.0,5.0,20.0,50.0,2.0,17.0,300.0
5957,400.0,20.0,20.0,30.0,2.0,2.0,300.0
5958,430.0,5.0,20.0,50.0,2.0,2.0,300.0
5959,480.0,20.0,20.0,50.0,2.0,2.0,300.0
5960,330.0,5.0,8.0,50.0,2.0,2.0,300.0
5961,480.0,20.0,20.0,50.0,2.0,2.0,300.0
5962,330.0,5.0,8.0,50.0,2.0,2.0,300.0
5963,250.0,5.0,8.0,30.0,2.0,2.0,300.0
5964,350.0,5.0,20.0,30.0,2.0,2.0,300.0
5965,430.0,5.0,20.0,50.0,2.0,2.0,300.0
5966,430.0,5.0,20.0,50.0,6.0,17.0,300.0
5967,430.0,5.0,20.0,50.0,2.0,2.0,300.0
5968,400.0,20.0,20.0,30.0,2.0,2.0,300.0
5969,250.0,5.0,8.0,30.0,2.0,2.0,300.0
5970,250.0,5.0,8.0,30.0,2.0,2.0,300.0
5971,480.0,20.0,20.0,50.0,2.0,17.0,300.0
5972,350.0,5.0,20.0,30.0,6.0,2.0,300.0
5973,350.0,5.0,20.0,30.0,6.0,2.0,300.0
5974,350.0,5.0,20.0,30.0,2.0,2.0,300.0
5975,330.0,5.0,8.0,50.0,2.0,17.0,300.0
5976,350.0,5.0,20.0,30.0,2.0,2.0,300.0
5977,480.0,20.0,20.0,50.0,2.0,2.0,300.0
5978,250.0,5.0,8.0,30.0,2.0,2.0,300.0
5979,400.0,20.0,20.0,30.0,2.0,2.0,300.0
5980,430.0,5.0,20.0,50.0,2.0,17.0,300.0
5981,350.0,5.0,20.0,30.0,2.0,2.0,300.0
5982,480.0,20.0,20.0,50.0,2.0,2.0,300.0
5983,480.0,20.0,20.0,50.0,6.0,2.0,300.0
5984,400.0,20.0,20.0,30.0,2.0,2.0,300.0
5985,400.0,20.0,20.0,30.0,2.0,2.0,300.0
5986,430.0,5.0,20.0,50.0,2.0,2.0,300.0
5987,250.0,5.0,8.0,30.0,2.0,2.0,300.0
5988,380.0,20.0,8.0,50.0,2.0,2.0,300.0
5989,350.0,5.0,20.0,30.0,6.0,2.0,300.0
5990,350.0,5.0,20.0,30.0,2.0,2.0,300.0
5991,250.0,5.0,8.0,30.0,2.0,2.0,300.0
5992,480.0,20.0,20.0,50.0,2.0,2.0,300.0
5993,350.0,5.0,20.0,30.0,2.0,2.0,300.0
5994,480.0,20.0,20.0,50.0,2.0,2.0,300.0
5995,400.0,20.0,20.0,30.0,2.0,2.0,300.0
5996,400.0,20.0,20.0,30.0,2.0,2.0,300.0
5997,300.0,20.0,8.0,30.0,2.0,2.0,300.0
5998,400.0,20.0,20.0,30.0,2.0,2.0,300.0
5999,430.0,5.0,20.0,50.0,2.0,17.0,300.0
6000,430.0,5.0,20.0,50.0,2.0,2.0,300.0
6001,350.0,5.0,20.0,30.0,2.0,2.0,300.0
6002,480.0,20.0,20.0,50.0,2.0,17.0,300.0
6003,400.0,20.0,20.0,30.0,6.0,2.0,300.0
6004,400.0,20.0,20.0,30.0,2.0,2.0,300.0
6005,430.0,5.0,20.0,50.0,6.0,17.0,300.0
6006,480.0,20.0,20.0,50.0,2.0,2.0,300.0
6007,350.0,5.0,20.0,30.0,2.0,2.0,300.0
6008,480.0,20.0,20.0,50.0,2.0,17.0,300.0
6009,430.0,5.0,20.0,50.0,2.0,2.0,300.0
6010,350.0,5.0,20.0,30.0,2.0,2.0,300.0
6011,330.0,5.0,8.0,50.0,2.0,17.0,300.0
6012,430.0,5.0,20.0,50.0,2.0,2.0,300.0
6013,400.0,20.0,20.0,30.0,2.0,2.0,300.0
6014,350.0,5.0,20.0,30.0,2.0,2.0,300.0
6015,400.0,20.0,20.0,30.0,2.0,2.0,300.0
6016,480.0,20.0,20.0,50.0,2.0,17.0,300.0
6017,480.0,20.0,20.0,50.0,2.0,17.0,300.0
6018,250.0,5.0,8.0,30.0,2.0,2.0,300.0
6019,430.0,5.0,20.0,50.0,2.0,2.0,300.0
6020,400.0,20.0,20.0,30.0,2.0,2.0,300.0
6021,400.0,20.0,20.0,30.0,6.0,2.0,300.0
6022,400.0,20.0,20.0,30.0,6.0,2.0,300.0
6023,480.0,20.0,20.0,50.0,2.0,2.0,300.0
6024,430.0,5.0,20.0,50.0,6.0,2.0,300.0
6025,350.0,5.0,20.0,30.0,6.0,2.0,300.0
6026,400.0,20.0,20.0,30.0,2.0,2.0,300.0
6027,480.0,20.0,20.0,50.0,2.0,2.0,300.0
6028,430.0,5.0,20.0,50.0,2.0,2.0,300.0
6029,480.0,20.0,20.0,50.0,2.0,17.0,300.0
6030,430.0,5.0,20.0,50.0,2.0,2.0,300.0
6031,250.0,5.0,8.0,30.0,2.0,2.0,300.0
6032,430.0,5.0,20.0,50.0,2.0,17.0,300.0
6033,430.0,5.0,20.0,50.0,6.0,17.0,300.0
6034,400.0,20.0,20.0,30.0,6.0,2.0,300.0
6035,480.0,20.0,20.0,50.0,2.0,17.0,300.0
6036,430.0,5.0,20.0,50.0,2.0,17.0,300.0
6037,480.0,20.0,20.0,50.0,2.0,2.0,300.0
6038,300.0,20.0,8.0,30.0,2.0,2.0,300.0
6039,400.0,20.0,20.0,30.0,2.0,2.0,300.0
6040,330.0,5.0,8.0,50.0,2.0,17.0,300.0
6041,330.0,5.0,8.0,50.0,2.0,17.0,300.0
6042,400.0,20.0,20.0,30.0,2.0,2.0,300.0
6043,430.0,5.0,20.0,50.0,2.0,17.0,300.0
6044,430.0,5.0,20.0,50.0,2.0,2.0,300.0
6045,430.0,5.0,20.0,50.0,2.0,2.0,300.0
6046,400.0,20.0,20.0,30.0,2.0,2.0,300.0
6047,480.0,20.0,20.0,50.0,2.0,17.0,300.0
6048,400.0,20.0,20.0,30.0,2.0,2.0,300.0
6049,400.0,20.0,20.0,30.0,2.0,2.0,300.0
6050,480.0,20.0,20.0,50.0,2.0,2.0,300.0
6051,430.0,5.0,20.0,50.0,2.0,2.0,300.0
6052,330.0,5.0,8.0,50.0,2.0,17.0,300.0
6053,250.0,5.0,8.0,30.0,6.0,2.0,300.0
6054,480.0,20.0,20.0,50.0,2.0,2.0,300.0
6055,400.0,20.0,20.0,30.0,2.0,2.0,300.0
6056,350.0,5.0,20.0,30.0,6.0,2.0,300.0
6057,330.0,5.0,8.0,50.0,6.0,17.0,300.0
6058,400.0,20.0,20.0,30.0,6.0,2.0,300.0
6059,430.0,5.0,20.0,50.0,2.0,2.0,300.0
6060,350.0,5.0,20.0,30.0,2.0,2.0,300.0
6061,380.0,20.0,8.0,50.0,2.0,2.0,300.0
6062,400.0,20.0,20.0,30.0,2.0,2.0,300.0
6063,400.0,20.0,20.0,30.0,2.0,2.0,300.0
6064,380.0,20.0,8.0,50.0,2.0,17.0,300.0
6065,480.0,20.0,20.0,50.0,2.0,17.0,300.0
6066,330.0,5.0,8.0,50.0,2.0,17.0,300.0
6067,430.0,5.0,20.0,50.0,2.0,2.0,300.0
6068,350.0,5.0,20.0,30.0,2.0,2.0,300.0
6069,350.0,5.0,20.0,30.0,2.0,2.0,300.0
6070,400.0,20.0,20.0,30.0,6.0,2.0,300.0
6071,400.0,20.0,20.0,30.0,2.0,2.0,300.0
6072,430.0,5.0,20.0,50.0,2.0,17.0,300.0
6073,400.0,20.0,20.0,30.0,2.0,2.0,300.0
6074,480.0,20.0,20.0,50.0,6.0,2.0,300.0
6075,430.0,5.0,20.0,50.0,2.0,2.0,300.0
6076,400.0,20.0,20.0,30.0,2.0,2.0,300.0
6077,480.0,20.0,20.0,50.0,2.0,17.0,300.0
6078,400.0,20.0,20.0,30.0,2.0,2.0,300.0
6079,430.0,5.0,20.0,50.0,2.0,2.0,300.0
6080,480.0,20.0,20.0,50.0,6.0,17.0,300.0
6081,480.0,20.0,20.0,50.0,2.0,17.0,300.0
6082,480.0,20.0,20.0,50.0,2.0,2.0,300.0
6083,400.0,20.0,20.0,30.0,2.0,2.0,300.0
6084,400.0,20.0,20.0,30.0,2.0,2.0,300.0
6085,400.0,20.0,20.0,30.0,2.0,2.0,300.0
6086,430.0,5.0,20.0,50.0,2.0,2.0,300.0
6087,350.0,5.0,20.0,30.0,6.0,2.0,300.0
6088,430.0,5.0,20.0,50.0,2.0,17.0,300.0
6089,350.0,5.0,20.0,30.0,2.0,2.0,300.0
6090,480.0,20.0,20.0,50.0,2.0,2.0,300.0
6091,350.0,5.0,20.0,30.0,2.0,2.0,300.0
6092,400.0,20.0,20.0,30.0,2.0,2.0,300.0
6093,400.0,20.0,20.0,30.0,2.0,2.0,300.0
6094,480.0,20.0,20.0,50.0,2.0,2.0,300.0
6095,400.0,20.0,20.0,30.0,2.0,2.0,300.0
6096,330.0,5.0,8.0,50.0,6.0,17.0,300.0
6097,430.0,5.0,20.0,50.0,2.0,2.0,300.0
6098,480.0,20.0,20.0,50.0,2.0,17.0,300.0
6099,430.0,5.0,20.0,50.0,2.0,2.0,300.0
6100,350.0,5.0,20.0,30.0,2.0,2.0,300.0
6101,480.0,20.0,20.0,50.0,6.0,17.0,300.0
6102,330.0,5.0,8.0,50.0,2.0,17.0,300.0
6103,430.0,5.0,20.0,50.0,2.0,2.0,300.0
6104,350.0,5.0,20.0,30.0,6.0,2.0,300.0
6105,400.0,20.0,20.0,30.0,6.0,2.0,300.0
6106,430.0,5.0,20.0,50.0,2.0,2.0,300.0
6107,480.0,20.0,20.0,50.0,2.0,2.0,300.0
6108,400.0,20.0,20.0,30.0,6.0,2.0,300.0
6109,430.0,5.0,20.0,50.0,2.0,2.0,300.0
6110,400.0,20.0,20.0,30.0,2.0,2.0,300.0
6111,400.0,20.0,20.0,30.0,6.0,2.0,300.0
6112,480.0,20.0,20.0,50.0,2.0,17.0,300.0
6113,350.0,5.0,20.0,30.0,2.0,2.0,300.0
6114,330.0,5.0,8.0,50.0,2.0,17.0,300.0
6115,480.0,20.0,20.0,50.0,2.0,17.0,300.0
6116,250.0,5.0,8.0,30.0,2.0,2.0,300.0
6117,330.0,5.0,8.0,50.0,2.0,17.0,300.0
6118,400.0,20.0,20.0,30.0,2.0,2.0,300.0
6119,350.0,5.0,20.0,30.0,2.0,2.0,300.0
6120,400.0,20.0,20.0,30.0,2.0,2.0,300.0
6121,480.0,20.0,20.0,50.0,2.0,17.0,300.0
6122,400.0,20.0,20.0,30.0,2.0,2.0,300.0
6123,400.0,20.0,20.0,30.0,2.0,2.0,300.0
6124,430.0,5.0,20.0,50.0,2.0,2.0,300.0
6125,250.0,5.0,8.0,30.0,2.0,2.0,300.0
6126,350.0,5.0,20.0,30.0,2.0,2.0,300.0
6127,480.0,20.0,20.0,50.0,2.0,17.0,300.0
6128,480.0,20.0,20.0,50.0,6.0,2.0,300.0
6129,400.0,20.0,20.0,30.0,2.0,2.0,300.0
6130,430.0,5.0,20.0,50.0,2.0,2.0,300.0
6131,480.0,20.0,20.0,50.0,2.0,2.0,300.0
6132,250.0,5.0,8.0,30.0,2.0,2.0,300.0
6133,400.0,20.0,20.0,30.0,2.0,2.0,300.0
6134,430.0,5.0,20.0,50.0,2.0,17.0,300.0
6135,430.0,5.0,20.0,50.0,2.0,17.0,300.0
6136,480.0,20.0,20.0,50.0,2.0,2.0,300.0
6137,480.0,20.0,20.0,50.0,6.0,17.0,300.0
6138,480.0,20.0,20.0,50.0,6.0,17.0,300.0
6139,430.0,5.0,20.0,50.0,2.0,17.0,300.0
6140,380.0,20.0,8.0,50.0,2.0,17.0,300.0
6141,350.0,5.0,20.0,30.0,2.0,2.0,300.0
6142,430.0,5.0,20.0,50.0,2.0,2.0,300.0
6143,350.0,5.0,20.0,30.0,6.0,2.0,300.0
6144,430.0,5.0,20.0,50.0,6.0,17.0,300.0
6145,430.0,5.0,20.0,50.0,2.0,17.0,300.0
6146,380.0,20.0,8.0,50.0,2.0,2.0,300.0
6147,250.0,5.0,8.0,30.0,2.0,2.0,300.0
6148,430.0,5.0,20.0,50.0,2.0,2.0,300.0
6149,400.0,20.0,20.0,30.0,6.0,2.0,300.0
6150,250.0,5.0,8.0,30.0,2.0,2.0,300.0
6151,430.0,5.0,20.0,50.0,2.0,17.0,300.0
6152,430.0,5.0,20.0,50.0,2.0,2.0,300.0
6153,350.0,5.0,20.0,30.0,2.0,2.0,300.0
6154,250.0,5.0,8.0,30.0,2.0,2.0,300.0
6155,400.0,20.0,20.0,30.0,2.0,2.0,300.0
6156,350.0,5.0,20.0,30.0,2.0,2.0,300.0
6157,430.0,5.0,20.0,50.0,2.0,17.0,300.0
6158,400.0,20.0,20.0,30.0,2.0,2.0,300.0
6159,350.0,5.0,20.0,30.0,2.0,2.0,300.0
6160,400.0,20.0,20.0,30.0,6.0,2.0,300.0
6161,350.0,5.0,20.0,30.0,2.0,2.0,300.0
6162,400.0,20.0,20.0,30.0,6.0,2.0,300.0
6163,480.0,20.0,20.0,50.0,2.0,2.0,300.0
6164,380.0,20.0,8.0,50.0,2.0,17.0,300.0
6165,350.0,5.0,20.0,30.0,2.0,2.0,300.0
6166,350.0,5.0,20.0,30.0,2.0,2.0,300.0
6167,480.0,20.0,20.0,50.0,2.0,2.0,300.0
6168,430.0,5.0,20.0,50.0,2.0,2.0,300.0
6169,430.0,5.0,20.0,50.0,6.0,2.0,300.0
6170,350.0,5.0,20.0,30.0,2.0,2.0,300.0
6171,430.0,5.0,20.0,50.0,2.0,17.0,300.0
6172,400.0,20.0,20.0,30.0,2.0,2.0,300.0
6173,480.0,20.0,20.0,50.0,6.0,2.0,300.0
6174,350.0,5.0,20.0,30.0,2.0,2.0,300.0
6175,430.0,5.0,20.0,50.0,2.0,17.0,300.0
6176,350.0,5.0,20.0,30.0,2.0,2.0,300.0
6177,430.0,5.0,20.0,50.0,2.0,17.0,300.0
6178,430.0,5.0,20.0,50.0,2.0,2.0,300.0
6179,400.0,20.0,20.0,30.0,2.0,2.0,300.0
6180,350.0,5.0,20.0,30.0,2.0,2.0,300.0
6181,400.0,20.0,20.0,30.0,2.0,2.0,300.0
6182,480.0,20.0,20.0,50.0,2.0,2.0,300.0
6183,380.0,20.0,8.0,50.0,2.0,2.0,300.0
6184,400.0,20.0,20.0,30.0,2.0,2.0,300.0
6185,350.0,5.0,20.0,30.0,2.0,2.0,300.0
6186,400.0,20.0,20.0,30.0,6.0,2.0,300.0
6187,400.0,20.0,20.0,30.0,2.0,2.0,300.0
6188,250.0,5.0,8.0,30.0,2.0,2.0,300.0
6189,350.0,5.0,20.0,30.0,2.0,2.0,300.0
6190,430.0,5.0,20.0,50.0,2.0,17.0,300.0
6191,480.0,20.0,20.0,50.0,6.0,2.0,300.0
6192,480.0,20.0,20.0,50.0,2.0,2.0,300.0
6193,350.0,5.0,20.0,30.0,2.0,2.0,300.0
6194,480.0,20.0,20.0,50.0,6.0,17.0,300.0
6195,350.0,5.0,20.0,30.0,2.0,2.0,300.0
6196,250.0,5.0,8.0,30.0,2.0,2.0,300.0
6197,480.0,20.0,20.0,50.0,2.0,17.0,300.0
6198,480.0,20.0,20.0,50.0,6.0,17.0,300.0
6199,430.0,5.0,20.0,50.0,6.0,2.0,300.0
6200,250.0,5.0,8.0,30.0,2.0,2.0,300.0
6201,400.0,20.0,20.0,30.0,2.0,2.0,300.0
6202,430.0,5.0,20.0,50.0,2.0,2.0,300.0
6203,430.0,5.0,20.0,50.0,6.0,17.0,300.0
6204,430.0,5.0,20.0,50.0,2.0,17.0,300.0
6205,250.0,5.0,8.0,30.0,2.0,2.0,300.0
6206,480.0,20.0,20.0,50.0,2.0,17.0,300.0
6207,350.0,5.0,20.0,30.0,2.0,2.0,300.0
6208,400.0,20.0,20.0,30.0,2.0,2.0,300.0
6209,330.0,5.0,8.0,50.0,2.0,17.0,300.0
6210,350.0,5.0,20.0,30.0,2.0,2.0,300.0
6211,350.0,5.0,20.0,30.0,2.0,2.0,300.0
6212,400.0,20.0,20.0,30.0,2.0,2.0,300.0
6213,250.0,5.0,8.0,30.0,2.0,2.0,300.0
6214,430.0,5.0,20.0,50.0,2.0,2.0,300.0
6215,350.0,5.0,20.0,30.0,2.0,2.0,300.0
6216,400.0,20.0,20.0,30.0,2.0,2.0,300.0
6217,250.0,5.0,8.0,30.0,2.0,2.0,300.0
6218,400.0,20.0,20.0,30.0,2.0,2.0,300.0
6219,400.0,20.0,20.0,30.0,2.0,2.0,300.0
6220,430.0,5.0,20.0,50.0,2.0,2.0,300.0
6221,350.0,5.0,20.0,30.0,2.0,2.0,300.0
6222,430.0,5.0,20.0,50.0,6.0,17.0,300.0
6223,430.0,5.0,20.0,50.0,2.0,2.0,300.0
6224,480.0,20.0,20.0,50.0,2.0,17.0,300.0
6225,400.0,20.0,20.0,30.0,6.0,2.0,300.0
6226,430.0,5.0,20.0,50.0,6.0,17.0,300.0
6227,330.0,5.0,8.0,50.0,2.0,2.0,300.0
6228,330.0,5.0,8.0,50.0,2.0,17.0,300.0
6229,480.0,20.0,20.0,50.0,2.0,2.0,300.0
6230,400.0,20.0,20.0,30.0,2.0,2.0,300.0
6231,400.0,20.0,20.0,30.0,2.0,2.0,300.0
6232,250.0,5.0,8.0,30.0,2.0,2.0,300.0
6233,400.0,20.0,20.0,30.0,6.0,2.0,300.0
6234,480.0,20.0,20.0,50.0,2.0,2.0,300.0
6235,400.0,20.0,20.0,30.0,2.0,2.0,300.0
6236,350.0,5.0,20.0,30.0,2.0,2.0,300.0
6237,350.0,5.0,20.0,30.0,2.0,2.0,300.0
6238,350.0,5.0,20.0,30.0,2.0,2.0,300.0
6239,430.0,5.0,20.0,50.0,2.0,17.0,300.0
6240,480.0,20.0,20.0,50.0,2.0,2.0,300.0
6241,480.0,20.0,20.0,50.0,2.0,2.0,300.0
6242,250.0,5.0,8.0,30.0,2.0,2.0,300.0
6243,430.0,5.0,20.0,50.0,2.0,17.0,300.0
6244,400.0,20.0,20.0,30.0,2.0,2.0,300.0
6245,480.0,20.0,20.0,50.0,2.0,2.0,300.0
6246,430.0,5.0,20.0,50.0,2.0,2.0,300.0
6247,480.0,20.0,20.0,50.0,2.0,17.0,300.0
6248,400.0,20.0,20.0,30.0,2.0,2.0,300.0
6249,430.0,5.0,20.0,50.0,2.0,2.0,300.0
6250,430.0,5.0,20.0,50.0,2.0,2.0,300.0
6251,350.0,5.0,20.0,30.0,2.0,2.0,300.0
6252,350.0,5.0,20.0,30.0,2.0,2.0,300.0
6253,430.0,5.0,20.0,50.0,2.0,17.0,300.0
6254,430.0,5.0,20.0,50.0,2.0,17.0,300.0
6255,400.0,20.0,20.0,30.0,6.0,2.0,300.0
6256,480.0,20.0,20.0,50.0,6.0,2.0,300.0
6257,430.0,5.0,20.0,50.0,2.0,2.0,300.0
6258,400.0,20.0,20.0,30.0,2.0,2.0,300.0
6259,430.0,5.0,20.0,50.0,2.0,17.0,300.0
6260,430.0,5.0,20.0,50.0,6.0,2.0,300.0
6261,300.0,20.0,8.0,30.0,2.0,2.0,300.0
6262,250.0,5.0,8.0,30.0,2.0,2.0,300.0
6263,430.0,5.0,20.0,50.0,2.0,2.0,300.0
6264,350.0,5.0,20.0,30.0,2.0,2.0,300.0
6265,400.0,20.0,20.0,30.0,6.0,2.0,300.0
6266,430.0,5.0,20.0,50.0,6.0,17.0,300.0
6267,250.0,5.0,8.0,30.0,2.0,2.0,300.0
6268,400.0,20.0,20.0,30.0,2.0,2.0,300.0
6269,330.0,5.0,8.0,50.0,2.0,17.0,300.0
6270,430.0,5.0,20.0,50.0,2.0,17.0,300.0
6271,480.0,20.0,20.0,50.0,2.0,2.0,300.0
6272,400.0,20.0,20.0,30.0,2.0,2.0,300.0
6273,250.0,5.0,8.0,30.0,2.0,2.0,300.0
6274,480.0,20.0,20.0,50.0,6.0,17.0,300.0
6275,430.0,5.0,20.0,50.0,6.0,2.0,300.0
6276,400.0,20.0,20.0,30.0,2.0,2.0,300.0
6277,400.0,20.0,20.0,30.0,2.0,2.0,300.0
6278,350.0,5.0,20.0,30.0,2.0,2.0,300.0
6279,400.0,20.0,20.0,30.0,6.0,2.0,300.0
6280,350.0,5.0,20.0,30.0,2.0,2.0,300.0
6281,250.0,5.0,8.0,30.0,2.0,2.0,300.0
6282,250.0,5.0,8.0,30.0,2.0,2.0,300.0
6283,480.0,20.0,20.0,50.0,6.0,2.0,300.0
6284,480.0,20.0,20.0,50.0,2.0,2.0,300.0
6285,350.0,5.0,20.0,30.0,2.0,2.0,300.0
6286,400.0,20.0,20.0,30.0,2.0,2.0,300.0
6287,250.0,5.0,8.0,30.0,2.0,2.0,300.0
6288,430.0,5.0,20.0,50.0,2.0,17.0,300.0
6289,430.0,5.0,20.0,50.0,6.0,17.0,300.0
6290,480.0,20.0,20.0,50.0,2.0,2.0,300.0
6291,350.0,5.0,20.0,30.0,2.0,2.0,300.0
6292,400.0,20.0,20.0,30.0,2.0,2.0,300.0
6293,350.0,5.0,20.0,30.0,2.0,2.0,300.0
6294,250.0,5.0,8.0,30.0,2.0,2.0,300.0
6295,430.0,5.0,20.0,50.0,2.0,17.0,300.0
6296,480.0,20.0,20.0,50.0,6.0,2.0,300.0
6297,430.0,5.0,20.0,50.0,2.0,2.0,300.0
6298,480.0,20.0,20.0,50.0,2.0,17.0,300.0
6299,430.0,5.0,20.0,50.0,2.0,2.0,300.0
6300,350.0,5.0,20.0,30.0,6.0,2.0,300.0
6301,350.0,5.0,20.0,30.0,2.0,2.0,300.0
6302,400.0,20.0,20.0,30.0,2.0,2.0,300.0
6303,400.0,20.0,20.0,30.0,2.0,2.0,300.0
6304,430.0,5.0,20.0,50.0,2.0,2.0,300.0
6305,480.0,20.0,20.0,50.0,2.0,2.0,300.0
6306,480.0,20.0,20.0,50.0,2.0,2.0,300.0
6307,400.0,20.0,20.0,30.0,6.0,2.0,300.0
6308,330.0,5.0,8.0,50.0,6.0,17.0,300.0
6309,350.0,5.0,20.0,30.0,2.0,2.0,300.0
6310,350.0,5.0,20.0,30.0,2.0,2.0,300.0
6311,430.0,5.0,20.0,50.0,6.0,2.0,300.0
6312,430.0,5.0,20.0,50.0,2.0,2.0,300.0
6313,480.0,20.0,20.0,50.0,2.0,17.0,300.0
6314,250.0,5.0,8.0,30.0,2.0,2.0,300.0
6315,480.0,20.0,20.0,50.0,2.0,17.0,300.0
6316,430.0,5.0,20.0,50.0,2.0,17.0,300.0
6317,350.0,5.0,20.0,30.0,2.0,2.0,300.0
6318,350.0,5.0,20.0,30.0,2.0,2.0,300.0
6319,430.0,5.0,20.0,50.0,2.0,2.0,300.0
6320,300.0,20.0,8.0,30.0,2.0,2.0,300.0
6321,250.0,5.0,8.0,30.0,2.0,2.0,300.0
6322,380.0,20.0,8.0,50.0,2.0,2.0,300.0
6323,430.0,5.0,20.0,50.0,2.0,17.0,300.0
6324,350.0,5.0,20.0,30.0,6.0,2.0,300.0
6325,250.0,5.0,8.0,30.0,6.0,2.0,300.0
6326,250.0,5.0,8.0,30.0,2.0,2.0,300.0
6327,480.0,20.0,20.0,50.0,2.0,17.0,300.0
6328,430.0,5.0,20.0,50.0,6.0,17.0,300.0
6329,400.0,20.0,20.0,30.0,2.0,2.0,300.0
6330,400.0,20.0,20.0,30.0,2.0,2.0,300.0
6331,430.0,5.0,20.0,50.0,2.0,2.0,300.0
6332,430.0,5.0,20.0,50.0,2.0,17.0,300.0
6333,350.0,5.0,20.0,30.0,2.0,2.0,300.0
6334,350.0,5.0,20.0,30.0,2.0,2.0,300.0
6335,480.0,20.0,20.0,50.0,2.0,2.0,300.0
6336,400.0,20.0,20.0,30.0,6.0,2.0,300.0
6337,250.0,5.0,8.0,30.0,2.0,2.0,300.0
6338,250.0,5.0,8.0,30.0,2.0,2.0,300.0
6339,400.0,20.0,20.0,30.0,2.0,2.0,300.0
6340,430.0,5.0,20.0,50.0,2.0,2.0,300.0
6341,400.0,20.0,20.0,30.0,2.0,2.0,300.0
6342,430.0,5.0,20.0,50.0,2.0,17.0,300.0
6343,250.0,5.0,8.0,30.0,2.0,2.0,300.0
6344,480.0,20.0,20.0,50.0,6.0,17.0,300.0
6345,430.0,5.0,20.0,50.0,2.0,17.0,300.0
6346,430.0,5.0,20.0,50.0,6.0,2.0,300.0
6347,350.0,5.0,20.0,30.0,6.0,2.0,300.0
6348,400.0,20.0,20.0,30.0,2.0,2.0,300.0
6349,330.0,5.0,8.0,50.0,2.0,2.0,300.0
6350,430.0,5.0,20.0,50.0,2.0,17.0,300.0
6351,400.0,20.0,20.0,30.0,2.0,2.0,300.0
6352,400.0,20.0,20.0,30.0,2.0,2.0,300.0
6353,430.0,5.0,20.0,50.0,2.0,17.0,300.0
6354,250.0,5.0,8.0,30.0,2.0,2.0,300.0
6355,430.0,5.0,20.0,50.0,6.0,17.0,300.0
6356,400.0,20.0,20.0,30.0,6.0,2.0,300.0
6357,400.0,20.0,20.0,30.0,2.0,2.0,300.0
6358,430.0,5.0,20.0,50.0,2.0,17.0,300.0
6359,400.0,20.0,20.0,30.0,2.0,2.0,300.0
6360,380.0,20.0,8.0,50.0,2.0,2.0,300.0
6361,430.0,5.0,20.0,50.0,2.0,2.0,300.0
6362,250.0,5.0,8.0,30.0,2.0,2.0,300.0
6363,250.0,5.0,8.0,30.0,2.0,2.0,300.0
6364,430.0,5.0,20.0,50.0,6.0,17.0,300.0
6365,250.0,5.0,8.0,30.0,2.0,2.0,300.0
6366,350.0,5.0,20.0,30.0,2.0,2.0,300.0
6367,250.0,5.0,8.0,30.0,2.0,2.0,300.0
6368,430.0,5.0,20.0,50.0,2.0,2.0,300.0
6369,480.0,20.0,20.0,50.0,6.0,2.0,300.0
6370,250.0,5.0,8.0,30.0,2.0,2.0,300.0
6371,480.0,20.0,20.0,50.0,2.0,17.0,300.0
6372,480.0,20.0,20.0,50.0,2.0,17.0,300.0
6373,250.0,5.0,8.0,30.0,2.0,2.0,300.0
6374,400.0,20.0,20.0,30.0,2.0,2.0,300.0
6375,430.0,5.0,20.0,50.0,2.0,17.0,300.0
6376,330.0,5.0,8.0,50.0,2.0,17.0,300.0
6377,480.0,20.0,20.0,50.0,2.0,17.0,300.0
6378,400.0,20.0,20.0,30.0,2.0,2.0,300.0
6379,430.0,5.0,20.0,50.0,2.0,17.0,300.0
6380,480.0,20.0,20.0,50.0,2.0,17.0,300.0
6381,430.0,5.0,20.0,50.0,6.0,17.0,300.0
6382,380.0,20.0,8.0,50.0,2.0,2.0,300.0
6383,430.0,5.0,20.0,50.0,2.0,2.0,300.0
6384,430.0,5.0,20.0,50.0,2.0,2.0,300.0
6385,330.0,5.0,8.0,50.0,2.0,17.0,300.0
6386,250.0,5.0,8.0,30.0,2.0,2.0,300.0
6387,480.0,20.0,20.0,50.0,6.0,17.0,300.0
6388,250.0,5.0,8.0,30.0,2.0,2.0,300.0
6389,350.0,5.0,20.0,30.0,2.0,2.0,300.0
6390,300.0,20.0,8.0,30.0,2.0,2.0,300.0
6391,430.0,5.0,20.0,50.0,6.0,17.0,300.0
6392,350.0,5.0,20.0,30.0,2.0,2.0,300.0
6393,480.0,20.0,20.0,50.0,6.0,2.0,300.0
6394,480.0,20.0,20.0,50.0,2.0,2.0,300.0
6395,250.0,5.0,8.0,30.0,2.0,2.0,300.0
6396,250.0,5.0,8.0,30.0,2.0,2.0,300.0
6397,400.0,20.0,20.0,30.0,2.0,2.0,300.0
6398,480.0,20.0,20.0,50.0,2.0,17.0,300.0
6399,430.0,5.0,20.0,50.0,6.0,17.0,300.0
6400,250.0,5.0,8.0,30.0,2.0,2.0,300.0
6401,400.0,20.0,20.0,30.0,6.0,2.0,300.0
6402,430.0,5.0,20.0,50.0,2.0,2.0,300.0
6403,250.0,5.0,8.0,30.0,2.0,2.0,300.0
6404,430.0,5.0,20.0,50.0,2.0,2.0,300.0
6405,480.0,20.0,20.0,50.0,2.0,17.0,300.0
6406,400.0,20.0,20.0,30.0,6.0,2.0,300.0
6407,430.0,5.0,20.0,50.0,2.0,17.0,300.0
6408,400.0,20.0,20.0,30.0,2.0,2.0,300.0
6409,250.0,5.0,8.0,30.0,2.0,2.0,300.0
6410,400.0,20.0,20.0,30.0,2.0,2.0,300.0
6411,480.0,20.0,20.0,50.0,2.0,2.0,300.0
6412,330.0,5.0,8.0,50.0,6.0,17.0,300.0
6413,350.0,5.0,20.0,30.0,2.0,2.0,300.0
6414,400.0,20.0,20.0,30.0,2.0,2.0,300.0
6415,380.0,20.0,8.0,50.0,6.0,2.0,300.0
6416,430.0,5.0,20.0,50.0,2.0,2.0,300.0
6417,350.0,5.0,20.0,30.0,6.0,2.0,300.0
6418,480.0,20.0,20.0,50.0,6.0,2.0,300.0
6419,400.0,20.0,20.0,30.0,2.0,2.0,300.0
6420,400.0,20.0,20.0,30.0,6.0,2.0,300.0
6421,480.0,20.0,20.0,50.0,6.0,17.0,300.0
6422,480.0,20.0,20.0,50.0,6.0,17.0,300.0
6423,250.0,5.0,8.0,30.0,2.0,2.0,300.0
6424,430.0,5.0,20.0,50.0,2.0,2.0,300.0
6425,330.0,5.0,8.0,50.0,2.0,2.0,300.0
6426,400.0,20.0,20.0,30.0,2.0,2.0,300.0
6427,330.0,5.0,8.0,50.0,2.0,2.0,300.0
6428,480.0,20.0,20.0,50.0,2.0,2.0,300.0
6429,480.0,20.0,20.0,50.0,2.0,17.0,300.0
6430,400.0,20.0,20.0,30.0,6.0,2.0,300.0
6431,300.0,20.0,8.0,30.0,2.0,2.0,300.0
6432,250.0,5.0,8.0,30.0,2.0,2.0,300.0
6433,430.0,5.0,20.0,50.0,2.0,17.0,300.0
6434,350.0,5.0,20.0,30.0,6.0,2.0,300.0
6435,250.0,5.0,8.0,30.0,2.0,2.0,300.0
6436,350.0,5.0,20.0,30.0,2.0,2.0,300.0
6437,250.0,5.0,8.0,30.0,2.0,2.0,300.0
6438,350.0,5.0,20.0,30.0,2.0,2.0,300.0
6439,350.0,5.0,20.0,30.0,6.0,2.0,300.0
6440,480.0,20.0,20.0,50.0,2.0,17.0,300.0
6441,400.0,20.0,20.0,30.0,2.0,2.0,300.0
6442,400.0,20.0,20.0,30.0,2.0,2.0,300.0
6443,400.0,20.0,20.0,30.0,2.0,2.0,300.0
6444,350.0,5.0,20.0,30.0,2.0,2.0,300.0
6445,400.0,20.0,20.0,30.0,2.0,2.0,300.0
6446,480.0,20.0,20.0,50.0,2.0,2.0,300.0
6447,480.0,20.0,20.0,50.0,2.0,2.0,300.0
6448,480.0,20.0,20.0,50.0,2.0,17.0,300.0
6449,400.0,20.0,20.0,30.0,2.0,2.0,300.0
6450,430.0,5.0,20.0,50.0,6.0,2.0,300.0
6451,400.0,20.0,20.0,30.0,2.0,2.0,300.0
6452,430.0,5.0,20.0,50.0,2.0,2.0,300.0
6453,430.0,5.0,20.0,50.0,2.0,17.0,300.0
6454,480.0,20.0,20.0,50.0,6.0,2.0,300.0
6455,350.0,5.0,20.0,30.0,2.0,2.0,300.0
6456,430.0,5.0,20.0,50.0,2.0,2.0,300.0
6457,480.0,20.0,20.0,50.0,2.0,2.0,300.0
6458,430.0,5.0,20.0,50.0,2.0,17.0,300.0
6459,300.0,20.0,8.0,30.0,2.0,2.0,300.0
6460,400.0,20.0,20.0,30.0,6.0,2.0,300.0
6461,350.0,5.0,20.0,30.0,2.0,2.0,300.0
6462,430.0,5.0,20.0,50.0,2.0,17.0,300.0
6463,250.0,5.0,8.0,30.0,2.0,2.0,300.0
6464,250.0,5.0,8.0,30.0,2.0,2.0,300.0
6465,430.0,5.0,20.0,50.0,6.0,2.0,300.0
6466,430.0,5.0,20.0,50.0,2.0,2.0,300.0
6467,380.0,20.0,8.0,50.0,2.0,17.0,300.0
6468,480.0,20.0,20.0,50.0,2.0,2.0,300.0
6469,400.0,20.0,20.0,30.0,2.0,2.0,300.0
6470,480.0,20.0,20.0,50.0,6.0,2.0,300.0
6471,480.0,20.0,20.0,50.0,2.0,2.0,300.0
6472,480.0,20.0,20.0,50.0,2.0,2.0,300.0
6473,250.0,5.0,8.0,30.0,2.0,2.0,300.0
6474,430.0,5.0,20.0,50.0,2.0,17.0,300.0
6475,430.0,5.0,20.0,50.0,2.0,2.0,300.0
6476,400.0,20.0,20.0,30.0,2.0,2.0,300.0
6477,250.0,5.0,8.0,30.0,2.0,2.0,300.0
6478,430.0,5.0,20.0,50.0,2.0,2.0,300.0
6479,350.0,5.0,20.0,30.0,2.0,2.0,300.0
6480,430.0,5.0,20.0,50.0,2.0,17.0,300.0
6481,400.0,20.0,20.0,30.0,2.0,2.0,300.0
6482,350.0,5.0,20.0,30.0,2.0,2.0,300.0
6483,430.0,5.0,20.0,50.0,2.0,2.0,300.0
6484,400.0,20.0,20.0,30.0,2.0,2.0,300.0
6485,250.0,5.0,8.0,30.0,2.0,2.0,300.0
6486,350.0,5.0,20.0,30.0,2.0,2.0,300.0
6487,400.0,20.0,20.0,30.0,2.0,2.0,300.0
6488,430.0,5.0,20.0,50.0,2.0,17.0,300.0
6489,350.0,5.0,20.0,30.0,2.0,2.0,300.0
6490,430.0,5.0,20.0,50.0,2.0,2.0,300.0
6491,250.0,5.0,8.0,30.0,2.0,2.0,300.0
6492,250.0,5.0,8.0,30.0,6.0,2.0,300.0
6493,350.0,5.0,20.0,30.0,6.0,2.0,300.0
6494,350.0,5.0,20.0,30.0,2.0,2.0,300.0
6495,350.0,5.0,20.0,30.0,2.0,2.0,300.0
6496,300.0,20.0,8.0,30.0,2.0,2.0,300.0
6497,330.0,5.0,8.0,50.0,2.0,2.0,300.0
6498,430.0,5.0,20.0,50.0,2.0,2.0,300.0
6499,430.0,5.0,20.0,50.0,2.0,2.0,300.0
6500,480.0,20.0,20.0,50.0,2.0,17.0,300.0
6501,330.0,5.0,8.0,50.0,2.0,17.0,300.0
6502,400.0,20.0,20.0,30.0,2.0,2.0,300.0
6503,350.0,5.0,20.0,30.0,2.0,2.0,300.0
6504,400.0,20.0,20.0,30.0,2.0,2.0,300.0
6505,250.0,5.0,8.0,30.0,2.0,2.0,300.0
6506,430.0,5.0,20.0,50.0,2.0,2.0,300.0
6507,480.0,20.0,20.0,50.0,2.0,2.0,300.0
6508,430.0,5.0,20.0,50.0,6.0,2.0,300.0
6509,350.0,5.0,20.0,30.0,2.0,2.0,300.0
6510,400.0,20.0,20.0,30.0,6.0,2.0,300.0
6511,350.0,5.0,20.0,30.0,6.0,2.0,300.0
6512,430.0,5.0,20.0,50.0,6.0,17.0,300.0
6513,400.0,20.0,20.0,30.0,2.0,2.0,300.0
6514,430.0,5.0,20.0,50.0,2.0,17.0,300.0
6515,480.0,20.0,20.0,50.0,2.0,2.0,300.0
6516,250.0,5.0,8.0,30.0,2.0,2.0,300.0
6517,330.0,5.0,8.0,50.0,2.0,2.0,300.0
6518,400.0,20.0,20.0,30.0,6.0,2.0,300.0
6519,300.0,20.0,8.0,30.0,2.0,2.0,300.0
6520,430.0,5.0,20.0,50.0,2.0,2.0,300.0
6521,300.0,20.0,8.0,30.0,2.0,2.0,300.0
6522,430.0,5.0,20.0,50.0,6.0,17.0,300.0
6523,430.0,5.0,20.0,50.0,2.0,2.0,300.0
6524,430.0,5.0,20.0,50.0,2.0,2.0,300.0
6525,480.0,20.0,20.0,50.0,6.0,2.0,300.0
6526,250.0,5.0,8.0,30.0,2.0,2.0,300.0
6527,250.0,5.0,8.0,30.0,2.0,2.0,300.0
6528,430.0,5.0,20.0,50.0,2.0,17.0,300.0
6529,400.0,20.0,20.0,30.0,2.0,2.0,300.0
6530,350.0,5.0,20.0,30.0,2.0,2.0,300.0
6531,480.0,20.0,20.0,50.0,2.0,2.0,300.0
6532,350.0,5.0,20.0,30.0,2.0,2.0,300.0
6533,300.0,20.0,8.0,30.0,2.0,2.0,300.0
6534,400.0,20.0,20.0,30.0,2.0,2.0,300.0
6535,380.0,20.0,8.0,50.0,6.0,17.0,300.0
6536,250.0,5.0,8.0,30.0,2.0,2.0,300.0
6537,400.0,20.0,20.0,30.0,6.0,2.0,300.0
6538,430.0,5.0,20.0,50.0,6.0,2.0,300.0
6539,400.0,20.0,20.0,30.0,2.0,2.0,300.0
6540,430.0,5.0,20.0,50.0,2.0,17.0,300.0
6541,350.0,5.0,20.0,30.0,2.0,2.0,300.0
6542,350.0,5.0,20.0,30.0,2.0,2.0,300.0
6543,400.0,20.0,20.0,30.0,2.0,2.0,300.0
6544,400.0,20.0,20.0,30.0,6.0,2.0,300.0
6545,430.0,5.0,20.0,50.0,2.0,17.0,300.0
6546,400.0,20.0,20.0,30.0,2.0,2.0,300.0
6547,350.0,5.0,20.0,30.0,2.0,2.0,300.0
6548,400.0,20.0,20.0,30.0,2.0,2.0,300.0
6549,480.0,20.0,20.0,50.0,6.0,17.0,300.0
6550,330.0,5.0,8.0,50.0,2.0,17.0,300.0
6551,400.0,20.0,20.0,30.0,6.0,2.0,300.0
6552,300.0,20.0,8.0,30.0,6.0,2.0,300.0
6553,400.0,20.0,20.0,30.0,2.0,2.0,300.0
6554,300.0,20.0,8.0,30.0,6.0,2.0,300.0
6555,400.0,20.0,20.0,30.0,2.0,2.0,300.0
6556,400.0,20.0,20.0,30.0,2.0,2.0,300.0
6557,300.0,20.0,8.0,30.0,2.0,2.0,300.0
6558,430.0,5.0,20.0,50.0,2.0,2.0,300.0
6559,430.0,5.0,20.0,50.0,2.0,17.0,300.0
6560,480.0,20.0,20.0,50.0,2.0,2.0,300.0
6561,480.0,20.0,20.0,50.0,2.0,17.0,300.0
6562,430.0,5.0,20.0,50.0,2.0,2.0,300.0
6563,480.0,20.0,20.0,50.0,2.0,2.0,300.0
6564,350.0,5.0,20.0,30.0,2.0,2.0,300.0
6565,430.0,5.0,20.0,50.0,2.0,2.0,300.0
6566,400.0,20.0,20.0,30.0,6.0,2.0,300.0
6567,250.0,5.0,8.0,30.0,2.0,2.0,300.0
6568,350.0,5.0,20.0,30.0,2.0,2.0,300.0
6569,430.0,5.0,20.0,50.0,2.0,17.0,300.0
6570,480.0,20.0,20.0,50.0,2.0,17.0,300.0
6571,480.0,20.0,20.0,50.0,2.0,17.0,300.0
6572,400.0,20.0,20.0,30.0,6.0,2.0,300.0
6573,480.0,20.0,20.0,50.0,2.0,2.0,300.0
6574,400.0,20.0,20.0,30.0,6.0,2.0,300.0
6575,430.0,5.0,20.0,50.0,2.0,17.0,300.0
6576,430.0,5.0,20.0,50.0,2.0,2.0,300.0
6577,430.0,5.0,20.0,50.0,2.0,17.0,300.0
6578,430.0,5.0,20.0,50.0,2.0,2.0,300.0
6579,430.0,5.0,20.0,50.0,2.0,2.0,300.0
6580,480.0,20.0,20.0,50.0,6.0,17.0,300.0
6581,350.0,5.0,20.0,30.0,2.0,2.0,300.0
6582,400.0,20.0,20.0,30.0,2.0,2.0,300.0
6583,430.0,5.0,20.0,50.0,2.0,2.0,300.0
6584,350.0,5.0,20.0,30.0,2.0,2.0,300.0
6585,350.0,5.0,20.0,30.0,2.0,2.0,300.0
6586,330.0,5.0,8.0,50.0,2.0,17.0,300.0
6587,400.0,20.0,20.0,30.0,2.0,2.0,300.0
6588,400.0,20.0,20.0,30.0,2.0,2.0,300.0
6589,250.0,5.0,8.0,30.0,2.0,2.0,300.0
6590,480.0,20.0,20.0,50.0,6.0,17.0,300.0
6591,300.0,20.0,8.0,30.0,2.0,2.0,300.0
6592,480.0,20.0,20.0,50.0,6.0,2.0,300.0
6593,350.0,5.0,20.0,30.0,2.0,2.0,300.0
6594,330.0,5.0,8.0,50.0,2.0,17.0,300.0
6595,430.0,5.0,20.0,50.0,2.0,2.0,300.0
6596,350.0,5.0,20.0,30.0,6.0,2.0,300.0
6597,350.0,5.0,20.0,30.0,2.0,2.0,300.0
6598,430.0,5.0,20.0,50.0,2.0,17.0,300.0
6599,430.0,5.0,20.0,50.0,2.0,17.0,300.0
6600,350.0,5.0,20.0,30.0,2.0,2.0,300.0
6601,400.0,20.0,20.0,30.0,2.0,2.0,300.0
6602,350.0,5.0,20.0,30.0,2.0,2.0,300.0
6603,430.0,5.0,20.0,50.0,2.0,17.0,300.0
6604,480.0,20.0,20.0,50.0,6.0,17.0,300.0
6605,430.0,5.0,20.0,50.0,2.0,17.0,300.0
6606,330.0,5.0,8.0,50.0,2.0,2.0,300.0
6607,430.0,5.0,20.0,50.0,2.0,2.0,300.0
6608,430.0,5.0,20.0,50.0,2.0,2.0,300.0
6609,350.0,5.0,20.0,30.0,6.0,2.0,300.0
6610,430.0,5.0,20.0,50.0,2.0,17.0,300.0
6611,350.0,5.0,20.0,30.0,2.0,2.0,300.0
6612,400.0,20.0,20.0,30.0,2.0,2.0,300.0
6613,480.0,20.0,20.0,50.0,2.0,17.0,300.0
6614,430.0,5.0,20.0,50.0,2.0,2.0,300.0
6615,430.0,5.0,20.0,50.0,2.0,17.0,300.0
6616,330.0,5.0,8.0,50.0,2.0,2.0,300.0
6617,430.0,5.0,20.0,50.0,2.0,17.0,300.0
6618,430.0,5.0,20.0,50.0,2.0,17.0,300.0
6619,430.0,5.0,20.0,50.0,2.0,17.0,300.0
6620,330.0,5.0,8.0,50.0,2.0,17.0,300.0
6621,250.0,5.0,8.0,30.0,2.0,2.0,300.0
6622,430.0,5.0,20.0,50.0,2.0,17.0,300.0
6623,400.0,20.0,20.0,30.0,2.0,2.0,300.0
6624,400.0,20.0,20.0,30.0,2.0,2.0,300.0
6625,350.0,5.0,20.0,30.0,2.0,2.0,300.0
6626,480.0,20.0,20.0,50.0,6.0,17.0,300.0
6627,430.0,5.0,20.0,50.0,6.0,2.0,300.0
6628,480.0,20.0,20.0,50.0,2.0,17.0,300.0
6629,330.0,5.0,8.0,50.0,2.0,17.0,300.0
6630,430.0,5.0,20.0,50.0,6.0,2.0,300.0
6631,480.0,20.0,20.0,50.0,2.0,2.0,300.0
6632,480.0,20.0,20.0,50.0,2.0,2.0,300.0
6633,350.0,5.0,20.0,30.0,2.0,2.0,300.0
6634,350.0,5.0,20.0,30.0,2.0,2.0,300.0
6635,350.0,5.0,20.0,30.0,2.0,2.0,300.0
6636,480.0,20.0,20.0,50.0,2.0,17.0,300.0
6637,330.0,5.0,8.0,50.0,2.0,17.0,300.0
6638,350.0,5.0,20.0,30.0,2.0,2.0,300.0
6639,480.0,20.0,20.0,50.0,2.0,2.0,300.0
6640,400.0,20.0,20.0,30.0,2.0,2.0,300.0
6641,430.0,5.0,20.0,50.0,2.0,17.0,300.0
6642,480.0,20.0,20.0,50.0,2.0,2.0,300.0
6643,430.0,5.0,20.0,50.0,2.0,2.0,300.0
6644,330.0,5.0,8.0,50.0,6.0,17.0,300.0
6645,350.0,5.0,20.0,30.0,2.0,2.0,300.0
6646,430.0,5.0,20.0,50.0,2.0,2.0,300.0
6647,350.0,5.0,20.0,30.0,2.0,2.0,300.0
6648,480.0,20.0,20.0,50.0,6.0,2.0,300.0
6649,430.0,5.0,20.0,50.0,2.0,2.0,300.0
6650,400.0,20.0,20.0,30.0,2.0,2.0,300.0
6651,350.0,5.0,20.0,30.0,2.0,2.0,300.0
6652,430.0,5.0,20.0,50.0,6.0,2.0,300.0
6653,430.0,5.0,20.0,50.0,6.0,2.0,300.0
6654,330.0,5.0,8.0,50.0,2.0,2.0,300.0
6655,400.0,20.0,20.0,30.0,6.0,2.0,300.0
6656,480.0,20.0,20.0,50.0,2.0,17.0,300.0
6657,430.0,5.0,20.0,50.0,2.0,17.0,300.0
6658,400.0,20.0,20.0,30.0,2.0,2.0,300.0
6659,480.0,20.0,20.0,50.0,2.0,2.0,300.0
6660,430.0,5.0,20.0,50.0,2.0,17.0,300.0
6661,400.0,20.0,20.0,30.0,2.0,2.0,300.0
6662,350.0,5.0,20.0,30.0,2.0,2.0,300.0
6663,350.0,5.0,20.0,30.0,2.0,2.0,300.0
6664,480.0,20.0,20.0,50.0,2.0,2.0,300.0
6665,400.0,20.0,20.0,30.0,6.0,2.0,300.0
6666,250.0,5.0,8.0,30.0,2.0,2.0,300.0
6667,400.0,20.0,20.0,30.0,2.0,2.0,300.0
6668,480.0,20.0,20.0,50.0,2.0,2.0,300.0
6669,480.0,20.0,20.0,50.0,2.0,2.0,300.0
6670,400.0,20.0,20.0,30.0,2.0,2.0,300.0
6671,250.0,5.0,8.0,30.0,2.0,2.0,300.0
6672,400.0,20.0,20.0,30.0,2.0,2.0,300.0
6673,430.0,5.0,20.0,50.0,6.0,17.0,300.0
6674,400.0,20.0,20.0,30.0,2.0,2.0,300.0
6675,400.0,20.0,20.0,30.0,2.0,2.0,300.0
6676,430.0,5.0,20.0,50.0,2.0,2.0,300.0
6677,480.0,20.0,20.0,50.0,2.0,2.0,300.0
6678,480.0,20.0,20.0,50.0,2.0,2.0,300.0
6679,400.0,20.0,20.0,30.0,2.0,2.0,300.0
6680,300.0,20.0,8.0,30.0,2.0,2.0,300.0
6681,250.0,5.0,8.0,30.0,2.0,2.0,300.0
6682,480.0,20.0,20.0,50.0,2.0,2.0,300.0
6683,480.0,20.0,20.0,50.0,2.0,2.0,300.0
6684,430.0,5.0,20.0,50.0,2.0,2.0,300.0
6685,330.0,5.0,8.0,50.0,2.0,17.0,300.0
6686,430.0,5.0,20.0,50.0,2.0,2.0,300.0
6687,400.0,20.0,20.0,30.0,2.0,2.0,300.0
6688,480.0,20.0,20.0,50.0,2.0,2.0,300.0
6689,400.0,20.0,20.0,30.0,2.0,2.0,300.0
6690,350.0,5.0,20.0,30.0,2.0,2.0,300.0
6691,400.0,20.0,20.0,30.0,2.0,2.0,300.0
6692,400.0,20.0,20.0,30.0,2.0,2.0,300.0
6693,480.0,20.0,20.0,50.0,6.0,17.0,300.0
6694,480.0,20.0,20.0,50.0,2.0,17.0,300.0
6695,430.0,5.0,20.0,50.0,2.0,17.0,300.0
6696,400.0,20.0,20.0,30.0,6.0,2.0,300.0
6697,330.0,5.0,8.0,50.0,2.0,17.0,300.0
6698,400.0,20.0,20.0,30.0,2.0,2.0,300.0
6699,400.0,20.0,20.0,30.0,2.0,2.0,300.0
6700,350.0,5.0,20.0,30.0,2.0,2.0,300.0
6701,480.0,20.0,20.0,50.0,6.0,2.0,300.0
6702,430.0,5.0,20.0,50.0,6.0,2.0,300.0
6703,300.0,20.0,8.0,30.0,2.0,2.0,300.0
6704,480.0,20.0,20.0,50.0,6.0,2.0,300.0
6705,400.0,20.0,20.0,30.0,2.0,2.0,300.0
6706,430.0,5.0,20.0,50.0,2.0,2.0,300.0
6707,430.0,5.0,20.0,50.0,2.0,2.0,300.0
6708,350.0,5.0,20.0,30.0,2.0,2.0,300.0
6709,430.0,5.0,20.0,50.0,2.0,17.0,300.0
6710,380.0,20.0,8.0,50.0,6.0,17.0,300.0
6711,250.0,5.0,8.0,30.0,2.0,2.0,300.0
6712,400.0,20.0,20.0,30.0,2.0,2.0,300.0
6713,430.0,5.0,20.0,50.0,2.0,2.0,300.0
6714,400.0,20.0,20.0,30.0,6.0,2.0,300.0
6715,430.0,5.0,20.0,50.0,6.0,2.0,300.0
6716,480.0,20.0,20.0,50.0,2.0,17.0,300.0
6717,430.0,5.0,20.0,50.0,2.0,17.0,300.0
6718,480.0,20.0,20.0,50.0,6.0,2.0,300.0
6719,400.0,20.0,20.0,30.0,2.0,2.0,300.0
6720,330.0,5.0,8.0,50.0,6.0,2.0,300.0
6721,250.0,5.0,8.0,30.0,2.0,2.0,300.0
6722,400.0,20.0,20.0,30.0,2.0,2.0,300.0
6723,400.0,20.0,20.0,30.0,2.0,2.0,300.0
6724,430.0,5.0,20.0,50.0,2.0,2.0,300.0
6725,330.0,5.0,8.0,50.0,2.0,17.0,300.0
6726,430.0,5.0,20.0,50.0,2.0,17.0,300.0
6727,250.0,5.0,8.0,30.0,2.0,2.0,300.0
6728,480.0,20.0,20.0,50.0,2.0,17.0,300.0
6729,250.0,5.0,8.0,30.0,2.0,2.0,300.0
6730,400.0,20.0,20.0,30.0,2.0,2.0,300.0
6731,480.0,20.0,20.0,50.0,6.0,2.0,300.0
6732,480.0,20.0,20.0,50.0,6.0,17.0,300.0
6733,400.0,20.0,20.0,30.0,2.0,2.0,300.0
6734,480.0,20.0,20.0,50.0,2.0,17.0,300.0
6735,480.0,20.0,20.0,50.0,2.0,2.0,300.0
6736,480.0,20.0,20.0,50.0,2.0,17.0,300.0
6737,480.0,20.0,20.0,50.0,2.0,17.0,300.0
6738,430.0,5.0,20.0,50.0,2.0,2.0,300.0
6739,250.0,5.0,8.0,30.0,2.0,2.0,300.0
6740,350.0,5.0,20.0,30.0,2.0,2.0,300.0
6741,430.0,5.0,20.0,50.0,2.0,2.0,300.0
6742,480.0,20.0,20.0,50.0,6.0,2.0,300.0
6743,250.0,5.0,8.0,30.0,2.0,2.0,300.0
6744,350.0,5.0,20.0,30.0,6.0,2.0,300.0
6745,300.0,20.0,8.0,30.0,2.0,2.0,300.0
6746,250.0,5.0,8.0,30.0,2.0,2.0,300.0
6747,430.0,5.0,20.0,50.0,6.0,2.0,300.0
6748,430.0,5.0,20.0,50.0,2.0,17.0,300.0
6749,300.0,20.0,8.0,30.0,2.0,2.0,300.0
6750,300.0,20.0,8.0,30.0,2.0,2.0,300.0
6751,480.0,20.0,20.0,50.0,2.0,17.0,300.0
6752,350.0,5.0,20.0,30.0,2.0,2.0,300.0
6753,330.0,5.0,8.0,50.0,2.0,17.0,300.0
6754,430.0,5.0,20.0,50.0,6.0,17.0,300.0
6755,350.0,5.0,20.0,30.0,6.0,2.0,300.0
6756,480.0,20.0,20.0,50.0,2.0,17.0,300.0
6757,400.0,20.0,20.0,30.0,2.0,2.0,300.0
6758,430.0,5.0,20.0,50.0,2.0,2.0,300.0
6759,250.0,5.0,8.0,30.0,2.0,2.0,300.0
6760,480.0,20.0,20.0,50.0,2.0,17.0,300.0
6761,350.0,5.0,20.0,30.0,2.0,2.0,300.0
6762,350.0,5.0,20.0,30.0,6.0,2.0,300.0
6763,430.0,5.0,20.0,50.0,2.0,17.0,300.0
6764,400.0,20.0,20.0,30.0,2.0,2.0,300.0
6765,350.0,5.0,20.0,30.0,6.0,2.0,300.0
6766,430.0,5.0,20.0,50.0,2.0,17.0,300.0
6767,430.0,5.0,20.0,50.0,2.0,2.0,300.0
6768,400.0,20.0,20.0,30.0,2.0,2.0,300.0
6769,480.0,20.0,20.0,50.0,2.0,17.0,300.0
6770,250.0,5.0,8.0,30.0,2.0,2.0,300.0
6771,480.0,20.0,20.0,50.0,2.0,17.0,300.0
6772,430.0,5.0,20.0,50.0,6.0,2.0,300.0
6773,330.0,5.0,8.0,50.0,2.0,17.0,300.0
6774,400.0,20.0,20.0,30.0,6.0,2.0,300.0
6775,250.0,5.0,8.0,30.0,2.0,2.0,300.0
6776,430.0,5.0,20.0,50.0,2.0,17.0,300.0
6777,400.0,20.0,20.0,30.0,6.0,2.0,300.0
6778,250.0,5.0,8.0,30.0,2.0,2.0,300.0
6779,250.0,5.0,8.0,30.0,2.0,2.0,300.0
6780,480.0,20.0,20.0,50.0,6.0,17.0,300.0
6781,250.0,5.0,8.0,30.0,2.0,2.0,300.0
6782,430.0,5.0,20.0,50.0,6.0,2.0,300.0
6783,250.0,5.0,8.0,30.0,2.0,2.0,300.0
6784,480.0,20.0,20.0,50.0,2.0,2.0,300.0
6785,250.0,5.0,8.0,30.0,2.0,2.0,300.0
6786,430.0,5.0,20.0,50.0,2.0,2.0,300.0
6787,350.0,5.0,20.0,30.0,2.0,2.0,300.0
6788,250.0,5.0,8.0,30.0,2.0,2.0,300.0
6789,400.0,20.0,20.0,30.0,2.0,2.0,300.0
6790,350.0,5.0,20.0,30.0,2.0,2.0,300.0
6791,430.0,5.0,20.0,50.0,2.0,17.0,300.0
6792,330.0,5.0,8.0,50.0,2.0,17.0,300.0
6793,300.0,20.0,8.0,30.0,2.0,2.0,300.0
6794,250.0,5.0,8.0,30.0,2.0,2.0,300.0
6795,400.0,20.0,20.0,30.0,2.0,2.0,300.0
6796,430.0,5.0,20.0,50.0,6.0,2.0,300.0
6797,400.0,20.0,20.0,30.0,2.0,2.0,300.0
6798,350.0,5.0,20.0,30.0,6.0,2.0,300.0
6799,250.0,5.0,8.0,30.0,2.0,2.0,300.0
6800,430.0,5.0,20.0,50.0,2.0,17.0,300.0
6801,400.0,20.0,20.0,30.0,2.0,2.0,300.0
6802,400.0,20.0,20.0,30.0,2.0,2.0,300.0
6803,400.0,20.0,20.0,30.0,2.0,2.0,300.0
6804,250.0,5.0,8.0,30.0,2.0,2.0,300.0
6805,400.0,20.0,20.0,30.0,2.0,2.0,300.0
6806,250.0,5.0,8.0,30.0,2.0,2.0,300.0
6807,430.0,5.0,20.0,50.0,2.0,2.0,300.0
6808,400.0,20.0,20.0,30.0,6.0,2.0,300.0
6809,350.0,5.0,20.0,30.0,2.0,2.0,300.0
6810,480.0,20.0,20.0,50.0,6.0,2.0,300.0
6811,480.0,20.0,20.0,50.0,2.0,2.0,300.0
6812,480.0,20.0,20.0,50.0,2.0,17.0,300.0
6813,350.0,5.0,20.0,30.0,2.0,2.0,300.0
6814,400.0,20.0,20.0,30.0,6.0,2.0,300.0
6815,480.0,20.0,20.0,50.0,2.0,17.0,300.0
6816,430.0,5.0,20.0,50.0,6.0,2.0,300.0
6817,480.0,20.0,20.0,50.0,2.0,17.0,300.0
6818,430.0,5.0,20.0,50.0,6.0,2.0,300.0
6819,430.0,5.0,20.0,50.0,2.0,2.0,300.0
6820,250.0,5.0,8.0,30.0,2.0,2.0,300.0
6821,430.0,5.0,20.0,50.0,2.0,2.0,300.0
6822,430.0,5.0,20.0,50.0,2.0,2.0,300.0
6823,400.0,20.0,20.0,30.0,2.0,2.0,300.0
6824,430.0,5.0,20.0,50.0,2.0,17.0,300.0
6825,430.0,5.0,20.0,50.0,2.0,17.0,300.0
6826,250.0,5.0,8.0,30.0,2.0,2.0,300.0
6827,250.0,5.0,8.0,30.0,2.0,2.0,300.0
6828,400.0,20.0,20.0,30.0,2.0,2.0,300.0
6829,430.0,5.0,20.0,50.0,2.0,17.0,300.0
6830,350.0,5.0,20.0,30.0,2.0,2.0,300.0
6831,430.0,5.0,20.0,50.0,6.0,2.0,300.0
6832,350.0,5.0,20.0,30.0,6.0,2.0,300.0
6833,400.0,20.0,20.0,30.0,2.0,2.0,300.0
6834,250.0,5.0,8.0,30.0,2.0,2.0,300.0
6835,350.0,5.0,20.0,30.0,2.0,2.0,300.0
6836,250.0,5.0,8.0,30.0,2.0,2.0,300.0
6837,250.0,5.0,8.0,30.0,2.0,2.0,300.0
6838,480.0,20.0,20.0,50.0,2.0,2.0,300.0
6839,250.0,5.0,8.0,30.0,2.0,2.0,300.0
6840,480.0,20.0,20.0,50.0,2.0,17.0,300.0
6841,250.0,5.0,8.0,30.0,2.0,2.0,300.0
6842,250.0,5.0,8.0,30.0,2.0,2.0,300.0
6843,480.0,20.0,20.0,50.0,2.0,2.0,300.0
6844,350.0,5.0,20.0,30.0,2.0,2.0,300.0
6845,480.0,20.0,20.0,50.0,6.0,2.0,300.0
6846,250.0,5.0,8.0,30.0,2.0,2.0,300.0
6847,350.0,5.0,20.0,30.0,2.0,2.0,300.0
6848,480.0,20.0,20.0,50.0,2.0,2.0,300.0
6849,430.0,5.0,20.0,50.0,6.0,2.0,300.0
6850,480.0,20.0,20.0,50.0,2.0,17.0,300.0
6851,400.0,20.0,20.0,30.0,2.0,2.0,300.0
6852,300.0,20.0,8.0,30.0,2.0,2.0,300.0
6853,250.0,5.0,8.0,30.0,2.0,2.0,300.0
6854,250.0,5.0,8.0,30.0,2.0,2.0,300.0
6855,300.0,20.0,8.0,30.0,6.0,2.0,300.0
6856,250.0,5.0,8.0,30.0,2.0,2.0,300.0
6857,250.0,5.0,8.0,30.0,2.0,2.0,300.0
6858,430.0,5.0,20.0,50.0,2.0,17.0,300.0
6859,330.0,5.0,8.0,50.0,2.0,17.0,300.0
6860,250.0,5.0,8.0,30.0,2.0,2.0,300.0
6861,430.0,5.0,20.0,50.0,2.0,2.0,300.0
6862,400.0,20.0,20.0,30.0,2.0,2.0,300.0
6863,480.0,20.0,20.0,50.0,6.0,2.0,300.0
6864,480.0,20.0,20.0,50.0,2.0,17.0,300.0
6865,480.0,20.0,20.0,50.0,6.0,2.0,300.0
6866,430.0,5.0,20.0,50.0,2.0,17.0,300.0
6867,250.0,5.0,8.0,30.0,2.0,2.0,300.0
6868,250.0,5.0,8.0,30.0,2.0,2.0,300.0
6869,430.0,5.0,20.0,50.0,6.0,2.0,300.0
6870,400.0,20.0,20.0,30.0,2.0,2.0,300.0
6871,250.0,5.0,8.0,30.0,2.0,2.0,300.0
6872,450.0,20.0,20.0,50.0,6.0,2.0,300.0
6873,350.0,5.0,20.0,30.0,2.0,2.0,300.0
6874,480.0,5.0,20.0,50.0,6.0,2.0,300.0
6875,520.0,20.0,20.0,50.0,6.0,17.0,300.0
6876,680.0,20.0,20.0,50.0,6.0,2.0,300.0
6877,420.0,20.0,20.0,30.0,6.0,2.0,300.0
6878,550.0,20.0,20.0,50.0,2.0,2.0,300.0
6879,620.0,20.0,20.0,50.0,2.0,2.0,300.0
6880,380.0,20.0,20.0,50.0,6.0,2.0,300.0
6881,500.0,20.0,20.0,50.0,6.0,2.0,300.0
6882,580.0,20.0,20.0,50.0,6.0,2.0,300.0
6883,280.0,20.0,20.0,30.0,2.0,2.0,300.0
6884,400.0,20.0,20.0,30.0,2.0,2.0,300.0
6885,450.0,20.0,8.0,30.0,2.0,2.0,300.0
6886,380.0,20.0,20.0,50.0,6.0,17.0,300.0
6887,400.0,20.0,8.0,50.0,2.0,2.0,300.0
6888,550.0,20.0,20.0,50.0,2.0,2.0,300.0
6889,650.0,20.0,20.0,30.0,6.0,2.0,300.0
6890,700.0,20.0,8.0,50.0,6.0,2.0,300.0
6891,480.0,5.0,20.0,50.0,2.0,2.0,300.0
6892,600.0,20.0,20.0,50.0,6.0,17.0,300.0
6893,250.0,5.0,20.0,50.0,2.0,2.0,300.0
6894,580.0,20.0,20.0,50.0,6.0,2.0,300.0
6895,520.0,5.0,20.0,50.0,6.0,2.0,300.0
6896,350.0,20.0,20.0,50.0,6.0,17.0,300.0
6897,500.0,20.0,20.0,50.0,6.0,2.0,300.0
6898,420.0,20.0,20.0,50.0,2.0,2.0,300.0
6899,380.0,20.0,20.0,30.0,6.0,2.0,300.0
6900,350.0,20.0,20.0,50.0,2.0,2.0,300.0
6901,320.0,20.0,20.0,30.0,6.0,2.0,300.0
6902,250.0,5.0,20.0,50.0,2.0,17.0,300.0
6903,480.0,20.0,20.0,30.0,6.0,2.0,300.0
6904,600.0,20.0,20.0,30.0,6.0,2.0,300.0
6905,280.0,20.0,8.0,50.0,2.0,17.0,300.0
6906,750.0,20.0,8.0,30.0,2.0,2.0,300.0
6907,220.0,5.0,20.0,30.0,2.0,2.0,300.0
6908,500.0,20.0,20.0,30.0,2.0,2.0,300.0
6909,650.0,20.0,20.0,30.0,2.0,2.0,300.0
6910,300.0,5.0,20.0,50.0,2.0,17.0,300.0
6911,150.0,5.0,20.0,50.0,2.0,2.0,300.0
6912,520.0,20.0,20.0,30.0,2.0,2.0,300.0
6913,400.0,20.0,20.0,30.0,2.0,2.0,300.0
6914,550.0,20.0,20.0,50.0,6.0,2.0,300.0
6915,350.0,20.0,20.0,30.0,6.0,2.0,300.0
6916,380.0,20.0,20.0,30.0,2.0,2.0,300.0
6917,300.0,5.0,20.0,50.0,2.0,2.0,300.0
6918,480.0,20.0,20.0,50.0,2.0,2.0,300.0
6919,500.0,20.0,20.0,50.0,6.0,17.0,300.0
6920,350.0,20.0,20.0,50.0,6.0,17.0,300.0
6921,600.0,20.0,20.0,30.0,6.0,2.0,300.0
6922,250.0,20.0,20.0,30.0,2.0,2.0,300.0
6923,500.0,20.0,20.0,50.0,2.0,2.0,300.0
6924,200.0,20.0,20.0,50.0,2.0,17.0,300.0
6925,300.0,5.0,20.0,50.0,6.0,2.0,300.0
6926,400.0,20.0,20.0,30.0,6.0,2.0,300.0
6927,450.0,20.0,20.0,50.0,2.0,2.0,300.0
6928,550.0,20.0,8.0,30.0,6.0,2.0,300.0
6929,250.0,5.0,8.0,50.0,2.0,2.0,300.0
6930,350.0,5.0,20.0,50.0,2.0,2.0,300.0
6931,400.0,20.0,20.0,50.0,6.0,2.0,300.0
6932,300.0,20.0,8.0,30.0,6.0,2.0,300.0
6933,200.0,20.0,20.0,50.0,2.0,2.0,300.0
6934,320.0,20.0,20.0,30.0,6.0,2.0,300.0
6935,150.0,20.0,20.0,50.0,6.0,2.0,300.0
6936,40.0,20.0,20.0,30.0,6.0,2.0,300.0
6937,400.0,20.0,20.0,50.0,6.0,17.0,300.0
6938,180.0,5.0,20.0,30.0,2.0,2.0,300.0
6939,150.0,5.0,20.0,50.0,2.0,2.0,300.0
6940,450.0,20.0,20.0,50.0,2.0,17.0,300.0
6941,420.0,20.0,20.0,50.0,6.0,17.0,300.0
6942,380.0,20.0,20.0,50.0,6.0,17.0,300.0
6943,450.0,20.0,20.0,30.0,2.0,2.0,300.0
6944,300.0,20.0,8.0,30.0,6.0,2.0,300.0
6945,300.0,20.0,20.0,50.0,2.0,17.0,300.0
6946,550.0,20.0,20.0,50.0,2.0,2.0,300.0
6947,350.0,5.0,20.0,50.0,2.0,17.0,300.0
6948,400.0,20.0,20.0,30.0,6.0,2.0,300.0
6949,250.0,20.0,20.0,30.0,6.0,2.0,300.0
6950,300.0,20.0,20.0,50.0,6.0,2.0,300.0
6951,200.0,20.0,20.0,50.0,2.0,17.0,300.0
6952,280.0,20.0,20.0,50.0,6.0,17.0,300.0
6953,400.0,20.0,8.0,30.0,2.0,2.0,300.0
6954,80.0,20.0,8.0,30.0,2.0,2.0,300.0
6955,450.0,20.0,8.0,50.0,6.0,17.0,300.0
6956,350.0,5.0,20.0,50.0,6.0,17.0,300.0
6957,550.0,20.0,20.0,30.0,2.0,2.0,300.0
6958,100.0,5.0,20.0,50.0,2.0,17.0,300.0
6959,600.0,20.0,20.0,50.0,2.0,2.0,300.0
6960,550.0,20.0,20.0,50.0,6.0,2.0,300.0
6961,200.0,5.0,20.0,50.0,2.0,17.0,300.0
6962,180.0,5.0,20.0,50.0,2.0,2.0,300.0
6963,220.0,20.0,8.0,50.0,2.0,17.0,300.0
6964,180.0,20.0,8.0,30.0,6.0,2.0,300.0
6965,350.0,20.0,8.0,50.0,6.0,2.0,300.0
6966,300.0,20.0,20.0,50.0,2.0,17.0,300.0
6967,350.0,20.0,20.0,50.0,6.0,2.0,300.0
6968,380.0,20.0,20.0,50.0,2.0,2.0,300.0
6969,300.0,5.0,20.0,50.0,2.0,17.0,300.0
6970,250.0,5.0,8.0,30.0,2.0,2.0,300.0
6971,300.0,20.0,20.0,30.0,2.0,2.0,300.0
6972,50.0,5.0,20.0,50.0,6.0,17.0,300.0
6973,400.0,20.0,20.0,50.0,6.0,2.0,300.0
6974,350.0,5.0,8.0,50.0,2.0,2.0,300.0
6975,200.0,5.0,8.0,50.0,2.0,2.0,300.0
6976,150.0,5.0,20.0,50.0,2.0,17.0,300.0
6977,380.0,20.0,8.0,50.0,6.0,2.0,300.0
6978,320.0,20.0,20.0,50.0,2.0,17.0,300.0
6979,580.0,20.0,20.0,50.0,2.0,2.0,300.0
6980,330.0,5.0,8.0,50.0,2.0,17.0,300.0
6981,200.0,20.0,20.0,50.0,6.0,2.0,300.0
6982,350.0,20.0,20.0,50.0,2.0,17.0,300.0
6983,120.0,5.0,20.0,50.0,2.0,2.0,300.0
6984,250.0,5.0,20.0,50.0,2.0,2.0,300.0
6985,450.0,20.0,8.0,50.0,6.0,2.0,300.0
6986,330.0,5.0,8.0,50.0,2.0,17.0,300.0
6987,450.0,20.0,20.0,50.0,6.0,17.0,300.0
6988,320.0,20.0,20.0,30.0,2.0,2.0,300.0
6989,400.0,5.0,20.0,50.0,2.0,2.0,300.0
6990,380.0,20.0,20.0,50.0,6.0,2.0,300.0
6991,350.0,20.0,20.0,30.0,2.0,2.0,300.0
6992,250.0,20.0,20.0,50.0,6.0,2.0,300.0
6993,400.0,20.0,20.0,50.0,6.0,17.0,300.0
6994,150.0,5.0,20.0,30.0,6.0,2.0,300.0
6995,520.0,20.0,20.0,50.0,6.0,2.0,300.0
6996,300.0,20.0,20.0,50.0,6.0,2.0,300.0
6997,200.0,5.0,20.0,30.0,2.0,2.0,300.0
6998,350.0,20.0,8.0,50.0,6.0,2.0,300.0
6999,280.0,20.0,8.0,50.0,2.0,2.0,300.0
7000,350.0,20.0,8.0,50.0,6.0,17.0,300.0
7001,400.0,20.0,20.0,50.0,2.0,2.0,300.0
7002,350.0,5.0,20.0,30.0,2.0,2.0,300.0
7003,434.0,5.0,20.0,30.0,2.0,2.0,300.0
7004,231.0,5.0,8.0,50.0,2.0,17.0,300.0
7005,709.0,5.0,20.0,50.0,2.0,2.0,300.0
7006,383.0,5.0,20.0,50.0,2.0,2.0,300.0
7007,400.0,20.0,8.0,30.0,2.0,2.0,300.0
7008,224.0,5.0,8.0,50.0,2.0,2.0,300.0
7009,539.0,5.0,20.0,50.0,2.0,2.0,300.0
7010,372.0,5.0,20.0,50.0,2.0,2.0,300.0
7011,492.0,20.0,8.0,50.0,6.0,2.0,300.0
7012,234.0,20.0,8.0,30.0,2.0,2.0,300.0
7013,784.0,20.0,8.0,30.0,2.0,2.0,300.0
7014,413.0,20.0,20.0,30.0,6.0,2.0,300.0
7015,299.0,5.0,8.0,30.0,2.0,2.0,300.0
7016,430.0,20.0,20.0,50.0,6.0,2.0,300.0
7017,555.0,5.0,8.0,50.0,2.0,2.0,300.0
7018,712.0,20.0,8.0,30.0,6.0,2.0,300.0
7019,428.0,5.0,20.0,30.0,2.0,2.0,300.0
7020,220.0,5.0,20.0,50.0,2.0,2.0,300.0
7021,392.0,20.0,8.0,30.0,2.0,2.0,300.0
7022,397.0,5.0,8.0,50.0,2.0,2.0,300.0
7023,550.0,5.0,8.0,30.0,2.0,2.0,300.0
7024,782.0,5.0,20.0,50.0,2.0,2.0,300.0
7025,562.0,20.0,20.0,30.0,2.0,2.0,300.0
7026,510.0,5.0,8.0,50.0,2.0,2.0,300.0
7027,595.0,5.0,20.0,30.0,2.0,2.0,300.0
7028,229.0,20.0,20.0,30.0,2.0,2.0,300.0
7029,437.0,5.0,20.0,30.0,2.0,2.0,300.0
7030,389.0,5.0,20.0,30.0,2.0,2.0,300.0
7031,749.0,20.0,8.0,30.0,2.0,2.0,300.0
7032,321.0,20.0,8.0,50.0,6.0,2.0,300.0
